# Converted from .3ma

o Mesh0
v 1.161 4.0305 0.0008
v 1.161 3.7188 -0.0528
v 1.161 3.7338 0.1103
v 1.161 3.7873 -0.2015
v 1.161 3.9211 -0.296
v 1.161 4.0841 -0.311
v 1.161 4.2328 -0.2425
v 1.161 4.3273 -0.1088
v 1.161 4.3423 0.0543
v 1.161 4.2738 0.203
v 1.161 4.1401 0.2975
v 1.161 3.9771 0.3125
v 1.161 3.8283 0.244
v 2.4363 3.7188 0.0543
v 2.4363 3.7873 0.203
v 2.4363 3.7338 -0.1088
v 2.4363 3.8283 -0.2425
v 2.4363 3.9771 -0.311
v 2.4363 4.1401 -0.296
v 2.4363 4.2738 -0.2015
v 2.4363 4.3423 -0.0528
v 2.4363 4.3273 0.1103
v 2.4363 4.2328 0.244
v 2.4363 4.0841 0.3125
v 2.4363 3.9211 0.2975
v 2.4363 4.0306 0.0008
v 2.4363 4.2328 -0.2425
v 1.161 4.1401 -0.296
v 1.161 4.1659 -0.2337
v 2.4363 4.3273 -0.1088
v 1.161 4.2738 -0.2015
v 1.161 4.265 -0.1346
v 2.4363 4.3423 0.0543
v 1.161 4.3423 -0.0528
v 1.161 4.3013 0.0008
v 2.4363 4.2738 0.203
v 1.161 4.3273 0.1103
v 1.161 4.265 0.1361
v 2.4363 4.1401 0.2975
v 1.161 4.2328 0.244
v 1.161 4.1659 0.2352
v 2.4363 3.9771 0.3125
v 1.161 4.0841 0.3125
v 1.161 4.0306 0.2714
v 2.4363 3.8283 0.244
v 1.161 3.9211 0.2975
v 1.161 3.8952 0.2352
v 2.4363 3.7338 0.1103
v 1.161 3.7873 0.203
v 1.161 3.7962 0.1361
v 2.4363 3.7188 -0.0528
v 1.161 3.7188 0.0543
v 1.161 3.7599 0.0008
v 2.4363 3.7873 -0.2015
v 1.161 3.7338 -0.1088
v 1.161 3.7962 -0.1346
v 2.4363 3.9211 -0.296
v 1.161 3.8283 -0.2425
v 1.161 3.8952 -0.2337
v 2.4363 4.0841 -0.311
v 1.161 3.9771 -0.311
v 1.161 4.0306 -0.2699
v 2.4363 4.1742 -0.2837
v 2.4363 4.2051 -0.2658
v 1.161 4.1742 -0.2837
v 1.161 4.2051 -0.2658
v 2.4363 4.2972 -0.1738
v 2.4363 4.315 -0.1429
v 1.161 4.2972 -0.1738
v 1.161 4.315 -0.1429
v 2.4363 4.3487 -0.0171
v 2.4363 4.3487 0.0186
v 1.161 4.3487 -0.0171
v 1.161 4.3487 0.0186
v 2.4363 4.315 0.1444
v 2.4363 4.2972 0.1753
v 1.161 4.315 0.1444
v 1.161 4.2972 0.1753
v 2.4363 4.2051 0.2673
v 2.4363 4.1742 0.2852
v 1.161 4.2051 0.2673
v 1.161 4.1742 0.2852
v 2.4363 4.0484 0.3189
v 2.4363 4.0127 0.3189
v 1.161 4.0484 0.3189
v 1.161 4.0127 0.3189
v 2.4363 3.887 0.2852
v 2.4363 3.8561 0.2673
v 1.161 3.887 0.2852
v 1.161 3.8561 0.2673
v 1.161 3.7461 0.1444
v 1.161 3.764 0.1753
v 2.4363 3.7461 0.1444
v 2.4363 3.764 0.1753
v 2.4363 3.7124 0.0186
v 2.4363 3.7124 -0.0171
v 1.161 3.7124 0.0186
v 1.161 3.7124 -0.0171
v 2.4363 3.7461 -0.1429
v 2.4363 3.764 -0.1738
v 1.161 3.7461 -0.1429
v 1.161 3.764 -0.1738
v 2.4363 3.8561 -0.2658
v 2.4363 3.887 -0.2837
v 1.161 3.8561 -0.2658
v 1.161 3.887 -0.2837
v 2.4363 4.0127 -0.3174
v 2.4363 4.0484 -0.3174
v 1.161 4.0127 -0.3174
v 1.161 4.0484 -0.3174
v 2.5884 3.7713 0.0008
v 2.5884 3.8061 0.1304
v 2.5884 3.8061 -0.1289
v 2.5884 3.901 -0.2238
v 2.5884 4.0306 -0.2585
v 2.5884 4.1602 -0.2238
v 2.5884 4.2551 -0.1289
v 2.5884 4.2898 0.0008
v 2.5884 4.2551 0.1304
v 2.5884 4.1602 0.2253
v 2.5884 4.0306 0.26
v 2.5884 3.901 0.2253
v 0.4126 3.4166 0.0008
v 0.4126 3.4685 0.1945
v 0.4126 3.4685 -0.193
v 0.4126 3.6104 -0.3349
v 0.4126 3.8042 -0.3868
v 0.4126 3.998 -0.3349
v 0.4126 4.1398 -0.193
v 0.4126 4.1918 0.0008
v 0.4126 4.1398 0.1945
v 0.4126 3.998 0.3364
v 0.4126 3.8042 0.3883
v 0.4126 3.6104 0.3364
v 0.9784 3.7713 0.0008
v 0.9784 3.8061 0.1304
v 0.9784 3.8061 -0.1289
v 0.9784 3.901 -0.2238
v 0.9784 4.0306 -0.2585
v 0.9784 4.1602 -0.2238
v 0.9784 4.2551 -0.1289
v 0.9784 4.2898 0.0008
v 0.9784 4.2551 0.1304
v 0.9784 4.1602 0.2253
v 0.9784 4.0306 0.26
v 0.9784 3.901 0.2253
v 0.5277 3.7206 -0.2238
v 0.5277 3.8502 -0.2585
v 0.5277 3.6257 -0.1289
v 0.5277 3.591 0.0008
v 0.5277 3.6257 0.1304
v 0.5277 3.7206 0.2253
v 0.5277 3.8502 0.26
v 0.5277 3.9799 0.2253
v 0.5277 4.0747 0.1304
v 0.5277 4.1095 0.0008
v 0.5277 4.0747 -0.1289
v 0.5277 3.9799 -0.2238
v 0.4198 3.6413 -0.2863
v 0.4414 3.67 -0.2515
v 0.4773 3.6965 -0.2307
v 0.4198 3.52 -0.165
v 0.4414 3.5634 -0.1449
v 0.4773 3.5986 -0.1329
v 0.4198 3.4756 0.0008
v 0.4414 3.5244 0.0008
v 0.4773 3.5628 0.0008
v 0.4198 3.52 0.1665
v 0.4414 3.5634 0.1464
v 0.4773 3.5986 0.1344
v 0.4198 3.6413 0.2878
v 0.4414 3.67 0.2531
v 0.4773 3.6965 0.2322
v 0.4198 3.8071 0.3322
v 0.4414 3.8157 0.2921
v 0.4773 3.8301 0.268
v 0.4198 3.9728 0.2878
v 0.4414 3.9614 0.2531
v 0.4773 3.9637 0.2322
v 0.4198 4.0941 0.1665
v 0.4414 4.068 0.1464
v 0.4773 4.0615 0.1344
v 0.4198 4.1385 0.0008
v 0.4414 4.107 0.0008
v 0.4773 4.0973 0.0008
v 0.4198 4.0941 -0.165
v 0.4414 4.068 -0.1449
v 0.4773 4.0615 -0.1329
v 0.4198 3.8071 -0.3307
v 0.4414 3.8157 -0.2906
v 0.4773 3.8301 -0.2665
v 0.4198 3.9728 -0.2863
v 0.4414 3.9614 -0.2515
v 0.4773 3.9637 -0.2307
v 2.6847 4.1103 -0.1374
v 2.6847 4.1687 -0.079
v 2.6847 4.1901 0.0008
v 2.6847 4.1687 0.0805
v 2.6847 4.1103 0.1389
v 2.6847 4.0306 0.1603
v 2.6847 3.9509 0.1389
v 2.6847 3.8924 0.0805
v 2.6847 3.871 0.0008
v 2.6847 3.8925 -0.079
v 2.6847 3.9509 -0.1374
v 2.6847 4.0306 -0.1588
v 2.6419 4.2455 -0.1234
v 2.674 4.2167 -0.1067
v 2.6419 4.2787 0.0008
v 2.674 4.2455 0.0008
v 2.6419 4.2455 0.1249
v 2.674 4.2167 0.1082
v 2.6419 4.1547 0.2157
v 2.674 4.138 0.1869
v 2.6419 4.0306 0.2489
v 2.674 4.0306 0.2157
v 2.6419 3.9065 0.2157
v 2.674 3.9232 0.1869
v 2.6419 3.8157 0.1249
v 2.674 3.8445 0.1082
v 2.6419 3.7824 0.0008
v 2.674 3.8156 0.0008
v 2.6419 3.8157 -0.1234
v 2.674 3.8445 -0.1067
v 2.6419 3.9065 -0.2142
v 2.674 3.9232 -0.1854
v 2.6419 4.0306 -0.2474
v 2.674 4.0306 -0.2142
v 2.6419 4.1547 -0.2142
v 2.674 4.138 -0.1854
v -0.0027 3.8037 -0.4147
v 0.2045 3.8037 -0.359
v -0.2098 3.8037 -0.359
v -0.3615 3.8037 -0.2069
v -0.417 3.8037 0.001
v -0.3615 3.8037 0.2089
v -0.2098 3.8037 0.361
v -0.0027 3.8037 0.4167
v 0.2045 3.8037 0.361
v 0.3562 3.8037 0.2089
v 0.4117 3.8037 0.001
v 0.3562 3.8037 -0.2069
v 0.3094 -0.4774 -0.1798
v 0.3577 -0.4774 0.001
v 0.3094 -0.4774 0.1818
v 0.1775 -0.4774 0.3141
v -0.0027 -0.4774 0.3625
v -0.1828 -0.4774 0.3141
v -0.3147 -0.4774 0.1818
v -0.363 -0.4774 0.001
v -0.3147 -0.4774 -0.1798
v -0.1828 -0.4774 -0.3121
v -0.0027 -0.4774 -0.3605
v 0.1775 -0.4774 -0.3121
v -0.0027 3.8037 0.001
v -0.0027 3.8037 0.001
v -0.0027 3.8037 -0.4147
v 0.2045 3.8037 -0.359
v 0.3562 3.8037 -0.2069
v 0.4117 3.8037 0.001
v 0.3562 3.8037 0.2089
v 0.2045 3.8037 0.361
v -0.0027 3.8037 0.4167
v 0.495 -3.3671 0.001
v 0.4283 -3.3671 -0.2485
v 0.2462 -3.3671 -0.4312
v -0.0027 -3.3671 -0.498
v -0.2515 -3.3671 -0.4312
v -0.4337 -3.3671 -0.2485
v -0.5003 -3.3671 0.001
v -0.4337 -3.3671 0.2505
v -0.2515 -3.3671 0.4332
v -0.0027 -3.3671 0.5
v 0.2462 -3.3671 0.4332
v 0.4283 -3.3671 0.2505
v -0.0027 -3.1136 -0.3975
v 0.1961 -3.1136 -0.3441
v -0.2014 -3.1136 -0.3441
v -0.3468 -3.1136 -0.1983
v -0.4001 -3.1136 0.001
v -0.3468 -3.1136 0.2003
v -0.2014 -3.1136 0.3461
v -0.0027 -3.1136 0.3995
v 0.1961 -3.1136 0.3461
v 0.3415 -3.1136 0.2003
v 0.3948 -3.1136 0.001
v 0.3415 -3.1136 -0.1983
v -0.0027 -3.1136 0.001
v 0.3858 -3.1136 0.001
v 0.3337 -3.1136 0.196
v 0.3337 -3.1136 -0.194
v 0.1915 -3.1136 0.3386
v -0.0027 -3.1136 0.3908
v -0.1968 -3.1136 0.3386
v -0.339 -3.1136 0.196
v -0.3911 -3.1136 0.001
v -0.339 -3.1136 -0.194
v -0.1968 -3.1136 -0.3366
v -0.0027 -3.1136 -0.3888
v 0.1915 -3.1136 -0.3366
v 0.0001 -3.4726 -0.0023
v 0.3337 -3.4726 -0.194
v 0.3858 -3.4726 0.001
v 0.1915 -3.4726 -0.3366
v -0.0027 -3.4726 -0.3888
v -0.1968 -3.4726 -0.3366
v -0.339 -3.4726 -0.194
v -0.3911 -3.4726 0.001
v -0.339 -3.4726 0.196
v -0.1968 -3.4726 0.3386
v -0.0027 -3.4726 0.3908
v 0.1915 -3.4726 0.3386
v 0.3337 -3.4726 0.196
v 0.4283 -3.2191 -0.2485
v 0.495 -3.2191 0.001
v 0.2462 -3.2191 -0.4312
v -0.0027 -3.2191 -0.498
v -0.2515 -3.2191 -0.4312
v -0.4337 -3.2191 -0.2485
v -0.5003 -3.2191 0.001
v -0.4337 -3.2191 0.2505
v -0.2515 -3.2191 0.4332
v -0.0027 -3.2191 0.5
v 0.2462 -3.2191 0.4332
v 0.4283 -3.2191 0.2505
v 0.4224 -3.4133 -0.2451
v 0.4047 -3.4462 -0.2349
v 0.3751 -3.466 -0.2179
v 0.2428 -3.4133 -0.4253
v 0.2325 -3.4462 -0.4075
v 0.2154 -3.466 -0.378
v -0.0027 -3.4133 -0.4912
v -0.0027 -3.4462 -0.4707
v -0.0027 -3.466 -0.4366
v -0.2481 -3.4133 -0.4253
v -0.2378 -3.4462 -0.4075
v -0.2207 -3.466 -0.378
v -0.4277 -3.4133 -0.2451
v -0.41 -3.4462 -0.2349
v -0.3804 -3.466 -0.2179
v -0.4935 -3.4133 0.001
v -0.473 -3.4462 0.001
v -0.4389 -3.466 0.001
v -0.4277 -3.4133 0.2471
v -0.41 -3.4462 0.2369
v -0.3804 -3.466 0.2199
v -0.2481 -3.4133 0.4273
v -0.2378 -3.4462 0.4095
v -0.2207 -3.466 0.38
v -0.0027 -3.4133 0.4932
v -0.0027 -3.4462 0.4727
v -0.0027 -3.466 0.4386
v 0.2428 -3.4133 0.4273
v 0.2325 -3.4462 0.4095
v 0.2154 -3.466 0.38
v 0.4882 -3.4133 0.001
v 0.4677 -3.4462 0.001
v 0.4336 -3.466 0.001
v 0.4224 -3.4133 0.2471
v 0.4047 -3.4462 0.2369
v 0.3751 -3.466 0.2199
v 0.3751 -3.1202 -0.2179
v 0.4047 -3.14 -0.2349
v 0.4224 -3.173 -0.2451
v 0.2154 -3.1202 -0.378
v 0.2325 -3.14 -0.4075
v 0.2428 -3.173 -0.4253
v -0.0027 -3.1202 -0.4366
v -0.0027 -3.14 -0.4707
v -0.0027 -3.173 -0.4912
v -0.2207 -3.1202 -0.378
v -0.2378 -3.14 -0.4075
v -0.2481 -3.173 -0.4253
v -0.3804 -3.1202 -0.2179
v -0.41 -3.14 -0.2349
v -0.4277 -3.173 -0.2451
v -0.4389 -3.1202 0.001
v -0.473 -3.14 0.001
v -0.4935 -3.173 0.001
v -0.3804 -3.1202 0.2199
v -0.41 -3.14 0.2369
v -0.4277 -3.173 0.2471
v -0.2207 -3.1202 0.38
v -0.2378 -3.14 0.4095
v -0.2481 -3.173 0.4273
v -0.0027 -3.1202 0.4386
v -0.0027 -3.14 0.4727
v -0.0027 -3.173 0.4932
v 0.2154 -3.1202 0.38
v 0.2325 -3.14 0.4095
v 0.2428 -3.173 0.4273
v 0.4336 -3.1202 0.001
v 0.4677 -3.14 0.001
v 0.4882 -3.173 0.001
v 0.3751 -3.1202 0.2199
v 0.4047 -3.14 0.2369
v 0.4224 -3.173 0.2471
v 0.0 -0.5615 -0.4535
v -0.1736 -0.5376 -0.419
v -0.3207 -0.5138 -0.3207
v -0.419 -0.49 -0.1736
v -0.4535 -0.4661 0.0
v -0.419 -0.4423 0.1736
v -0.3207 -0.4185 0.3207
v -0.1736 -0.3946 0.419
v 0.0 -0.4974 -0.427
v -0.1634 -0.4735 -0.3945
v -0.3019 -0.4497 -0.3019
v -0.3945 -0.4258 -0.1634
v -0.427 -0.402 0.0
v -0.3945 -0.3782 0.1634
v -0.3019 -0.3543 0.3019
v -0.1634 -0.3305 0.3945
v 0.0 -0.4708 -0.3628
v -0.1388 -0.4469 -0.3352
v -0.2566 -0.4231 -0.2566
v -0.3352 -0.3993 -0.1388
v -0.3628 -0.3754 0.0
v -0.3352 -0.3516 0.1388
v -0.2566 -0.3277 0.2566
v -0.1388 -0.3039 0.3352
v 0.0 -0.4974 -0.2987
v -0.1143 -0.4735 -0.2759
v -0.2112 -0.4497 -0.2112
v -0.2759 -0.4258 -0.1143
v -0.2987 -0.402 0.0
v -0.2759 -0.3782 0.1143
v -0.2112 -0.3543 0.2112
v -0.1143 -0.3305 0.2759
v 0.0 -0.5615 -0.2721
v -0.1041 -0.5376 -0.2514
v -0.1924 -0.5138 -0.1924
v -0.2514 -0.49 -0.1041
v -0.2721 -0.4661 0.0
v -0.2514 -0.4423 0.1041
v -0.1924 -0.4185 0.1924
v -0.1041 -0.3946 0.2514
v 0.0 -0.6256 -0.2987
v -0.1143 -0.6018 -0.2759
v -0.2112 -0.578 -0.2112
v -0.2759 -0.5541 -0.1143
v -0.2987 -0.5303 0.0
v -0.2759 -0.5064 0.1143
v -0.2112 -0.4826 0.2112
v -0.1143 -0.4588 0.2759
v 0.0 -0.6522 -0.3628
v -0.1388 -0.6284 -0.3352
v -0.2566 -0.6045 -0.2566
v -0.3352 -0.5807 -0.1388
v -0.3628 -0.5568 0.0
v -0.3352 -0.533 0.1388
v -0.2566 -0.5092 0.2566
v -0.1388 -0.4853 0.3352
v 0.0 -0.6256 -0.427
v -0.1634 -0.6018 -0.3945
v -0.3019 -0.578 -0.3019
v -0.3945 -0.5541 -0.1634
v -0.427 -0.5303 0.0
v -0.3945 -0.5064 0.1634
v -0.3019 -0.4826 0.3019
v -0.1634 -0.4588 0.3945
v 0.4535 -0.6571 0.0
v 0.419 -0.6332 -0.1736
v 0.3207 -0.6094 -0.3207
v 0.1736 -0.5856 -0.419
v 0.0 -0.9432 -0.4535
v -0.1736 -0.9193 -0.419
v -0.3207 -0.8955 -0.3207
v -0.419 -0.8716 -0.1736
v -0.4535 -0.8478 0.0
v -0.419 -0.824 0.1736
v -0.3207 -0.8001 0.3207
v -0.1736 -0.7763 0.419
v 0.0 -0.7524 0.4535
v 0.1736 -0.7286 0.419
v 0.3207 -0.695 0.3207
v 0.419 -0.6809 0.1736
v 0.427 -0.5929 0.0
v 0.3945 -0.5691 -0.1634
v 0.3019 -0.5453 -0.3019
v 0.1634 -0.5214 -0.3945
v 0.0 -0.879 -0.427
v -0.1634 -0.8552 -0.3945
v -0.3019 -0.8313 -0.3019
v -0.3945 -0.8075 -0.1634
v -0.427 -0.7837 0.0
v -0.3945 -0.7598 0.1634
v -0.3019 -0.736 0.3019
v -0.1634 -0.7121 0.3945
v 0.0 -0.6883 0.427
v 0.1634 -0.6645 0.3945
v 0.3019 -0.6309 0.3019
v 0.3945 -0.6168 0.1634
v 0.3628 -0.5664 0.0
v 0.3352 -0.5425 -0.1388
v 0.2566 -0.5187 -0.2566
v 0.1388 -0.4949 -0.3352
v 0.0 -0.8525 -0.3628
v -0.1388 -0.8286 -0.3352
v -0.2566 -0.8048 -0.2566
v -0.3352 -0.7809 -0.1388
v -0.3628 -0.7571 0.0
v -0.3352 -0.7333 0.1388
v -0.2566 -0.7094 0.2566
v -0.1388 -0.6856 0.3352
v 0.0 -0.6617 0.3628
v 0.1388 -0.6379 0.3352
v 0.2566 -0.6043 0.2566
v 0.3352 -0.5902 0.1388
v 0.2987 -0.5929 0.0
v 0.2759 -0.5691 -0.1143
v 0.2112 -0.5453 -0.2112
v 0.1143 -0.5214 -0.2759
v 0.0 -0.879 -0.2987
v -0.1143 -0.8552 -0.2759
v -0.2112 -0.8313 -0.2112
v -0.2759 -0.8075 -0.1143
v -0.2987 -0.7837 0.0
v -0.2759 -0.7598 0.1143
v -0.2112 -0.736 0.2112
v -0.1143 -0.7121 0.2759
v 0.0 -0.6883 0.2987
v 0.1143 -0.6645 0.2759
v 0.2112 -0.6309 0.2112
v 0.2759 -0.6168 0.1143
v 0.2721 -0.6571 0.0
v 0.2514 -0.6332 -0.1041
v 0.1924 -0.6094 -0.1924
v 0.1041 -0.5856 -0.2514
v 0.0 -0.9432 -0.2721
v -0.1041 -0.9193 -0.2514
v -0.1924 -0.8955 -0.1924
v -0.2514 -0.8716 -0.1041
v -0.2721 -0.8478 0.0
v -0.2514 -0.824 0.1041
v -0.1924 -0.8001 0.1924
v -0.1041 -0.7763 0.2514
v 0.0 -0.7524 0.2721
v 0.1041 -0.7286 0.2514
v 0.1924 -0.695 0.1924
v 0.2514 -0.6809 0.1041
v 0.2987 -0.7212 0.0
v 0.2759 -0.6974 -0.1143
v 0.2112 -0.6735 -0.2112
v 0.1143 -0.6497 -0.2759
v 0.0 -1.0073 -0.2987
v -0.1143 -0.9835 -0.2759
v -0.2112 -0.9596 -0.2112
v -0.2759 -0.9358 -0.1143
v -0.2987 -0.9119 0.0
v -0.2759 -0.8881 0.1143
v -0.2112 -0.8643 0.2112
v -0.1143 -0.8404 0.2759
v 0.0 -0.8166 0.2987
v 0.1143 -0.7927 0.2759
v 0.2112 -0.7591 0.2112
v 0.2759 -0.7451 0.1143
v 0.3628 -0.7478 0.0
v 0.3352 -0.724 -0.1388
v 0.2566 -0.7001 -0.2566
v 0.1388 -0.6763 -0.3352
v 0.0 -1.0339 -0.3628
v -0.1388 -1.01 -0.3352
v -0.2566 -0.9862 -0.2566
v -0.3352 -0.9623 -0.1388
v -0.3628 -0.9385 0.0
v -0.3352 -0.9147 0.1388
v -0.2566 -0.8908 0.2566
v -0.1388 -0.867 0.3352
v 0.0 -0.8431 0.3628
v 0.1388 -0.8193 0.3352
v 0.2566 -0.7857 0.2566
v 0.3352 -0.7716 0.1388
v 0.427 -0.7212 0.0
v 0.3945 -0.6974 -0.1634
v 0.3019 -0.6735 -0.3019
v 0.1634 -0.6497 -0.3945
v 0.0 -1.0073 -0.427
v -0.1634 -0.9835 -0.3945
v -0.3019 -0.9596 -0.3019
v -0.3945 -0.9358 -0.1634
v -0.427 -0.9119 0.0
v -0.3945 -0.8881 0.1634
v -0.3019 -0.8643 0.3019
v -0.1634 -0.8404 0.3945
v 0.0 -0.8166 0.427
v 0.1634 -0.7927 0.3945
v 0.3019 -0.7591 0.3019
v 0.3945 -0.7451 0.1634
v 0.0016 -0.4976 -0.2984
v 0.0015 -0.5617 -0.2718
v 0.0016 -0.6259 -0.2984
v 0.002 -0.6524 -0.3624
v 0.0023 -0.6259 -0.4265
v 0.0025 -0.5617 -0.453
v 0.0023 -0.4976 -0.4265
v 0.002 -0.471 -0.3624
v 0.4535 -1.039 0.0
v 0.419 -1.0152 -0.1736
v 0.3207 -0.9913 -0.3207
v 0.1736 -0.9675 -0.419
v 0.0 -1.3251 -0.4535
v -0.1736 -1.3012 -0.419
v -0.3207 -1.2774 -0.3207
v -0.419 -1.2535 -0.1736
v -0.4535 -1.2297 0.0
v -0.419 -1.2059 0.1736
v -0.3207 -1.182 0.3207
v -0.1736 -1.1582 0.419
v 0.0 -1.1343 0.4535
v 0.1736 -1.1105 0.419
v 0.3207 -1.0769 0.3207
v 0.419 -1.0628 0.1736
v 0.427 -0.9749 0.0
v 0.3945 -0.951 -0.1634
v 0.3019 -0.9272 -0.3019
v 0.1634 -0.9033 -0.3945
v 0.0 -1.2609 -0.427
v -0.1634 -1.2371 -0.3945
v -0.3019 -1.2132 -0.3019
v -0.3945 -1.1894 -0.1634
v -0.427 -1.1656 0.0
v -0.3945 -1.1417 0.1634
v -0.3019 -1.1179 0.3019
v -0.1634 -1.0941 0.3945
v 0.0 -1.0702 0.427
v 0.1634 -1.0464 0.3945
v 0.3019 -1.0128 0.3019
v 0.3945 -0.9987 0.1634
v 0.3628 -0.9483 0.0
v 0.3352 -0.9244 -0.1388
v 0.2566 -0.9006 -0.2566
v 0.1388 -0.8768 -0.3352
v 0.0 -1.2344 -0.3628
v -0.1388 -1.2105 -0.3352
v -0.2566 -1.1867 -0.2566
v -0.3352 -1.1628 -0.1388
v -0.3628 -1.139 0.0
v -0.3352 -1.1152 0.1388
v -0.2566 -1.0913 0.2566
v -0.1388 -1.0675 0.3352
v 0.0 -1.0436 0.3628
v 0.1388 -1.0198 0.3352
v 0.2566 -0.9862 0.2566
v 0.3352 -0.9721 0.1388
v 0.2987 -0.9749 0.0
v 0.2759 -0.951 -0.1143
v 0.2112 -0.9272 -0.2112
v 0.1143 -0.9033 -0.2759
v 0.0 -1.2609 -0.2987
v -0.1143 -1.2371 -0.2759
v -0.2112 -1.2132 -0.2112
v -0.2759 -1.1894 -0.1143
v -0.2987 -1.1656 0.0
v -0.2759 -1.1417 0.1143
v -0.2112 -1.1179 0.2112
v -0.1143 -1.0941 0.2759
v 0.0 -1.0702 0.2987
v 0.1143 -1.0464 0.2759
v 0.2112 -1.0128 0.2112
v 0.2759 -0.9987 0.1143
v 0.2721 -1.039 0.0
v 0.2514 -1.0152 -0.1041
v 0.1924 -0.9913 -0.1924
v 0.1041 -0.9675 -0.2514
v 0.0 -1.3251 -0.2721
v -0.1041 -1.3012 -0.2514
v -0.1924 -1.2774 -0.1924
v -0.2514 -1.2535 -0.1041
v -0.2721 -1.2297 0.0
v -0.2514 -1.2059 0.1041
v -0.1924 -1.182 0.1924
v -0.1041 -1.1582 0.2514
v 0.0 -1.1343 0.2721
v 0.1041 -1.1105 0.2514
v 0.1924 -1.0769 0.1924
v 0.2514 -1.0628 0.1041
v 0.2987 -1.1031 0.0
v 0.2759 -1.0793 -0.1143
v 0.2112 -1.0555 -0.2112
v 0.1143 -1.0316 -0.2759
v 0.0 -1.3892 -0.2987
v -0.1143 -1.3654 -0.2759
v -0.2112 -1.3415 -0.2112
v -0.2759 -1.3177 -0.1143
v -0.2987 -1.2938 0.0
v -0.2759 -1.27 0.1143
v -0.2112 -1.2462 0.2112
v -0.1143 -1.2223 0.2759
v 0.0 -1.1985 0.2987
v 0.1143 -1.1746 0.2759
v 0.2112 -1.141 0.2112
v 0.2759 -1.127 0.1143
v 0.3628 -1.1297 0.0
v 0.3352 -1.1059 -0.1388
v 0.2566 -1.082 -0.2566
v 0.1388 -1.0582 -0.3352
v 0.0 -1.4158 -0.3628
v -0.1388 -1.3919 -0.3352
v -0.2566 -1.3681 -0.2566
v -0.3352 -1.3443 -0.1388
v -0.3628 -1.3204 0.0
v -0.3352 -1.2966 0.1388
v -0.2566 -1.2727 0.2566
v -0.1388 -1.2489 0.3352
v 0.0 -1.2251 0.3628
v 0.1388 -1.2012 0.3352
v 0.2566 -1.1676 0.2566
v 0.3352 -1.1535 0.1388
v 0.427 -1.1031 0.0
v 0.3945 -1.0793 -0.1634
v 0.3019 -1.0555 -0.3019
v 0.1634 -1.0316 -0.3945
v 0.0 -1.3892 -0.427
v -0.1634 -1.3654 -0.3945
v -0.3019 -1.3415 -0.3019
v -0.3945 -1.3177 -0.1634
v -0.427 -1.2938 0.0
v -0.3945 -1.27 0.1634
v -0.3019 -1.2462 0.3019
v -0.1634 -1.2223 0.3945
v 0.0 -1.1985 0.427
v 0.1634 -1.1746 0.3945
v 0.3019 -1.141 0.3019
v 0.3945 -1.127 0.1634
v 0.0016 -0.8795 -0.2984
v 0.0015 -0.9436 -0.2718
v 0.0016 -1.0078 -0.2984
v 0.002 -1.0343 -0.3624
v 0.0023 -1.0078 -0.4265
v 0.0025 -0.9436 -0.453
v 0.0023 -0.8795 -0.4265
v 0.002 -0.8529 -0.3624
v 0.4535 -1.4204 0.0
v 0.419 -1.3966 -0.1736
v 0.3207 -1.3727 -0.3207
v 0.1736 -1.3489 -0.419
v 0.0 -1.7065 -0.4535
v -0.1736 -1.6827 -0.419
v -0.3207 -1.6588 -0.3207
v -0.419 -1.635 -0.1736
v -0.4535 -1.6111 0.0
v -0.419 -1.5873 0.1736
v -0.3207 -1.5635 0.3207
v -0.1736 -1.5396 0.419
v 0.0 -1.5158 0.4535
v 0.1736 -1.4919 0.419
v 0.3207 -1.4583 0.3207
v 0.419 -1.4443 0.1736
v 0.427 -1.3563 0.0
v 0.3945 -1.3324 -0.1634
v 0.3019 -1.3086 -0.3019
v 0.1634 -1.2848 -0.3945
v 0.0 -1.6424 -0.427
v -0.1634 -1.6185 -0.3945
v -0.3019 -1.5947 -0.3019
v -0.3945 -1.5708 -0.1634
v -0.427 -1.547 0.0
v -0.3945 -1.5232 0.1634
v -0.3019 -1.4993 0.3019
v -0.1634 -1.4755 0.3945
v 0.0 -1.4516 0.427
v 0.1634 -1.4278 0.3945
v 0.3019 -1.3942 0.3019
v 0.3945 -1.3801 0.1634
v 0.3628 -1.3297 0.0
v 0.3352 -1.3059 -0.1388
v 0.2566 -1.282 -0.2566
v 0.1388 -1.2582 -0.3352
v 0.0 -1.6158 -0.3628
v -0.1388 -1.5919 -0.3352
v -0.2566 -1.5681 -0.2566
v -0.3352 -1.5443 -0.1388
v -0.3628 -1.5204 0.0
v -0.3352 -1.4966 0.1388
v -0.2566 -1.4727 0.2566
v -0.1388 -1.4489 0.3352
v 0.0 -1.4251 0.3628
v 0.1388 -1.4012 0.3352
v 0.2566 -1.3676 0.2566
v 0.3352 -1.3536 0.1388
v 0.2987 -1.3563 0.0
v 0.2759 -1.3324 -0.1143
v 0.2112 -1.3086 -0.2112
v 0.1143 -1.2848 -0.2759
v 0.0 -1.6424 -0.2987
v -0.1143 -1.6185 -0.2759
v -0.2112 -1.5947 -0.2112
v -0.2759 -1.5708 -0.1143
v -0.2987 -1.547 0.0
v -0.2759 -1.5232 0.1143
v -0.2112 -1.4993 0.2112
v -0.1143 -1.4755 0.2759
v 0.0 -1.4516 0.2987
v 0.1143 -1.4278 0.2759
v 0.2112 -1.3942 0.2112
v 0.2759 -1.3801 0.1143
v 0.2721 -1.4204 0.0
v 0.2514 -1.3966 -0.1041
v 0.1924 -1.3727 -0.1924
v 0.1041 -1.3489 -0.2514
v 0.0 -1.7065 -0.2721
v -0.1041 -1.6827 -0.2514
v -0.1924 -1.6588 -0.1924
v -0.2514 -1.635 -0.1041
v -0.2721 -1.6111 0.0
v -0.2514 -1.5873 0.1041
v -0.1924 -1.5635 0.1924
v -0.1041 -1.5396 0.2514
v 0.0 -1.5158 0.2721
v 0.1041 -1.4919 0.2514
v 0.1924 -1.4583 0.1924
v 0.2514 -1.4443 0.1041
v 0.2987 -1.4846 0.0
v 0.2759 -1.4607 -0.1143
v 0.2112 -1.4369 -0.2112
v 0.1143 -1.413 -0.2759
v 0.0 -1.7706 -0.2987
v -0.1143 -1.7468 -0.2759
v -0.2112 -1.723 -0.2112
v -0.2759 -1.6991 -0.1143
v -0.2987 -1.6753 0.0
v -0.2759 -1.6514 0.1143
v -0.2112 -1.6276 0.2112
v -0.1143 -1.6038 0.2759
v 0.0 -1.5799 0.2987
v 0.1143 -1.5561 0.2759
v 0.2112 -1.5225 0.2112
v 0.2759 -1.5084 0.1143
v 0.3628 -1.5111 0.0
v 0.3352 -1.4873 -0.1388
v 0.2566 -1.4634 -0.2566
v 0.1388 -1.4396 -0.3352
v 0.0 -1.7972 -0.3628
v -0.1388 -1.7734 -0.3352
v -0.2566 -1.7495 -0.2566
v -0.3352 -1.7257 -0.1388
v -0.3628 -1.7018 0.0
v -0.3352 -1.678 0.1388
v -0.2566 -1.6542 0.2566
v -0.1388 -1.6303 0.3352
v 0.0 -1.6065 0.3628
v 0.1388 -1.5826 0.3352
v 0.2566 -1.549 0.2566
v 0.3352 -1.535 0.1388
v 0.427 -1.4846 0.0
v 0.3945 -1.4607 -0.1634
v 0.3019 -1.4369 -0.3019
v 0.1634 -1.413 -0.3945
v 0.0 -1.7706 -0.427
v -0.1634 -1.7468 -0.3945
v -0.3019 -1.723 -0.3019
v -0.3945 -1.6991 -0.1634
v -0.427 -1.6753 0.0
v -0.3945 -1.6514 0.1634
v -0.3019 -1.6276 0.3019
v -0.1634 -1.6038 0.3945
v 0.0 -1.5799 0.427
v 0.1634 -1.5561 0.3945
v 0.3019 -1.5225 0.3019
v 0.3945 -1.5084 0.1634
v 0.0016 -1.2609 -0.2984
v 0.0015 -1.3251 -0.2718
v 0.0016 -1.3892 -0.2984
v 0.002 -1.4158 -0.3624
v 0.0023 -1.3892 -0.4265
v 0.0025 -1.3251 -0.453
v 0.0023 -1.2609 -0.4265
v 0.002 -1.2344 -0.3624
v 0.4535 -1.8021 0.0
v 0.419 -1.7782 -0.1736
v 0.3207 -1.7544 -0.3207
v 0.1736 -1.7306 -0.419
v 0.0 -2.0882 -0.4535
v -0.1736 -2.0643 -0.419
v -0.3207 -2.0405 -0.3207
v -0.419 -2.0166 -0.1736
v -0.4535 -1.9928 0.0
v -0.419 -1.969 0.1736
v -0.3207 -1.9451 0.3207
v -0.1736 -1.9213 0.419
v 0.0 -1.8974 0.4535
v 0.1736 -1.8736 0.419
v 0.3207 -1.84 0.3207
v 0.419 -1.8259 0.1736
v 0.427 -1.7379 0.0
v 0.3945 -1.7141 -0.1634
v 0.3019 -1.6903 -0.3019
v 0.1634 -1.6664 -0.3945
v 0.0 -2.024 -0.427
v -0.1634 -2.0002 -0.3945
v -0.3019 -1.9763 -0.3019
v -0.3945 -1.9525 -0.1634
v -0.427 -1.9287 0.0
v -0.3945 -1.9048 0.1634
v -0.3019 -1.881 0.3019
v -0.1634 -1.8571 0.3945
v 0.0 -1.8333 0.427
v 0.1634 -1.8095 0.3945
v 0.3019 -1.7759 0.3019
v 0.3945 -1.7618 0.1634
v 0.3628 -1.7114 0.0
v 0.3352 -1.6875 -0.1388
v 0.2566 -1.6637 -0.2566
v 0.1388 -1.6399 -0.3352
v 0.0 -1.9975 -0.3628
v -0.1388 -1.9736 -0.3352
v -0.2566 -1.9498 -0.2566
v -0.3352 -1.9259 -0.1388
v -0.3628 -1.9021 0.0
v -0.3352 -1.8783 0.1388
v -0.2566 -1.8544 0.2566
v -0.1388 -1.8306 0.3352
v 0.0 -1.8067 0.3628
v 0.1388 -1.7829 0.3352
v 0.2566 -1.7493 0.2566
v 0.3352 -1.7352 0.1388
v 0.2987 -1.7379 0.0
v 0.2759 -1.7141 -0.1143
v 0.2112 -1.6903 -0.2112
v 0.1143 -1.6664 -0.2759
v 0.0 -2.024 -0.2987
v -0.1143 -2.0002 -0.2759
v -0.2112 -1.9763 -0.2112
v -0.2759 -1.9525 -0.1143
v -0.2987 -1.9287 0.0
v -0.2759 -1.9048 0.1143
v -0.2112 -1.881 0.2112
v -0.1143 -1.8571 0.2759
v 0.0 -1.8333 0.2987
v 0.1143 -1.8095 0.2759
v 0.2112 -1.7759 0.2112
v 0.2759 -1.7618 0.1143
v 0.2721 -1.8021 0.0
v 0.2514 -1.7782 -0.1041
v 0.1924 -1.7544 -0.1924
v 0.1041 -1.7306 -0.2514
v 0.0 -2.0882 -0.2721
v -0.1041 -2.0643 -0.2514
v -0.1924 -2.0405 -0.1924
v -0.2514 -2.0166 -0.1041
v -0.2721 -1.9928 0.0
v -0.2514 -1.969 0.1041
v -0.1924 -1.9451 0.1924
v -0.1041 -1.9213 0.2514
v 0.0 -1.8974 0.2721
v 0.1041 -1.8736 0.2514
v 0.1924 -1.84 0.1924
v 0.2514 -1.8259 0.1041
v 0.2987 -1.8662 0.0
v 0.2759 -1.8424 -0.1143
v 0.2112 -1.8185 -0.2112
v 0.1143 -1.7947 -0.2759
v 0.0 -2.1523 -0.2987
v -0.1143 -2.1285 -0.2759
v -0.2112 -2.1046 -0.2112
v -0.2759 -2.0808 -0.1143
v -0.2987 -2.0569 0.0
v -0.2759 -2.0331 0.1143
v -0.2112 -2.0093 0.2112
v -0.1143 -1.9854 0.2759
v 0.0 -1.9616 0.2987
v 0.1143 -1.9377 0.2759
v 0.2112 -1.9041 0.2112
v 0.2759 -1.8901 0.1143
v 0.3628 -1.8928 0.0
v 0.3352 -1.869 -0.1388
v 0.2566 -1.8451 -0.2566
v 0.1388 -1.8213 -0.3352
v 0.0 -2.1789 -0.3628
v -0.1388 -2.155 -0.3352
v -0.2566 -2.1312 -0.2566
v -0.3352 -2.1073 -0.1388
v -0.3628 -2.0835 0.0
v -0.3352 -2.0597 0.1388
v -0.2566 -2.0358 0.2566
v -0.1388 -2.012 0.3352
v 0.0 -1.9881 0.3628
v 0.1388 -1.9643 0.3352
v 0.2566 -1.9307 0.2566
v 0.3352 -1.9166 0.1388
v 0.427 -1.8662 0.0
v 0.3945 -1.8424 -0.1634
v 0.3019 -1.8185 -0.3019
v 0.1634 -1.7947 -0.3945
v 0.0 -2.1523 -0.427
v -0.1634 -2.1285 -0.3945
v -0.3019 -2.1046 -0.3019
v -0.3945 -2.0808 -0.1634
v -0.427 -2.0569 0.0
v -0.3945 -2.0331 0.1634
v -0.3019 -2.0093 0.3019
v -0.1634 -1.9854 0.3945
v 0.0 -1.9616 0.427
v 0.1634 -1.9377 0.3945
v 0.3019 -1.9041 0.3019
v 0.3945 -1.8901 0.1634
v 0.0016 -1.6426 -0.2984
v 0.0015 -1.7067 -0.2718
v 0.0016 -1.7709 -0.2984
v 0.002 -1.7974 -0.3624
v 0.0023 -1.7709 -0.4265
v 0.0025 -1.7067 -0.453
v 0.0023 -1.6426 -0.4265
v 0.002 -1.616 -0.3624
v 0.4535 -2.1872 0.0
v 0.419 -2.1634 -0.1736
v 0.3207 -2.1395 -0.3207
v 0.1736 -2.1157 -0.419
v 0.0 -2.4733 -0.4535
v -0.1736 -2.4494 -0.419
v -0.3207 -2.4256 -0.3207
v -0.419 -2.4018 -0.1736
v -0.4535 -2.3779 0.0
v -0.419 -2.3541 0.1736
v -0.3207 -2.3302 0.3207
v -0.1736 -2.3064 0.419
v 0.0 -2.2826 0.4535
v 0.1736 -2.2587 0.419
v 0.3207 -2.2251 0.3207
v 0.419 -2.211 0.1736
v 0.427 -2.1231 0.0
v 0.3945 -2.0992 -0.1634
v 0.3019 -2.0754 -0.3019
v 0.1634 -2.0515 -0.3945
v 0.0 -2.4091 -0.427
v -0.1634 -2.3853 -0.3945
v -0.3019 -2.3615 -0.3019
v -0.3945 -2.3376 -0.1634
v -0.427 -2.3138 0.0
v -0.3945 -2.2899 0.1634
v -0.3019 -2.2661 0.3019
v -0.1634 -2.2423 0.3945
v 0.0 -2.2184 0.427
v 0.1634 -2.1946 0.3945
v 0.3019 -2.161 0.3019
v 0.3945 -2.1469 0.1634
v 0.3628 -2.0965 0.0
v 0.3352 -2.0727 -0.1388
v 0.2566 -2.0488 -0.2566
v 0.1388 -2.025 -0.3352
v 0.0 -2.3826 -0.3628
v -0.1388 -2.3587 -0.3352
v -0.2566 -2.3349 -0.2566
v -0.3352 -2.311 -0.1388
v -0.3628 -2.2872 0.0
v -0.3352 -2.2634 0.1388
v -0.2566 -2.2395 0.2566
v -0.1388 -2.2157 0.3352
v 0.0 -2.1919 0.3628
v 0.1388 -2.168 0.3352
v 0.2566 -2.1344 0.2566
v 0.3352 -2.1203 0.1388
v 0.2987 -2.1231 0.0
v 0.2759 -2.0992 -0.1143
v 0.2112 -2.0754 -0.2112
v 0.1143 -2.0515 -0.2759
v 0.0 -2.4091 -0.2987
v -0.1143 -2.3853 -0.2759
v -0.2112 -2.3615 -0.2112
v -0.2759 -2.3376 -0.1143
v -0.2987 -2.3138 0.0
v -0.2759 -2.2899 0.1143
v -0.2112 -2.2661 0.2112
v -0.1143 -2.2423 0.2759
v 0.0 -2.2184 0.2987
v 0.1143 -2.1946 0.2759
v 0.2112 -2.161 0.2112
v 0.2759 -2.1469 0.1143
v 0.2721 -2.1872 0.0
v 0.2514 -2.1634 -0.1041
v 0.1924 -2.1395 -0.1924
v 0.1041 -2.1157 -0.2514
v 0.0 -2.4733 -0.2721
v -0.1041 -2.4494 -0.2514
v -0.1924 -2.4256 -0.1924
v -0.2514 -2.4018 -0.1041
v -0.2721 -2.3779 0.0
v -0.2514 -2.3541 0.1041
v -0.1924 -2.3302 0.1924
v -0.1041 -2.3064 0.2514
v 0.0 -2.2826 0.2721
v 0.1041 -2.2587 0.2514
v 0.1924 -2.2251 0.1924
v 0.2514 -2.211 0.1041
v 0.2987 -2.2513 0.0
v 0.2759 -2.2275 -0.1143
v 0.2112 -2.2037 -0.2112
v 0.1143 -2.1798 -0.2759
v 0.0 -2.5374 -0.2987
v -0.1143 -2.5136 -0.2759
v -0.2112 -2.4897 -0.2112
v -0.2759 -2.4659 -0.1143
v -0.2987 -2.442 0.0
v -0.2759 -2.4182 0.1143
v -0.2112 -2.3944 0.2112
v -0.1143 -2.3705 0.2759
v 0.0 -2.3467 0.2987
v 0.1143 -2.3229 0.2759
v 0.2112 -2.2892 0.2112
v 0.2759 -2.2752 0.1143
v 0.3628 -2.2779 0.0
v 0.3352 -2.2541 -0.1388
v 0.2566 -2.2302 -0.2566
v 0.1388 -2.2064 -0.3352
v 0.0 -2.564 -0.3628
v -0.1388 -2.5401 -0.3352
v -0.2566 -2.5163 -0.2566
v -0.3352 -2.4925 -0.1388
v -0.3628 -2.4686 0.0
v -0.3352 -2.4448 0.1388
v -0.2566 -2.4209 0.2566
v -0.1388 -2.3971 0.3352
v 0.0 -2.3733 0.3628
v 0.1388 -2.3494 0.3352
v 0.2566 -2.3158 0.2566
v 0.3352 -2.3017 0.1388
v 0.427 -2.2513 0.0
v 0.3945 -2.2275 -0.1634
v 0.3019 -2.2037 -0.3019
v 0.1634 -2.1798 -0.3945
v 0.0 -2.5374 -0.427
v -0.1634 -2.5136 -0.3945
v -0.3019 -2.4897 -0.3019
v -0.3945 -2.4659 -0.1634
v -0.427 -2.442 0.0
v -0.3945 -2.4182 0.1634
v -0.3019 -2.3944 0.3019
v -0.1634 -2.3705 0.3945
v 0.0 -2.3467 0.427
v 0.1634 -2.3229 0.3945
v 0.3019 -2.2892 0.3019
v 0.3945 -2.2752 0.1634
v 0.0016 -2.0277 -0.2984
v 0.0015 -2.0918 -0.2718
v 0.0016 -2.156 -0.2984
v 0.002 -2.1825 -0.3624
v 0.0023 -2.156 -0.4265
v 0.0025 -2.0918 -0.453
v 0.0023 -2.0277 -0.4265
v 0.002 -2.0011 -0.3624
v 0.4535 -2.5686 0.0
v 0.419 -2.5448 -0.1736
v 0.3207 -2.5209 -0.3207
v 0.1736 -2.4971 -0.419
v 0.0 -2.8547 -0.4535
v -0.1736 -2.8309 -0.419
v -0.3207 -2.807 -0.3207
v -0.419 -2.7832 -0.1736
v -0.4535 -2.7593 0.0
v -0.419 -2.7355 0.1736
v -0.3207 -2.7117 0.3207
v -0.1736 -2.6878 0.419
v 0.0 -2.664 0.4535
v 0.1736 -2.6401 0.419
v 0.3207 -2.6065 0.3207
v 0.419 -2.5925 0.1736
v 0.427 -2.5045 0.0
v 0.3945 -2.4806 -0.1634
v 0.3019 -2.4568 -0.3019
v 0.1634 -2.433 -0.3945
v 0.0 -2.7906 -0.427
v -0.1634 -2.7667 -0.3945
v -0.3019 -2.7429 -0.3019
v -0.3945 -2.719 -0.1634
v -0.427 -2.6952 0.0
v -0.3945 -2.6714 0.1634
v -0.3019 -2.6475 0.3019
v -0.1634 -2.6237 0.3945
v 0.0 -2.5998 0.427
v 0.1634 -2.576 0.3945
v 0.3019 -2.5424 0.3019
v 0.3945 -2.5283 0.1634
v 0.3628 -2.4779 0.0
v 0.3352 -2.4541 -0.1388
v 0.2566 -2.4302 -0.2566
v 0.1388 -2.4064 -0.3352
v 0.0 -2.764 -0.3628
v -0.1388 -2.7402 -0.3352
v -0.2566 -2.7163 -0.2566
v -0.3352 -2.6925 -0.1388
v -0.3628 -2.6686 0.0
v -0.3352 -2.6448 0.1388
v -0.2566 -2.621 0.2566
v -0.1388 -2.5971 0.3352
v 0.0 -2.5733 0.3628
v 0.1388 -2.5494 0.3352
v 0.2566 -2.5158 0.2566
v 0.3352 -2.5018 0.1388
v 0.2987 -2.5045 0.0
v 0.2759 -2.4806 -0.1143
v 0.2112 -2.4568 -0.2112
v 0.1143 -2.433 -0.2759
v 0.0 -2.7906 -0.2987
v -0.1143 -2.7667 -0.2759
v -0.2112 -2.7429 -0.2112
v -0.2759 -2.719 -0.1143
v -0.2987 -2.6952 0.0
v -0.2759 -2.6714 0.1143
v -0.2112 -2.6475 0.2112
v -0.1143 -2.6237 0.2759
v 0.0 -2.5998 0.2987
v 0.1143 -2.576 0.2759
v 0.2112 -2.5424 0.2112
v 0.2759 -2.5283 0.1143
v 0.2721 -2.5686 0.0
v 0.2514 -2.5448 -0.1041
v 0.1924 -2.5209 -0.1924
v 0.1041 -2.4971 -0.2514
v 0.0 -2.8547 -0.2721
v -0.1041 -2.8309 -0.2514
v -0.1924 -2.807 -0.1924
v -0.2514 -2.7832 -0.1041
v -0.2721 -2.7593 0.0
v -0.2514 -2.7355 0.1041
v -0.1924 -2.7117 0.1924
v -0.1041 -2.6878 0.2514
v 0.0 -2.664 0.2721
v 0.1041 -2.6401 0.2514
v 0.1924 -2.6065 0.1924
v 0.2514 -2.5925 0.1041
v 0.2987 -2.6328 0.0
v 0.2759 -2.6089 -0.1143
v 0.2112 -2.5851 -0.2112
v 0.1143 -2.5612 -0.2759
v 0.0 -2.9188 -0.2987
v -0.1143 -2.895 -0.2759
v -0.2112 -2.8712 -0.2112
v -0.2759 -2.8473 -0.1143
v -0.2987 -2.8235 0.0
v -0.2759 -2.7996 0.1143
v -0.2112 -2.7758 0.2112
v -0.1143 -2.752 0.2759
v 0.0 -2.7281 0.2987
v 0.1143 -2.7043 0.2759
v 0.2112 -2.6707 0.2112
v 0.2759 -2.6566 0.1143
v 0.3628 -2.6593 0.0
v 0.3352 -2.6355 -0.1388
v 0.2566 -2.6117 -0.2566
v 0.1388 -2.5878 -0.3352
v 0.0 -2.9454 -0.3628
v -0.1388 -2.9216 -0.3352
v -0.2566 -2.8977 -0.2566
v -0.3352 -2.8739 -0.1388
v -0.3628 -2.85 0.0
v -0.3352 -2.8262 0.1388
v -0.2566 -2.8024 0.2566
v -0.1388 -2.7785 0.3352
v 0.0 -2.7547 0.3628
v 0.1388 -2.7309 0.3352
v 0.2566 -2.6972 0.2566
v 0.3352 -2.6832 0.1388
v 0.427 -2.6328 0.0
v 0.3945 -2.6089 -0.1634
v 0.3019 -2.5851 -0.3019
v 0.1634 -2.5612 -0.3945
v 0.0 -2.9188 -0.427
v -0.1634 -2.895 -0.3945
v -0.3019 -2.8712 -0.3019
v -0.3945 -2.8473 -0.1634
v -0.427 -2.8235 0.0
v -0.3945 -2.7996 0.1634
v -0.3019 -2.7758 0.3019
v -0.1634 -2.752 0.3945
v 0.0 -2.7281 0.427
v 0.1634 -2.7043 0.3945
v 0.3019 -2.6707 0.3019
v 0.3945 -2.6566 0.1634
v 0.0016 -2.4091 -0.2984
v 0.0015 -2.4733 -0.2718
v 0.0016 -2.5374 -0.2984
v 0.002 -2.564 -0.3624
v 0.0023 -2.5374 -0.4265
v 0.0025 -2.4733 -0.453
v 0.0023 -2.4091 -0.4265
v 0.002 -2.3826 -0.3624
v 0.4535 -2.9503 0.0
v 0.419 -2.9265 -0.1736
v 0.3207 -2.9026 -0.3207
v 0.1736 -2.8788 -0.419
v 0.0 -3.2364 -0.4535
v -0.1736 -3.2125 -0.419
v -0.3207 -3.1887 -0.3207
v -0.419 -3.1648 -0.1736
v -0.4535 -3.141 0.0
v -0.419 -3.1172 0.1736
v -0.3207 -3.0933 0.3207
v -0.1736 -3.0695 0.419
v 0.0 -3.0456 0.4535
v 0.1736 -3.0218 0.419
v 0.3207 -2.9882 0.3207
v 0.419 -2.9741 0.1736
v 0.427 -2.8862 0.0
v 0.3945 -2.8623 -0.1634
v 0.3019 -2.8385 -0.3019
v 0.1634 -2.8146 -0.3945
v 0.0 -3.1722 -0.427
v -0.1634 -3.1484 -0.3945
v -0.3019 -3.1245 -0.3019
v -0.3945 -3.1007 -0.1634
v -0.427 -3.0769 0.0
v -0.3945 -3.053 0.1634
v -0.3019 -3.0292 0.3019
v -0.1634 -3.0054 0.3945
v 0.0 -2.9815 0.427
v 0.1634 -2.9577 0.3945
v 0.3019 -2.9241 0.3019
v 0.3945 -2.91 0.1634
v 0.3628 -2.8596 0.0
v 0.3352 -2.8357 -0.1388
v 0.2566 -2.8119 -0.2566
v 0.1388 -2.7881 -0.3352
v 0.0 -3.1457 -0.3628
v -0.1388 -3.1218 -0.3352
v -0.2566 -3.098 -0.2566
v -0.3352 -3.0741 -0.1388
v -0.3628 -3.0503 0.0
v -0.3352 -3.0265 0.1388
v -0.2566 -3.0026 0.2566
v -0.1388 -2.9788 0.3352
v 0.0 -2.9549 0.3628
v 0.1388 -2.9311 0.3352
v 0.2566 -2.8975 0.2566
v 0.3352 -2.8834 0.1388
v 0.2987 -2.8862 0.0
v 0.2759 -2.8623 -0.1143
v 0.2112 -2.8385 -0.2112
v 0.1143 -2.8146 -0.2759
v 0.0 -3.1722 -0.2987
v -0.1143 -3.1484 -0.2759
v -0.2112 -3.1245 -0.2112
v -0.2759 -3.1007 -0.1143
v -0.2987 -3.0769 0.0
v -0.2759 -3.053 0.1143
v -0.2112 -3.0292 0.2112
v -0.1143 -3.0054 0.2759
v 0.0 -2.9815 0.2987
v 0.1143 -2.9577 0.2759
v 0.2112 -2.9241 0.2112
v 0.2759 -2.91 0.1143
v 0.2721 -2.9503 0.0
v 0.2514 -2.9265 -0.1041
v 0.1924 -2.9026 -0.1924
v 0.1041 -2.8788 -0.2514
v 0.0 -3.2364 -0.2721
v -0.1041 -3.2125 -0.2514
v -0.1924 -3.1887 -0.1924
v -0.2514 -3.1648 -0.1041
v -0.2721 -3.141 0.0
v -0.2514 -3.1172 0.1041
v -0.1924 -3.0933 0.1924
v -0.1041 -3.0695 0.2514
v 0.0 -3.0456 0.2721
v 0.1041 -3.0218 0.2514
v 0.1924 -2.9882 0.1924
v 0.2514 -2.9741 0.1041
v 0.2987 -3.0144 0.0
v 0.2759 -2.9906 -0.1143
v 0.2112 -2.9668 -0.2112
v 0.1143 -2.9429 -0.2759
v 0.0 -3.3005 -0.2987
v -0.1143 -3.2767 -0.2759
v -0.2112 -3.2528 -0.2112
v -0.2759 -3.229 -0.1143
v -0.2987 -3.2051 0.0
v -0.2759 -3.1813 0.1143
v -0.2112 -3.1575 0.2112
v -0.1143 -3.1336 0.2759
v 0.0 -3.1098 0.2987
v 0.1143 -3.0859 0.2759
v 0.2112 -3.0523 0.2112
v 0.2759 -3.0383 0.1143
v 0.3628 -3.041 0.0
v 0.3352 -3.0172 -0.1388
v 0.2566 -2.9933 -0.2566
v 0.1388 -2.9695 -0.3352
v 0.0 -3.3271 -0.3628
v -0.1388 -3.3032 -0.3352
v -0.2566 -3.2794 -0.2566
v -0.3352 -3.2555 -0.1388
v -0.3628 -3.2317 0.0
v -0.3352 -3.2079 0.1388
v -0.2566 -3.184 0.2566
v -0.1388 -3.1602 0.3352
v 0.0 -3.1364 0.3628
v 0.1388 -3.1125 0.3352
v 0.2566 -3.0789 0.2566
v 0.3352 -3.0648 0.1388
v 0.427 -3.0144 0.0
v 0.3945 -2.9906 -0.1634
v 0.3019 -2.9668 -0.3019
v 0.1634 -2.9429 -0.3945
v 0.0 -3.3005 -0.427
v -0.1634 -3.2767 -0.3945
v -0.3019 -3.2528 -0.3019
v -0.3945 -3.229 -0.1634
v -0.427 -3.2051 0.0
v -0.3945 -3.1813 0.1634
v -0.3019 -3.1575 0.3019
v -0.1634 -3.1336 0.3945
v 0.0 -3.1098 0.427
v 0.1634 -3.0859 0.3945
v 0.3019 -3.0523 0.3019
v 0.3945 -3.0383 0.1634
v 0.0016 -2.7908 -0.2984
v 0.0015 -2.8549 -0.2718
v 0.0016 -2.9191 -0.2984
v 0.002 -2.9456 -0.3624
v 0.0023 -2.9191 -0.4265
v 0.0025 -2.8549 -0.453
v 0.0023 -2.7908 -0.4265
v 0.002 -2.7642 -0.3624
v -1.3719 -0.5191 -0.1743
v 0.1544 -0.5191 -0.4728
v -1.0735 -0.2895 -0.4728
v 0.4529 -0.2895 -0.1743
v -1.3719 -0.2895 0.1694
v 0.1544 -0.2895 0.4679
v -1.0735 -0.5191 0.4679
v 0.4529 -0.5191 0.1694
v 0.4529 -0.5191 -0.1743
v 0.1544 -0.2895 -0.4728
v 0.4529 -0.2895 0.1694
v 0.1544 -0.5191 0.4679
v -1.3719 -0.5191 0.1694
v -1.0735 -0.2895 0.4679
v -1.3719 -0.2895 -0.1743
v -1.0735 -0.5191 -0.4728
v 0.2619 -0.5191 -0.4608
v 0.3455 -0.5191 -0.425
v 0.4052 -0.5191 -0.3653
v 0.441 -0.5191 -0.2817
v 0.2619 -0.2895 -0.4608
v 0.3455 -0.2895 -0.425
v 0.4052 -0.2895 -0.3653
v 0.441 -0.2895 -0.2817
v 0.2619 -0.2895 0.4559
v 0.3455 -0.2895 0.4201
v 0.4052 -0.2895 0.3604
v 0.441 -0.2895 0.2769
v 0.2619 -0.5191 0.4559
v 0.3455 -0.5191 0.4201
v 0.4052 -0.5191 0.3604
v 0.441 -0.5191 0.2769
v -1.1809 -0.5191 0.4559
v -1.2645 -0.5191 0.4201
v -1.3242 -0.5191 0.3604
v -1.36 -0.5191 0.2769
v -1.1809 -0.2895 0.4559
v -1.2645 -0.2895 0.4201
v -1.3242 -0.2895 0.3604
v -1.36 -0.2895 0.2769
v -1.1809 -0.2895 -0.4608
v -1.2645 -0.2895 -0.425
v -1.3242 -0.2895 -0.3653
v -1.36 -0.2895 -0.2817
v -1.1809 -0.5191 -0.4608
v -1.2645 -0.5191 -0.425
v -1.3242 -0.5191 -0.3653
v -1.36 -0.5191 -0.2817
v -0.3988 -3.7734 0.0094
v -0.1975 -3.601 0.0094
v -0.4204 -3.9593 0.0094
v -0.1975 -3.9593 0.0094
v -0.3988 -3.7734 -0.0112
v -0.1975 -3.601 -0.0112
v -0.4204 -3.9593 -0.0112
v -0.1975 -3.9593 -0.0112
v -0.0027 -3.1194 0.001
v 0.2031 -0.4774 -0.1181
v 0.2349 -0.4774 0.001
v 0.2031 -0.4774 0.1201
v 0.1161 -0.4774 0.2073
v -0.0027 -0.4774 0.2392
v -0.1214 -0.4774 0.2073
v -0.2084 -0.4774 0.1201
v -0.2402 -0.4774 0.001
v -0.2084 -0.4774 -0.1181
v -0.1214 -0.4774 -0.2053
v -0.0027 -0.4774 -0.2372
v 0.1161 -0.4774 -0.2053
v 0.1866 -3.9882 -0.1086
v 0.2159 -3.9882 0.001
v 0.1866 -3.9882 0.1106
v 0.1066 -3.9882 0.1908
v -0.0027 -3.9882 0.2201
v -0.1119 -3.9882 0.1908
v -0.1919 -3.9882 0.1106
v -0.2212 -3.9882 0.001
v -0.1919 -3.9882 -0.1086
v -0.1119 -3.9882 -0.1888
v -0.0027 -3.9882 -0.2181
v 0.1066 -3.9882 -0.1888
v 0.2132 -3.9873 -0.1239
v 0.1219 -3.9873 -0.2154
v 0.2465 -3.9873 0.001
v 0.2132 -3.9873 0.1259
v 0.1219 -3.9873 0.2174
v -0.0027 -3.9873 0.2509
v -0.1273 -3.9873 0.2174
v -0.2185 -3.9873 0.1259
v -0.2519 -3.9873 0.001
v -0.2185 -3.9873 -0.1239
v -0.1273 -3.9873 -0.2154
v -0.0027 -3.9873 -0.2489
v 0.155 -4.3421 -0.0906
v 0.0883 -4.3421 -0.1575
v 0.1795 -4.3421 0.001
v 0.155 -4.3421 0.0926
v 0.0883 -4.3421 0.1594
v -0.0027 -4.3421 0.1839
v -0.0936 -4.3421 0.1594
v -0.1603 -4.3421 0.0926
v -0.1848 -4.3421 0.001
v -0.1603 -4.3421 -0.0906
v -0.0936 -4.3421 -0.1575
v -0.0027 -4.3421 -0.1819
v 0.143 -4.2338 -0.252
v -0.0027 -4.2338 -0.2911
v 0.2496 -4.2338 -0.145
v 0.2886 -4.2338 0.001
v 0.2496 -4.2338 0.147
v 0.143 -4.2338 0.254
v -0.0027 -4.2338 0.2931
v -0.1483 -4.2338 0.254
v -0.2549 -4.2338 0.147
v -0.294 -4.2338 0.001
v -0.2549 -4.2338 -0.145
v -0.1483 -4.2338 -0.252
v 0.1122 -4.3343 -0.1988
v 0.1293 -4.3136 -0.2283
v 0.1396 -4.2801 -0.2461
v 0.1964 -4.3343 -0.1144
v 0.226 -4.3136 -0.1314
v 0.2437 -4.2801 -0.1416
v 0.2272 -4.3343 0.001
v 0.2613 -4.3136 0.001
v 0.2818 -4.2801 0.001
v 0.1964 -4.3343 0.1164
v 0.226 -4.3136 0.1334
v 0.2437 -4.2801 0.1436
v 0.1122 -4.3343 0.2008
v 0.1293 -4.3136 0.2303
v 0.1396 -4.2801 0.2481
v -0.0027 -4.3343 0.2317
v -0.0027 -4.3136 0.2658
v -0.0027 -4.2801 0.2863
v -0.1175 -4.3343 0.2008
v -0.1346 -4.3136 0.2303
v -0.1449 -4.2801 0.2481
v -0.2017 -4.3343 0.1164
v -0.2313 -4.3136 0.1334
v -0.249 -4.2801 0.1436
v -0.2326 -4.3343 0.001
v -0.2667 -4.3136 0.001
v -0.2871 -4.2801 0.001
v -0.2017 -4.3343 -0.1144
v -0.2313 -4.3136 -0.1314
v -0.249 -4.2801 -0.1416
v -0.0027 -4.3343 -0.2297
v -0.0027 -4.3136 -0.2638
v -0.0027 -4.2801 -0.2843
v -0.1175 -4.3343 -0.1988
v -0.1346 -4.3136 -0.2283
v -0.1449 -4.2801 -0.2461
v 0.0883 -3.1152 -0.1575
v -0.0027 -3.1152 -0.1819
v -0.0936 -3.1152 -0.1575
v -0.1603 -3.1152 -0.0906
v -0.1848 -3.1152 0.001
v -0.1603 -3.1152 0.0926
v -0.0936 -3.1152 0.1594
v -0.0027 -3.1152 0.1839
v 0.0883 -3.1152 0.1594
v 0.155 -3.1152 0.0926
v 0.1795 -3.1152 0.001
v 0.155 -3.1152 -0.0906
v -0.4091 3.8034 0.0008
v -0.4091 3.3925 0.0008
v -0.4091 3.4476 -0.2047
v -0.4091 3.598 -0.3551
v -0.4091 3.8034 -0.4101
v -0.4091 4.0088 -0.3551
v -0.4091 4.1592 -0.2047
v -0.4091 4.2142 0.0008
v -0.4091 4.1592 0.2062
v -0.4091 4.0088 0.3566
v -0.4091 3.8034 0.4116
v -0.4091 3.598 0.3566
v -0.4091 3.4476 0.2062
v 0.4126 3.3925 0.0008
v 0.4126 3.4476 -0.2047
v 0.4126 3.598 -0.3551
v 0.4126 3.8034 -0.4101
v 0.4126 4.0088 -0.3551
v 0.4126 4.1592 -0.2047
v 0.4126 4.2142 0.0008
v 0.4126 4.1592 0.2062
v 0.4126 4.0088 0.3566
v 0.4126 3.8034 0.4116
v 0.4126 3.598 0.3566
v 0.4126 3.4476 0.2062
v 0.4126 3.8034 0.0008
v -2.5884 3.7713 0.0008
v -2.5884 3.8061 0.1304
v -2.5884 3.8061 -0.1289
v -2.5884 3.901 -0.2238
v -2.5884 4.0306 -0.2585
v -2.5884 4.1602 -0.2238
v -2.5884 4.2551 -0.1289
v -2.5884 4.2898 0.0008
v -2.5884 4.2551 0.1304
v -2.5884 4.1602 0.2253
v -2.5884 4.0306 0.26
v -2.5884 3.901 0.2253
v -0.4126 3.4166 0.0008
v -0.4126 3.4685 0.1945
v -0.4126 3.4685 -0.193
v -0.4126 3.6104 -0.3349
v -0.4126 3.8042 -0.3868
v -0.4126 3.998 -0.3349
v -0.4126 4.1398 -0.193
v -0.4126 4.1918 0.0008
v -0.4126 4.1398 0.1945
v -0.4126 3.998 0.3364
v -0.4126 3.8042 0.3883
v -0.4126 3.6104 0.3364
v -0.9784 3.7713 0.0008
v -0.9784 3.8061 0.1304
v -0.9784 3.8061 -0.1289
v -0.9784 3.901 -0.2238
v -0.9784 4.0306 -0.2585
v -0.9784 4.1602 -0.2238
v -0.9784 4.2551 -0.1289
v -0.9784 4.2898 0.0008
v -0.9784 4.2551 0.1304
v -0.9784 4.1602 0.2253
v -0.9784 4.0306 0.26
v -0.9784 3.901 0.2253
v -0.5277 3.7206 -0.2238
v -0.5277 3.8502 -0.2585
v -0.5277 3.6257 -0.1289
v -0.5277 3.591 0.0008
v -0.5277 3.6257 0.1304
v -0.5277 3.7206 0.2253
v -0.5277 3.8502 0.26
v -0.5277 3.9799 0.2253
v -0.5277 4.0747 0.1304
v -0.5277 4.1095 0.0008
v -0.5277 4.0747 -0.1289
v -0.5277 3.9799 -0.2238
v -0.4198 3.6413 -0.2863
v -0.4414 3.67 -0.2515
v -0.4773 3.6965 -0.2307
v -0.4198 3.52 -0.165
v -0.4414 3.5634 -0.1449
v -0.4773 3.5986 -0.1329
v -0.4198 3.4756 0.0008
v -0.4414 3.5244 0.0008
v -0.4773 3.5628 0.0008
v -0.4198 3.52 0.1665
v -0.4414 3.5634 0.1464
v -0.4773 3.5986 0.1344
v -0.4198 3.6413 0.2878
v -0.4414 3.67 0.2531
v -0.4773 3.6965 0.2322
v -0.4198 3.8071 0.3322
v -0.4414 3.8157 0.2921
v -0.4773 3.8301 0.268
v -0.4198 3.9728 0.2878
v -0.4414 3.9614 0.2531
v -0.4773 3.9637 0.2322
v -0.4198 4.0941 0.1665
v -0.4414 4.068 0.1464
v -0.4773 4.0615 0.1344
v -0.4198 4.1385 0.0008
v -0.4414 4.107 0.0008
v -0.4773 4.0973 0.0008
v -0.4198 4.0941 -0.165
v -0.4414 4.068 -0.1449
v -0.4773 4.0615 -0.1329
v -0.4198 3.8071 -0.3307
v -0.4414 3.8157 -0.2906
v -0.4773 3.8301 -0.2665
v -0.4198 3.9728 -0.2863
v -0.4414 3.9614 -0.2515
v -0.4773 3.9637 -0.2307
v -2.6847 4.1103 -0.1374
v -2.6847 4.1687 -0.079
v -2.6847 4.1901 0.0008
v -2.6847 4.1687 0.0805
v -2.6847 4.1103 0.1389
v -2.6847 4.0306 0.1603
v -2.6847 3.9509 0.1389
v -2.6847 3.8924 0.0805
v -2.6847 3.871 0.0008
v -2.6847 3.8925 -0.079
v -2.6847 3.9509 -0.1374
v -2.6847 4.0306 -0.1588
v -2.6419 4.2455 -0.1234
v -2.674 4.2167 -0.1067
v -2.6419 4.2787 0.0008
v -2.674 4.2455 0.0008
v -2.6419 4.2455 0.1249
v -2.674 4.2167 0.1082
v -2.6419 4.1547 0.2157
v -2.674 4.138 0.1869
v -2.6419 4.0306 0.2489
v -2.674 4.0306 0.2157
v -2.6419 3.9065 0.2157
v -2.674 3.9232 0.1869
v -2.6419 3.8157 0.1249
v -2.674 3.8445 0.1082
v -2.6419 3.7824 0.0008
v -2.674 3.8156 0.0008
v -2.6419 3.8157 -0.1234
v -2.674 3.8445 -0.1067
v -2.6419 3.9065 -0.2142
v -2.674 3.9232 -0.1854
v -2.6419 4.0306 -0.2474
v -2.674 4.0306 -0.2142
v -2.6419 4.1547 -0.2142
v -2.674 4.138 -0.1854
v -1.161 4.0305 0.0008
v -1.161 3.7188 -0.0528
v -1.161 3.7338 0.1103
v -1.161 3.7873 -0.2015
v -1.161 3.9211 -0.296
v -1.161 4.0841 -0.311
v -1.161 4.2328 -0.2425
v -1.161 4.3273 -0.1088
v -1.161 4.3423 0.0543
v -1.161 4.2738 0.203
v -1.161 4.1401 0.2975
v -1.161 3.9771 0.3125
v -1.161 3.8283 0.244
v -2.4363 3.7188 0.0543
v -2.4363 3.7873 0.203
v -2.4363 3.7338 -0.1088
v -2.4363 3.8283 -0.2425
v -2.4363 3.9771 -0.311
v -2.4363 4.1401 -0.296
v -2.4363 4.2738 -0.2015
v -2.4363 4.3423 -0.0528
v -2.4363 4.3273 0.1103
v -2.4363 4.2328 0.244
v -2.4363 4.0841 0.3125
v -2.4363 3.9211 0.2975
v -2.4363 4.0306 0.0008
v -2.4363 4.2328 -0.2425
v -1.161 4.1401 -0.296
v -1.161 4.1659 -0.2337
v -2.4363 4.3273 -0.1088
v -1.161 4.2738 -0.2015
v -1.161 4.265 -0.1346
v -2.4363 4.3423 0.0543
v -1.161 4.3423 -0.0528
v -1.161 4.3013 0.0008
v -2.4363 4.2738 0.203
v -1.161 4.3273 0.1103
v -1.161 4.265 0.1361
v -2.4363 4.1401 0.2975
v -1.161 4.2328 0.244
v -1.161 4.1659 0.2352
v -2.4363 3.9771 0.3125
v -1.161 4.0841 0.3125
v -1.161 4.0306 0.2714
v -2.4363 3.8283 0.244
v -1.161 3.9211 0.2975
v -1.161 3.8952 0.2352
v -2.4363 3.7338 0.1103
v -1.161 3.7873 0.203
v -1.161 3.7962 0.1361
v -2.4363 3.7188 -0.0528
v -1.161 3.7188 0.0543
v -1.161 3.7599 0.0008
v -2.4363 3.7873 -0.2015
v -1.161 3.7338 -0.1088
v -1.161 3.7962 -0.1346
v -2.4363 3.9211 -0.296
v -1.161 3.8283 -0.2425
v -1.161 3.8952 -0.2337
v -2.4363 4.0841 -0.311
v -1.161 3.9771 -0.311
v -1.161 4.0306 -0.2699
v -2.4363 4.1742 -0.2837
v -2.4363 4.2051 -0.2658
v -1.161 4.1742 -0.2837
v -1.161 4.2051 -0.2658
v -2.4363 4.2972 -0.1738
v -2.4363 4.315 -0.1429
v -1.161 4.2972 -0.1738
v -1.161 4.315 -0.1429
v -2.4363 4.3487 -0.0171
v -2.4363 4.3487 0.0186
v -1.161 4.3487 -0.0171
v -1.161 4.3487 0.0186
v -2.4363 4.315 0.1444
v -2.4363 4.2972 0.1753
v -1.161 4.315 0.1444
v -1.161 4.2972 0.1753
v -2.4363 4.2051 0.2673
v -2.4363 4.1742 0.2852
v -1.161 4.2051 0.2673
v -1.161 4.1742 0.2852
v -2.4363 4.0484 0.3189
v -2.4363 4.0127 0.3189
v -1.161 4.0484 0.3189
v -1.161 4.0127 0.3189
v -2.4363 3.887 0.2852
v -2.4363 3.8561 0.2673
v -1.161 3.887 0.2852
v -1.161 3.8561 0.2673
v -1.161 3.7461 0.1444
v -1.161 3.764 0.1753
v -2.4363 3.7461 0.1444
v -2.4363 3.764 0.1753
v -2.4363 3.7124 0.0186
v -2.4363 3.7124 -0.0171
v -1.161 3.7124 0.0186
v -1.161 3.7124 -0.0171
v -2.4363 3.7461 -0.1429
v -2.4363 3.764 -0.1738
v -1.161 3.7461 -0.1429
v -1.161 3.764 -0.1738
v -2.4363 3.8561 -0.2658
v -2.4363 3.887 -0.2837
v -1.161 3.8561 -0.2658
v -1.161 3.887 -0.2837
v -2.4363 4.0127 -0.3174
v -2.4363 4.0484 -0.3174
v -1.161 4.0127 -0.3174
v -1.161 4.0484 -0.3174
v 1.3719 -0.5191 -0.1743
v -0.1544 -0.5191 -0.4728
v 1.0735 -0.2895 -0.4728
v -0.4529 -0.2895 -0.1743
v 1.3719 -0.2895 0.1694
v -0.1544 -0.2895 0.4679
v 1.0735 -0.5191 0.4679
v -0.4529 -0.5191 0.1694
v -0.4529 -0.5191 -0.1743
v -0.1544 -0.2895 -0.4728
v -0.4529 -0.2895 0.1694
v -0.1544 -0.5191 0.4679
v 1.3719 -0.5191 0.1694
v 1.0735 -0.2895 0.4679
v 1.3719 -0.2895 -0.1743
v 1.0735 -0.5191 -0.4728
v -0.2619 -0.5191 -0.4608
v -0.3455 -0.5191 -0.425
v -0.4052 -0.5191 -0.3653
v -0.441 -0.5191 -0.2817
v -0.2619 -0.2895 -0.4608
v -0.3455 -0.2895 -0.425
v -0.4052 -0.2895 -0.3653
v -0.441 -0.2895 -0.2817
v -0.2619 -0.2895 0.4559
v -0.3455 -0.2895 0.4201
v -0.4052 -0.2895 0.3604
v -0.441 -0.2895 0.2769
v -0.2619 -0.5191 0.4559
v -0.3455 -0.5191 0.4201
v -0.4052 -0.5191 0.3604
v -0.441 -0.5191 0.2769
v 1.1809 -0.5191 0.4559
v 1.2645 -0.5191 0.4201
v 1.3242 -0.5191 0.3604
v 1.36 -0.5191 0.2769
v 1.1809 -0.2895 0.4559
v 1.2645 -0.2895 0.4201
v 1.3242 -0.2895 0.3604
v 1.36 -0.2895 0.2769
v 1.1809 -0.2895 -0.4608
v 1.2645 -0.2895 -0.425
v 1.3242 -0.2895 -0.3653
v 1.36 -0.2895 -0.2817
v 1.1809 -0.5191 -0.4608
v 1.2645 -0.5191 -0.425
v 1.3242 -0.5191 -0.3653
v 1.36 -0.5191 -0.2817
vt 0.5409 0.9821
vt 0.5409 0.9833
vt 0.5858 0.9833
vt 0.5858 0.9821
vt 0.5409 0.9821
vt 0.5858 0.9833
vt 0.4838 0.3617
vt 0.4838 0.4341
vt 0.4849 0.4341
vt 0.4849 0.4341
vt 0.4849 0.3617
vt 0.4838 0.3617
vt 0.4849 0.4341
vt 0.4862 0.4341
vt 0.4862 0.3617
vt 0.4849 0.3617
vt 0.4849 0.4341
vt 0.4862 0.3617
vt 0.4885 0.4341
vt 0.4901 0.4341
vt 0.4901 0.3617
vt 0.4885 0.3617
vt 0.4885 0.4341
vt 0.4901 0.3617
vt 0.4901 0.3617
vt 0.4901 0.4341
vt 0.4918 0.4341
vt 0.4918 0.4341
vt 0.4918 0.3617
vt 0.4901 0.3617
vt 0.4918 0.4341
vt 0.4938 0.4341
vt 0.4938 0.3617
vt 0.4918 0.3617
vt 0.4918 0.4341
vt 0.4938 0.3617
vt 0.4969 0.4341
vt 0.499 0.4341
vt 0.499 0.3617
vt 0.4969 0.3617
vt 0.4969 0.4341
vt 0.499 0.3617
vt 0.499 0.3617
vt 0.499 0.4341
vt 0.501 0.4341
vt 0.501 0.4341
vt 0.501 0.3617
vt 0.499 0.3617
vt 0.501 0.4341
vt 0.503 0.4341
vt 0.503 0.3617
vt 0.501 0.3617
vt 0.501 0.4341
vt 0.503 0.3617
vt 0.5062 0.4341
vt 0.5081 0.4341
vt 0.5081 0.3617
vt 0.5062 0.3617
vt 0.5062 0.4341
vt 0.5081 0.3617
vt 0.5081 0.3617
vt 0.5081 0.4341
vt 0.5099 0.4341
vt 0.5099 0.4341
vt 0.5099 0.3617
vt 0.5081 0.3617
vt 0.5099 0.4341
vt 0.5115 0.4341
vt 0.5115 0.3617
vt 0.5099 0.3617
vt 0.5099 0.4341
vt 0.5115 0.3617
vt 0.5138 0.4341
vt 0.5151 0.4341
vt 0.5151 0.3617
vt 0.5138 0.3617
vt 0.5138 0.4341
vt 0.5151 0.3617
vt 0.5151 0.3617
vt 0.5151 0.4341
vt 0.5161 0.4341
vt 0.5161 0.4341
vt 0.5161 0.3617
vt 0.5151 0.3617
vt 0.1258 0.9833
vt 0.1258 0.9821
vt 0.0808 0.9821
vt 0.0808 0.9833
vt 0.1258 0.9833
vt 0.0808 0.9821
vt 0.1258 0.9802
vt 0.1258 0.9789
vt 0.0808 0.9789
vt 0.0808 0.9802
vt 0.1258 0.9802
vt 0.0808 0.9789
vt 0.0808 0.9789
vt 0.1258 0.9789
vt 0.1258 0.9776
vt 0.1258 0.9776
vt 0.0808 0.9776
vt 0.0808 0.9789
vt 0.1258 0.9776
vt 0.1258 0.9764
vt 0.0808 0.9764
vt 0.0808 0.9776
vt 0.1258 0.9776
vt 0.0808 0.9764
vt 0.1258 0.9744
vt 0.1258 0.9732
vt 0.0808 0.9732
vt 0.0808 0.9744
vt 0.1258 0.9744
vt 0.0808 0.9732
vt 0.5161 0.305
vt 0.5161 0.2326
vt 0.5151 0.2326
vt 0.5151 0.2326
vt 0.5151 0.305
vt 0.5161 0.305
vt 0.5151 0.2326
vt 0.5138 0.2326
vt 0.5138 0.305
vt 0.5151 0.305
vt 0.5151 0.2326
vt 0.5138 0.305
vt 0.5062 0.305
vt 0.5081 0.305
vt 0.5081 0.2326
vt 0.5062 0.2326
vt 0.5062 0.305
vt 0.5081 0.2326
vt 0.5081 0.2326
vt 0.5081 0.305
vt 0.5099 0.305
vt 0.5099 0.305
vt 0.5099 0.2326
vt 0.5081 0.2326
vt 0.5099 0.305
vt 0.5115 0.305
vt 0.5115 0.2326
vt 0.5099 0.2326
vt 0.5099 0.305
vt 0.5115 0.2326
vt 0.503 0.2326
vt 0.501 0.2326
vt 0.501 0.305
vt 0.503 0.305
vt 0.503 0.2326
vt 0.501 0.305
vt 0.501 0.305
vt 0.501 0.2326
vt 0.499 0.2326
vt 0.499 0.2326
vt 0.499 0.305
vt 0.501 0.305
vt 0.499 0.2326
vt 0.4969 0.2326
vt 0.4969 0.305
vt 0.499 0.305
vt 0.499 0.2326
vt 0.4969 0.305
vt 0.4938 0.2326
vt 0.4918 0.2326
vt 0.4918 0.305
vt 0.4938 0.305
vt 0.4938 0.2326
vt 0.4918 0.305
vt 0.4918 0.305
vt 0.4918 0.2326
vt 0.4901 0.2326
vt 0.4901 0.2326
vt 0.4901 0.305
vt 0.4918 0.305
vt 0.4901 0.2326
vt 0.4885 0.2326
vt 0.4885 0.305
vt 0.4901 0.305
vt 0.4901 0.2326
vt 0.4885 0.305
vt 0.4862 0.2326
vt 0.4849 0.2326
vt 0.4849 0.305
vt 0.4862 0.305
vt 0.4862 0.2326
vt 0.4849 0.305
vt 0.4849 0.305
vt 0.4849 0.2326
vt 0.4838 0.2326
vt 0.4838 0.2326
vt 0.4838 0.305
vt 0.4849 0.305
vt 0.5409 0.9732
vt 0.5409 0.9744
vt 0.5858 0.9744
vt 0.5858 0.9732
vt 0.5409 0.9732
vt 0.5858 0.9744
vt 0.5409 0.9764
vt 0.5409 0.9776
vt 0.5858 0.9776
vt 0.5858 0.9764
vt 0.5409 0.9764
vt 0.5858 0.9776
vt 0.5858 0.9776
vt 0.5409 0.9776
vt 0.5409 0.9789
vt 0.5409 0.9789
vt 0.5858 0.9789
vt 0.5858 0.9776
vt 0.5409 0.9789
vt 0.5409 0.9802
vt 0.5858 0.9802
vt 0.5858 0.9789
vt 0.5409 0.9789
vt 0.5858 0.9802
vt 0.167 0.3057
vt 0.1568 0.3095
vt 0.1572 0.3106
vt 0.1586 0.3127
vt 0.167 0.3057
vt 0.1572 0.3106
vt 0.1586 0.3127
vt 0.1572 0.3106
vt 0.1578 0.3117
vt 0.1744 0.6437
vt 0.1747 0.646
vt 0.1755 0.645
vt 0.1765 0.6428
vt 0.1744 0.6437
vt 0.1755 0.645
vt 0.1765 0.6428
vt 0.1755 0.645
vt 0.1761 0.644
vt 0.167 0.3057
vt 0.1601 0.3141
vt 0.161 0.3149
vt 0.1633 0.3159
vt 0.167 0.3057
vt 0.161 0.3149
vt 0.1633 0.3159
vt 0.161 0.3149
vt 0.1621 0.3155
vt 0.171 0.6471
vt 0.1701 0.6493
vt 0.1713 0.6488
vt 0.1733 0.6474
vt 0.171 0.6471
vt 0.1713 0.6488
vt 0.1733 0.6474
vt 0.1713 0.6488
vt 0.1723 0.6482
vt 0.167 0.3057
vt 0.1652 0.3164
vt 0.1664 0.3167
vt 0.1689 0.3164
vt 0.167 0.3057
vt 0.1664 0.3167
vt 0.1689 0.3164
vt 0.1664 0.3167
vt 0.1677 0.3167
vt 0.1663 0.6484
vt 0.1645 0.6498
vt 0.1657 0.65
vt 0.1681 0.6498
vt 0.1663 0.6484
vt 0.1657 0.65
vt 0.1681 0.6498
vt 0.1657 0.65
vt 0.1669 0.65
vt 0.167 0.3057
vt 0.1708 0.3159
vt 0.172 0.3155
vt 0.174 0.3141
vt 0.167 0.3057
vt 0.172 0.3155
vt 0.174 0.3141
vt 0.172 0.3155
vt 0.1731 0.3149
vt 0.1616 0.6471
vt 0.1593 0.6474
vt 0.1603 0.6482
vt 0.1625 0.6493
vt 0.1616 0.6471
vt 0.1603 0.6482
vt 0.1625 0.6493
vt 0.1603 0.6482
vt 0.1613 0.6488
vt 0.167 0.3057
vt 0.1754 0.3127
vt 0.1762 0.3117
vt 0.1773 0.3095
vt 0.167 0.3057
vt 0.1762 0.3117
vt 0.1773 0.3095
vt 0.1762 0.3117
vt 0.1769 0.3106
vt 0.1582 0.6437
vt 0.1561 0.6428
vt 0.1565 0.644
vt 0.1579 0.646
vt 0.1582 0.6437
vt 0.1565 0.644
vt 0.1579 0.646
vt 0.1565 0.644
vt 0.1571 0.645
vt 0.167 0.3057
vt 0.1778 0.3075
vt 0.178 0.3063
vt 0.1778 0.3038
vt 0.167 0.3057
vt 0.178 0.3063
vt 0.1778 0.3038
vt 0.178 0.3063
vt 0.178 0.3051
vt 0.157 0.639
vt 0.1555 0.6372
vt 0.1553 0.6384
vt 0.1555 0.6409
vt 0.157 0.639
vt 0.1553 0.6384
vt 0.1555 0.6409
vt 0.1553 0.6384
vt 0.1553 0.6396
vt 0.167 0.3057
vt 0.1773 0.3019
vt 0.1769 0.3007
vt 0.1754 0.2987
vt 0.167 0.3057
vt 0.1769 0.3007
vt 0.1754 0.2987
vt 0.1769 0.3007
vt 0.1762 0.2997
vt 0.1582 0.6343
vt 0.1579 0.632
vt 0.1571 0.633
vt 0.1561 0.6352
vt 0.1582 0.6343
vt 0.1571 0.633
vt 0.1561 0.6352
vt 0.1571 0.633
vt 0.1565 0.6341
vt 0.167 0.3057
vt 0.174 0.2973
vt 0.1731 0.2965
vt 0.1708 0.2954
vt 0.167 0.3057
vt 0.1731 0.2965
vt 0.1708 0.2954
vt 0.1731 0.2965
vt 0.172 0.2959
vt 0.1616 0.6309
vt 0.1625 0.6288
vt 0.1613 0.6292
vt 0.1593 0.6306
vt 0.1616 0.6309
vt 0.1613 0.6292
vt 0.1593 0.6306
vt 0.1613 0.6292
vt 0.1603 0.6298
vt 0.167 0.3057
vt 0.1689 0.2949
vt 0.1677 0.2947
vt 0.1652 0.2949
vt 0.167 0.3057
vt 0.1677 0.2947
vt 0.1652 0.2949
vt 0.1677 0.2947
vt 0.1664 0.2947
vt 0.1663 0.6297
vt 0.1681 0.6283
vt 0.1669 0.628
vt 0.1645 0.6283
vt 0.1663 0.6297
vt 0.1669 0.628
vt 0.1645 0.6283
vt 0.1669 0.628
vt 0.1657 0.628
vt 0.167 0.3057
vt 0.1633 0.2954
vt 0.1621 0.2959
vt 0.1601 0.2973
vt 0.167 0.3057
vt 0.1621 0.2959
vt 0.1601 0.2973
vt 0.1621 0.2959
vt 0.161 0.2965
vt 0.171 0.6309
vt 0.1733 0.6306
vt 0.1723 0.6298
vt 0.1701 0.6288
vt 0.171 0.6309
vt 0.1723 0.6298
vt 0.1701 0.6288
vt 0.1723 0.6298
vt 0.1713 0.6292
vt 0.167 0.3057
vt 0.1586 0.2987
vt 0.1578 0.2997
vt 0.1568 0.3019
vt 0.167 0.3057
vt 0.1578 0.2997
vt 0.1568 0.3019
vt 0.1578 0.2997
vt 0.1572 0.3007
vt 0.1744 0.6343
vt 0.1765 0.6352
vt 0.1761 0.6341
vt 0.1747 0.632
vt 0.1744 0.6343
vt 0.1761 0.6341
vt 0.1747 0.632
vt 0.1761 0.6341
vt 0.1755 0.633
vt 0.167 0.3057
vt 0.1563 0.3038
vt 0.1561 0.3051
vt 0.1563 0.3075
vt 0.167 0.3057
vt 0.1561 0.3051
vt 0.1563 0.3075
vt 0.1561 0.3051
vt 0.1561 0.3063
vt 0.1756 0.639
vt 0.1771 0.6409
vt 0.1773 0.6396
vt 0.1771 0.6372
vt 0.1756 0.639
vt 0.1773 0.6396
vt 0.1771 0.6372
vt 0.1773 0.6396
vt 0.1773 0.6384
vt 0.4885 0.4341
vt 0.4885 0.3617
vt 0.4862 0.3617
vt 0.4862 0.4341
vt 0.4885 0.4341
vt 0.4862 0.3617
vt 0.1586 0.3127
vt 0.1601 0.3141
vt 0.167 0.3057
vt 0.1563 0.3075
vt 0.1568 0.3095
vt 0.167 0.3057
vt 0.5409 0.9802
vt 0.5409 0.9821
vt 0.5858 0.9821
vt 0.5858 0.9802
vt 0.5409 0.9802
vt 0.5858 0.9821
vt 0.1771 0.6409
vt 0.1756 0.639
vt 0.1663 0.639
vt 0.1765 0.6428
vt 0.1771 0.6409
vt 0.1663 0.639
vt 0.1744 0.6437
vt 0.1765 0.6428
vt 0.1663 0.639
vt 0.1747 0.646
vt 0.1744 0.6437
vt 0.1663 0.639
vt 0.1733 0.6474
vt 0.1747 0.646
vt 0.1663 0.639
vt 0.171 0.6471
vt 0.1733 0.6474
vt 0.1663 0.639
vt 0.4938 0.4341
vt 0.4969 0.4341
vt 0.4969 0.3617
vt 0.4938 0.3617
vt 0.4938 0.4341
vt 0.4969 0.3617
vt 0.1633 0.3159
vt 0.1652 0.3164
vt 0.167 0.3057
vt 0.1701 0.6493
vt 0.171 0.6471
vt 0.1663 0.639
vt 0.1681 0.6498
vt 0.1701 0.6493
vt 0.1663 0.639
vt 0.1663 0.6484
vt 0.1681 0.6498
vt 0.1663 0.639
vt 0.5062 0.4341
vt 0.5062 0.3617
vt 0.503 0.3617
vt 0.503 0.4341
vt 0.5062 0.4341
vt 0.503 0.3617
vt 0.1689 0.3164
vt 0.1708 0.3159
vt 0.167 0.3057
vt 0.1645 0.6498
vt 0.1663 0.6484
vt 0.1663 0.639
vt 0.1625 0.6493
vt 0.1645 0.6498
vt 0.1663 0.639
vt 0.1616 0.6471
vt 0.1625 0.6493
vt 0.1663 0.639
vt 0.5138 0.4341
vt 0.5138 0.3617
vt 0.5115 0.3617
vt 0.5115 0.4341
vt 0.5138 0.4341
vt 0.5115 0.3617
vt 0.174 0.3141
vt 0.1754 0.3127
vt 0.167 0.3057
vt 0.1593 0.6474
vt 0.1616 0.6471
vt 0.1663 0.639
vt 0.1579 0.646
vt 0.1593 0.6474
vt 0.1663 0.639
vt 0.1582 0.6437
vt 0.1579 0.646
vt 0.1663 0.639
vt 0.1258 0.9802
vt 0.0808 0.9802
vt 0.0808 0.9821
vt 0.1258 0.9821
vt 0.1258 0.9802
vt 0.0808 0.9821
vt 0.1773 0.3095
vt 0.1778 0.3075
vt 0.167 0.3057
vt 0.1561 0.6428
vt 0.1582 0.6437
vt 0.1663 0.639
vt 0.1555 0.6409
vt 0.1561 0.6428
vt 0.1663 0.639
vt 0.157 0.639
vt 0.1555 0.6409
vt 0.1663 0.639
vt 0.1258 0.9744
vt 0.0808 0.9744
vt 0.0808 0.9764
vt 0.1258 0.9764
vt 0.1258 0.9744
vt 0.0808 0.9764
vt 0.1778 0.3038
vt 0.1773 0.3019
vt 0.167 0.3057
vt 0.1555 0.6372
vt 0.157 0.639
vt 0.1663 0.639
vt 0.1561 0.6352
vt 0.1555 0.6372
vt 0.1663 0.639
vt 0.1582 0.6343
vt 0.1561 0.6352
vt 0.1663 0.639
vt 0.5138 0.2326
vt 0.5115 0.2326
vt 0.5115 0.305
vt 0.5138 0.305
vt 0.5138 0.2326
vt 0.5115 0.305
vt 0.1754 0.2987
vt 0.174 0.2973
vt 0.167 0.3057
vt 0.1579 0.632
vt 0.1582 0.6343
vt 0.1663 0.639
vt 0.1593 0.6306
vt 0.1579 0.632
vt 0.1663 0.639
vt 0.1616 0.6309
vt 0.1593 0.6306
vt 0.1663 0.639
vt 0.503 0.2326
vt 0.503 0.305
vt 0.5062 0.305
vt 0.5062 0.2326
vt 0.503 0.2326
vt 0.5062 0.305
vt 0.1708 0.2954
vt 0.1689 0.2949
vt 0.167 0.3057
vt 0.1625 0.6288
vt 0.1616 0.6309
vt 0.1663 0.639
vt 0.1645 0.6283
vt 0.1625 0.6288
vt 0.1663 0.639
vt 0.1663 0.6297
vt 0.1645 0.6283
vt 0.1663 0.639
vt 0.4969 0.2326
vt 0.4938 0.2326
vt 0.4938 0.305
vt 0.4969 0.305
vt 0.4969 0.2326
vt 0.4938 0.305
vt 0.1652 0.2949
vt 0.1633 0.2954
vt 0.167 0.3057
vt 0.1681 0.6283
vt 0.1663 0.6297
vt 0.1663 0.639
vt 0.1701 0.6288
vt 0.1681 0.6283
vt 0.1663 0.639
vt 0.171 0.6309
vt 0.1701 0.6288
vt 0.1663 0.639
vt 0.4862 0.2326
vt 0.4862 0.305
vt 0.4885 0.305
vt 0.4885 0.2326
vt 0.4862 0.2326
vt 0.4885 0.305
vt 0.1601 0.2973
vt 0.1586 0.2987
vt 0.167 0.3057
vt 0.1733 0.6306
vt 0.171 0.6309
vt 0.1663 0.639
vt 0.1747 0.632
vt 0.1733 0.6306
vt 0.1663 0.639
vt 0.1744 0.6343
vt 0.1747 0.632
vt 0.1663 0.639
vt 0.5409 0.9744
vt 0.5409 0.9764
vt 0.5858 0.9764
vt 0.5858 0.9744
vt 0.5409 0.9744
vt 0.5858 0.9764
vt 0.1568 0.3019
vt 0.1563 0.3038
vt 0.167 0.3057
vt 0.1765 0.6352
vt 0.1744 0.6343
vt 0.1663 0.639
vt 0.1771 0.6372
vt 0.1765 0.6352
vt 0.1663 0.639
vt 0.1756 0.639
vt 0.1771 0.6372
vt 0.1663 0.639
vt 0.5 0.1966
vt 0.5 0.2222
vt 0.5073 0.2222
vt 0.5073 0.1966
vt 0.5 0.1966
vt 0.5073 0.2222
vt 0.4926 0.1966
vt 0.4926 0.2222
vt 0.5 0.2222
vt 0.5 0.1966
vt 0.4926 0.1966
vt 0.5 0.2222
vt 0.4872 0.1966
vt 0.4872 0.2222
vt 0.4926 0.2222
vt 0.4926 0.1966
vt 0.4872 0.1966
vt 0.4926 0.2222
vt 0.5186 0.9719
vt 0.5345 0.9783
vt 0.5345 0.9737
vt 0.5186 0.9674
vt 0.5186 0.9719
vt 0.5345 0.9737
vt 0.5186 0.9765
vt 0.5345 0.9828
vt 0.5345 0.9783
vt 0.5186 0.9719
vt 0.5186 0.9765
vt 0.5345 0.9783
vt 0.4926 0.47
vt 0.4926 0.4444
vt 0.4872 0.4444
vt 0.4872 0.47
vt 0.4926 0.47
vt 0.4872 0.4444
vt 0.5 0.47
vt 0.5 0.4444
vt 0.4926 0.4444
vt 0.4926 0.47
vt 0.5 0.47
vt 0.4926 0.4444
vt 0.5073 0.47
vt 0.5073 0.4444
vt 0.5 0.4444
vt 0.5 0.47
vt 0.5073 0.47
vt 0.5 0.4444
vt 0.5127 0.47
vt 0.5127 0.4444
vt 0.5073 0.4444
vt 0.5073 0.47
vt 0.5127 0.47
vt 0.5073 0.4444
vt 0.1481 0.9719
vt 0.1322 0.9783
vt 0.1322 0.9828
vt 0.1481 0.9765
vt 0.1481 0.9719
vt 0.1322 0.9828
vt 0.1481 0.9674
vt 0.1322 0.9737
vt 0.1322 0.9783
vt 0.1481 0.9719
vt 0.1481 0.9674
vt 0.1322 0.9783
vt 0.5073 0.1966
vt 0.5073 0.2222
vt 0.5127 0.2222
vt 0.5127 0.1966
vt 0.5073 0.1966
vt 0.5127 0.2222
vt 0.5 0.2222
vt 0.5 0.3136
vt 0.5073 0.3136
vt 0.5073 0.2222
vt 0.5 0.2222
vt 0.5073 0.3136
vt 0.4926 0.2222
vt 0.4926 0.3136
vt 0.5 0.3136
vt 0.5 0.2222
vt 0.4926 0.2222
vt 0.5 0.3136
vt 0.4872 0.2222
vt 0.4872 0.3136
vt 0.4926 0.3136
vt 0.4926 0.2222
vt 0.4872 0.2222
vt 0.4926 0.3136
vt 0.5345 0.9783
vt 0.5912 0.9783
vt 0.5912 0.9737
vt 0.5345 0.9737
vt 0.5345 0.9783
vt 0.5912 0.9737
vt 0.5345 0.9828
vt 0.5912 0.9828
vt 0.5912 0.9783
vt 0.5345 0.9783
vt 0.5345 0.9828
vt 0.5912 0.9783
vt 0.4926 0.4444
vt 0.4926 0.353
vt 0.4872 0.353
vt 0.4872 0.4444
vt 0.4926 0.4444
vt 0.4872 0.353
vt 0.5 0.4444
vt 0.5 0.353
vt 0.4926 0.353
vt 0.4926 0.4444
vt 0.5 0.4444
vt 0.4926 0.353
vt 0.5073 0.4444
vt 0.5073 0.353
vt 0.5 0.353
vt 0.5 0.4444
vt 0.5073 0.4444
vt 0.5 0.353
vt 0.5127 0.4444
vt 0.5127 0.353
vt 0.5073 0.353
vt 0.5073 0.4444
vt 0.5127 0.4444
vt 0.5073 0.353
vt 0.1322 0.9783
vt 0.0755 0.9783
vt 0.0755 0.9828
vt 0.1322 0.9828
vt 0.1322 0.9783
vt 0.0755 0.9828
vt 0.1322 0.9737
vt 0.0755 0.9737
vt 0.0755 0.9783
vt 0.1322 0.9783
vt 0.1322 0.9737
vt 0.0755 0.9783
vt 0.5073 0.2222
vt 0.5073 0.3136
vt 0.5127 0.3136
vt 0.5127 0.2222
vt 0.5073 0.2222
vt 0.5127 0.3136
vt 0.1555 0.2912
vt 0.1537 0.2979
vt 0.1556 0.298
vt 0.1555 0.2912
vt 0.1556 0.298
vt 0.1571 0.2922
vt 0.1583 0.2932
vt 0.1571 0.2922
vt 0.1556 0.298
vt 0.1583 0.2932
vt 0.1556 0.298
vt 0.157 0.2983
vt 0.1591 0.2942
vt 0.1583 0.2932
vt 0.157 0.2983
vt 0.1578 0.2988
vt 0.1591 0.2942
vt 0.157 0.2983
vt 0.5186 0.9674
vt 0.5168 0.9665
vt 0.5168 0.9712
vt 0.5168 0.9712
vt 0.5186 0.9719
vt 0.5186 0.9674
vt 0.1604 0.2863
vt 0.1555 0.2912
vt 0.1571 0.2922
vt 0.1571 0.2922
vt 0.1613 0.2881
vt 0.1604 0.2863
vt 0.162 0.2896
vt 0.1613 0.2881
vt 0.1571 0.2922
vt 0.1571 0.2922
vt 0.1583 0.2932
vt 0.162 0.2896
vt 0.1624 0.2908
vt 0.162 0.2896
vt 0.1583 0.2932
vt 0.1583 0.2932
vt 0.1591 0.2942
vt 0.1624 0.2908
vt 0.4926 0.1966
vt 0.4924 0.1938
vt 0.4868 0.1938
vt 0.4868 0.1938
vt 0.4872 0.1966
vt 0.4926 0.1966
vt 0.167 0.2845
vt 0.1604 0.2863
vt 0.1613 0.2881
vt 0.167 0.2865
vt 0.167 0.2845
vt 0.1613 0.2881
vt 0.167 0.2882
vt 0.167 0.2865
vt 0.1613 0.2881
vt 0.167 0.2882
vt 0.1613 0.2881
vt 0.162 0.2896
vt 0.167 0.2895
vt 0.167 0.2882
vt 0.162 0.2896
vt 0.167 0.2895
vt 0.162 0.2896
vt 0.1624 0.2908
vt 0.5 0.1966
vt 0.5 0.1938
vt 0.4924 0.1938
vt 0.5 0.1966
vt 0.4924 0.1938
vt 0.4926 0.1966
vt 0.1737 0.2863
vt 0.167 0.2845
vt 0.167 0.2865
vt 0.1728 0.2881
vt 0.1737 0.2863
vt 0.167 0.2865
vt 0.1728 0.2881
vt 0.167 0.2865
vt 0.167 0.2882
vt 0.167 0.2882
vt 0.1721 0.2896
vt 0.1728 0.2881
vt 0.1721 0.2896
vt 0.167 0.2882
vt 0.167 0.2895
vt 0.167 0.2895
vt 0.1717 0.2908
vt 0.1721 0.2896
vt 0.5 0.1938
vt 0.5 0.1966
vt 0.5073 0.1966
vt 0.5076 0.1938
vt 0.5 0.1938
vt 0.5073 0.1966
vt 0.1786 0.2912
vt 0.1737 0.2863
vt 0.1728 0.2881
vt 0.177 0.2922
vt 0.1786 0.2912
vt 0.1728 0.2881
vt 0.177 0.2922
vt 0.1728 0.2881
vt 0.1721 0.2896
vt 0.177 0.2922
vt 0.1721 0.2896
vt 0.1758 0.2932
vt 0.1758 0.2932
vt 0.1721 0.2896
vt 0.1717 0.2908
vt 0.175 0.2942
vt 0.1758 0.2932
vt 0.1717 0.2908
vt 0.5073 0.1966
vt 0.5127 0.1966
vt 0.5131 0.1938
vt 0.5076 0.1938
vt 0.5073 0.1966
vt 0.5131 0.1938
vt 0.1804 0.2979
vt 0.1786 0.2912
vt 0.177 0.2922
vt 0.1804 0.2979
vt 0.177 0.2922
vt 0.1785 0.298
vt 0.1785 0.298
vt 0.177 0.2922
vt 0.1758 0.2932
vt 0.1758 0.2932
vt 0.1771 0.2983
vt 0.1785 0.298
vt 0.1771 0.2983
vt 0.1758 0.2932
vt 0.175 0.2942
vt 0.1771 0.2983
vt 0.175 0.2942
vt 0.1763 0.2988
vt 0.1481 0.9674
vt 0.1481 0.9719
vt 0.1499 0.9712
vt 0.1499 0.9665
vt 0.1481 0.9674
vt 0.1499 0.9712
vt 0.1786 0.3046
vt 0.1804 0.2979
vt 0.1785 0.298
vt 0.177 0.3037
vt 0.1786 0.3046
vt 0.1785 0.298
vt 0.177 0.3037
vt 0.1785 0.298
vt 0.1771 0.2983
vt 0.1771 0.2983
vt 0.1758 0.3033
vt 0.177 0.3037
vt 0.1511 0.9758
vt 0.1511 0.9707
vt 0.1499 0.9712
vt 0.1499 0.9712
vt 0.1499 0.9759
vt 0.1511 0.9758
vt 0.1481 0.9719
vt 0.1481 0.9765
vt 0.1499 0.9759
vt 0.1499 0.9712
vt 0.1481 0.9719
vt 0.1499 0.9759
vt 0.1737 0.3095
vt 0.1786 0.3046
vt 0.177 0.3037
vt 0.1728 0.3079
vt 0.1737 0.3095
vt 0.177 0.3037
vt 0.1728 0.3079
vt 0.177 0.3037
vt 0.1758 0.3033
vt 0.1758 0.3033
vt 0.1721 0.307
vt 0.1728 0.3079
vt 0.5083 0.4749
vt 0.5143 0.4749
vt 0.5131 0.4729
vt 0.5076 0.4729
vt 0.5083 0.4749
vt 0.5131 0.4729
vt 0.5076 0.4729
vt 0.5131 0.4729
vt 0.5127 0.47
vt 0.5076 0.4729
vt 0.5127 0.47
vt 0.5073 0.47
vt 0.167 0.3113
vt 0.1737 0.3095
vt 0.1728 0.3079
vt 0.1728 0.3079
vt 0.167 0.3094
vt 0.167 0.3113
vt 0.167 0.3094
vt 0.1728 0.3079
vt 0.1721 0.307
vt 0.1721 0.307
vt 0.167 0.3083
vt 0.167 0.3094
vt 0.5 0.4749
vt 0.5083 0.4749
vt 0.5076 0.4729
vt 0.5 0.4729
vt 0.5 0.4749
vt 0.5076 0.4729
vt 0.5 0.4729
vt 0.5076 0.4729
vt 0.5073 0.47
vt 0.5 0.4729
vt 0.5073 0.47
vt 0.5 0.47
vt 0.1613 0.3079
vt 0.1604 0.3095
vt 0.167 0.3113
vt 0.1613 0.3079
vt 0.167 0.3113
vt 0.167 0.3094
vt 0.162 0.307
vt 0.1613 0.3079
vt 0.167 0.3094
vt 0.162 0.307
vt 0.167 0.3094
vt 0.167 0.3083
vt 0.4924 0.4729
vt 0.4917 0.4749
vt 0.5 0.4749
vt 0.4924 0.4729
vt 0.5 0.4749
vt 0.5 0.4729
vt 0.4926 0.47
vt 0.4924 0.4729
vt 0.5 0.4729
vt 0.5 0.47
vt 0.4926 0.47
vt 0.5 0.4729
vt 0.1571 0.3037
vt 0.1555 0.3046
vt 0.1604 0.3095
vt 0.1604 0.3095
vt 0.1613 0.3079
vt 0.1571 0.3037
vt 0.1583 0.3033
vt 0.1571 0.3037
vt 0.1613 0.3079
vt 0.1583 0.3033
vt 0.1613 0.3079
vt 0.162 0.307
vt 0.4868 0.4729
vt 0.4857 0.4749
vt 0.4917 0.4749
vt 0.4917 0.4749
vt 0.4924 0.4729
vt 0.4868 0.4729
vt 0.4872 0.47
vt 0.4868 0.4729
vt 0.4924 0.4729
vt 0.4926 0.47
vt 0.4872 0.47
vt 0.4924 0.4729
vt 0.1556 0.298
vt 0.1537 0.2979
vt 0.1555 0.3046
vt 0.1555 0.3046
vt 0.1571 0.3037
vt 0.1556 0.298
vt 0.157 0.2983
vt 0.1556 0.298
vt 0.1571 0.3037
vt 0.157 0.2983
vt 0.1571 0.3037
vt 0.1583 0.3033
vt 0.5168 0.9712
vt 0.5155 0.9707
vt 0.5155 0.9758
vt 0.5168 0.9712
vt 0.5155 0.9758
vt 0.5168 0.9759
vt 0.5186 0.9719
vt 0.5168 0.9712
vt 0.5168 0.9759
vt 0.5186 0.9765
vt 0.5186 0.9719
vt 0.5168 0.9759
vt 0.1615 0.3057
vt 0.1623 0.3084
vt 0.1643 0.3105
vt 0.1623 0.3029
vt 0.1615 0.3057
vt 0.1643 0.3105
vt 0.1643 0.3009
vt 0.1623 0.3029
vt 0.1643 0.3105
vt 0.167 0.3002
vt 0.1643 0.3009
vt 0.1643 0.3105
vt 0.1698 0.3009
vt 0.167 0.3002
vt 0.1643 0.3105
vt 0.1718 0.3029
vt 0.1698 0.3009
vt 0.1643 0.3105
vt 0.1726 0.3057
vt 0.1718 0.3029
vt 0.1643 0.3105
vt 0.1718 0.3084
vt 0.1726 0.3057
vt 0.1643 0.3105
vt 0.1698 0.3105
vt 0.1718 0.3084
vt 0.1643 0.3105
vt 0.1643 0.3105
vt 0.167 0.3112
vt 0.1698 0.3105
vt 0.4872 0.353
vt 0.4926 0.353
vt 0.4929 0.35
vt 0.4929 0.35
vt 0.4878 0.35
vt 0.4872 0.353
vt 0.1633 0.3121
vt 0.1606 0.3094
vt 0.1596 0.31
vt 0.1596 0.31
vt 0.1628 0.3131
vt 0.1633 0.3121
vt 0.1643 0.3105
vt 0.1623 0.3084
vt 0.1606 0.3094
vt 0.1643 0.3105
vt 0.1606 0.3094
vt 0.1633 0.3121
vt 0.4926 0.353
vt 0.5 0.353
vt 0.5 0.35
vt 0.4929 0.35
vt 0.4926 0.353
vt 0.5 0.35
vt 0.167 0.3131
vt 0.1633 0.3121
vt 0.1628 0.3131
vt 0.1628 0.3131
vt 0.167 0.3143
vt 0.167 0.3131
vt 0.167 0.3112
vt 0.1643 0.3105
vt 0.1633 0.3121
vt 0.167 0.3112
vt 0.1633 0.3121
vt 0.167 0.3131
vt 0.5 0.353
vt 0.5073 0.353
vt 0.507 0.35
vt 0.507 0.35
vt 0.5 0.35
vt 0.5 0.353
vt 0.1708 0.3121
vt 0.167 0.3131
vt 0.167 0.3143
vt 0.167 0.3143
vt 0.1713 0.3131
vt 0.1708 0.3121
vt 0.1698 0.3105
vt 0.167 0.3112
vt 0.167 0.3131
vt 0.1698 0.3105
vt 0.167 0.3131
vt 0.1708 0.3121
vt 0.5073 0.353
vt 0.5127 0.353
vt 0.5122 0.35
vt 0.5122 0.35
vt 0.507 0.35
vt 0.5073 0.353
vt 0.1735 0.3094
vt 0.1708 0.3121
vt 0.1713 0.3131
vt 0.1713 0.3131
vt 0.1745 0.31
vt 0.1735 0.3094
vt 0.1718 0.3084
vt 0.1698 0.3105
vt 0.1708 0.3121
vt 0.1718 0.3084
vt 0.1708 0.3121
vt 0.1735 0.3094
vt 0.0755 0.9828
vt 0.0755 0.9783
vt 0.0736 0.9783
vt 0.0736 0.9783
vt 0.0736 0.9826
vt 0.0755 0.9828
vt 0.1745 0.3057
vt 0.1735 0.3094
vt 0.1745 0.31
vt 0.1745 0.31
vt 0.1756 0.3057
vt 0.1745 0.3057
vt 0.1726 0.3057
vt 0.1718 0.3084
vt 0.1735 0.3094
vt 0.1726 0.3057
vt 0.1735 0.3094
vt 0.1745 0.3057
vt 0.0755 0.9783
vt 0.0755 0.9737
vt 0.0736 0.9739
vt 0.0736 0.9739
vt 0.0736 0.9783
vt 0.0755 0.9783
vt 0.1735 0.302
vt 0.1745 0.3057
vt 0.1756 0.3057
vt 0.1756 0.3057
vt 0.1745 0.3014
vt 0.1735 0.302
vt 0.1718 0.3029
vt 0.1726 0.3057
vt 0.1745 0.3057
vt 0.1718 0.3029
vt 0.1745 0.3057
vt 0.1735 0.302
vt 0.5127 0.3136
vt 0.5073 0.3136
vt 0.507 0.3167
vt 0.507 0.3167
vt 0.5122 0.3167
vt 0.5127 0.3136
vt 0.1708 0.2993
vt 0.1735 0.302
vt 0.1745 0.3014
vt 0.1745 0.3014
vt 0.1713 0.2983
vt 0.1708 0.2993
vt 0.1698 0.3009
vt 0.1718 0.3029
vt 0.1735 0.302
vt 0.1698 0.3009
vt 0.1735 0.302
vt 0.1708 0.2993
vt 0.5073 0.3136
vt 0.5 0.3136
vt 0.5 0.3167
vt 0.5 0.3167
vt 0.507 0.3167
vt 0.5073 0.3136
vt 0.167 0.2983
vt 0.1708 0.2993
vt 0.1713 0.2983
vt 0.1713 0.2983
vt 0.167 0.2971
vt 0.167 0.2983
vt 0.167 0.3002
vt 0.1698 0.3009
vt 0.1708 0.2993
vt 0.167 0.3002
vt 0.1708 0.2993
vt 0.167 0.2983
vt 0.5 0.3136
vt 0.4926 0.3136
vt 0.4929 0.3167
vt 0.4929 0.3167
vt 0.5 0.3167
vt 0.5 0.3136
vt 0.1633 0.2993
vt 0.167 0.2983
vt 0.167 0.2971
vt 0.167 0.2971
vt 0.1628 0.2983
vt 0.1633 0.2993
vt 0.1643 0.3009
vt 0.167 0.3002
vt 0.167 0.2983
vt 0.1643 0.3009
vt 0.167 0.2983
vt 0.1633 0.2993
vt 0.4926 0.3136
vt 0.4872 0.3136
vt 0.4878 0.3167
vt 0.4878 0.3167
vt 0.4929 0.3167
vt 0.4926 0.3136
vt 0.1606 0.302
vt 0.1633 0.2993
vt 0.1628 0.2983
vt 0.1628 0.2983
vt 0.1596 0.3014
vt 0.1606 0.302
vt 0.1623 0.3029
vt 0.1643 0.3009
vt 0.1633 0.2993
vt 0.1623 0.3029
vt 0.1633 0.2993
vt 0.1606 0.302
vt 0.5912 0.9737
vt 0.5912 0.9783
vt 0.5931 0.9783
vt 0.5931 0.9783
vt 0.5931 0.9739
vt 0.5912 0.9737
vt 0.1596 0.3057
vt 0.1606 0.302
vt 0.1596 0.3014
vt 0.1596 0.3014
vt 0.1585 0.3057
vt 0.1596 0.3057
vt 0.1615 0.3057
vt 0.1623 0.3029
vt 0.1606 0.302
vt 0.1615 0.3057
vt 0.1606 0.302
vt 0.1596 0.3057
vt 0.5912 0.9783
vt 0.5912 0.9828
vt 0.5931 0.9826
vt 0.5931 0.9826
vt 0.5931 0.9783
vt 0.5912 0.9783
vt 0.1606 0.3094
vt 0.1596 0.3057
vt 0.1585 0.3057
vt 0.1585 0.3057
vt 0.1596 0.31
vt 0.1606 0.3094
vt 0.1623 0.3084
vt 0.1615 0.3057
vt 0.1596 0.3057
vt 0.1623 0.3084
vt 0.1596 0.3057
vt 0.1606 0.3094
vt 0.1671 0.2979
vt 0.1671 0.1501
vt 0.1608 0.1501
vt 0.1608 0.1501
vt 0.1599 0.2979
vt 0.1671 0.2979
vt 0.1742 0.2979
vt 0.1733 0.1501
vt 0.1671 0.1501
vt 0.1671 0.1501
vt 0.1671 0.2979
vt 0.1742 0.2979
vt 0.1795 0.2979
vt 0.1779 0.1501
vt 0.1733 0.1501
vt 0.1733 0.1501
vt 0.1742 0.2979
vt 0.1795 0.2979
vt 0.1668 0.9703
vt 0.1668 0.8195
vt 0.1604 0.8195
vt 0.1604 0.8195
vt 0.1595 0.9703
vt 0.1668 0.9703
vt 0.1741 0.9703
vt 0.1731 0.8195
vt 0.1668 0.8195
vt 0.1668 0.8195
vt 0.1668 0.9703
vt 0.1741 0.9703
vt 0.1591 0.6312
vt 0.16 0.4834
vt 0.1555 0.4834
vt 0.1555 0.4834
vt 0.1539 0.6312
vt 0.1591 0.6312
vt 0.1663 0.6312
vt 0.1663 0.4834
vt 0.16 0.4834
vt 0.16 0.4834
vt 0.1591 0.6312
vt 0.1663 0.6312
vt 0.1735 0.6312
vt 0.1725 0.4834
vt 0.1663 0.4834
vt 0.1663 0.4834
vt 0.1663 0.6312
vt 0.1735 0.6312
vt 0.1787 0.6312
vt 0.1771 0.4834
vt 0.1725 0.4834
vt 0.1725 0.4834
vt 0.1735 0.6312
vt 0.1787 0.6312
vt 0.4999 0.9703
vt 0.4999 0.8195
vt 0.4936 0.8195
vt 0.4936 0.8195
vt 0.4926 0.9703
vt 0.4999 0.9703
vt 0.5072 0.9703
vt 0.5063 0.8195
vt 0.4999 0.8195
vt 0.4999 0.8195
vt 0.4999 0.9703
vt 0.5072 0.9703
vt 0.1599 0.2979
vt 0.1608 0.1501
vt 0.1562 0.1501
vt 0.1562 0.1501
vt 0.1546 0.2979
vt 0.1599 0.2979
vt 0.4764 0.5002
vt 0.4796 0.5119
vt 0.5 0.5002
vt 0.4796 0.5119
vt 0.4882 0.5205
vt 0.5 0.5002
vt 0.4882 0.5205
vt 0.5 0.5237
vt 0.5 0.5002
vt 0.5 0.5237
vt 0.5118 0.5205
vt 0.5 0.5002
vt 0.5118 0.5205
vt 0.5204 0.5119
vt 0.5 0.5002
vt 0.5204 0.5119
vt 0.5236 0.5002
vt 0.5 0.5002
vt 0.5 0.4766
vt 0.4882 0.4798
vt 0.5 0.5002
vt 0.4882 0.4798
vt 0.4796 0.4884
vt 0.5 0.5002
vt 0.4796 0.4884
vt 0.4764 0.5002
vt 0.5 0.5002
vt 0.5236 0.5002
vt 0.5204 0.4884
vt 0.5 0.5002
vt 0.5204 0.4884
vt 0.5118 0.4798
vt 0.5 0.5002
vt 0.5118 0.4798
vt 0.5 0.4766
vt 0.5 0.5002
vt 0.4779 0.1665
vt 0.4774 0.1665
vt 0.4804 0.1778
vt 0.4808 0.1775
vt 0.4779 0.1665
vt 0.4804 0.1778
vt 0.4808 0.1555
vt 0.4804 0.1552
vt 0.4774 0.1665
vt 0.4779 0.1665
vt 0.4808 0.1555
vt 0.4774 0.1665
vt 0.4889 0.1474
vt 0.4887 0.147
vt 0.4804 0.1552
vt 0.4808 0.1555
vt 0.4889 0.1474
vt 0.4804 0.1552
vt 0.5 0.1445
vt 0.5 0.144
vt 0.4887 0.147
vt 0.4889 0.1474
vt 0.5 0.1445
vt 0.4887 0.147
vt 0.5111 0.1474
vt 0.5113 0.147
vt 0.5 0.144
vt 0.5 0.1445
vt 0.5111 0.1474
vt 0.5 0.144
vt 0.5192 0.1555
vt 0.5196 0.1552
vt 0.5113 0.147
vt 0.5111 0.1474
vt 0.5192 0.1555
vt 0.5113 0.147
vt 0.5221 0.1665
vt 0.5226 0.1665
vt 0.5196 0.1552
vt 0.5192 0.1555
vt 0.5221 0.1665
vt 0.5196 0.1552
vt 0.5192 0.1775
vt 0.5196 0.1778
vt 0.5226 0.1665
vt 0.5221 0.1665
vt 0.5192 0.1775
vt 0.5226 0.1665
vt 0.5111 0.1856
vt 0.5113 0.1861
vt 0.5196 0.1778
vt 0.5192 0.1775
vt 0.5111 0.1856
vt 0.5196 0.1778
vt 0.5 0.1886
vt 0.5 0.1891
vt 0.5113 0.1861
vt 0.5111 0.1856
vt 0.5 0.1886
vt 0.5113 0.1861
vt 0.4889 0.1856
vt 0.4887 0.1861
vt 0.5 0.1891
vt 0.5 0.1886
vt 0.4889 0.1856
vt 0.5 0.1891
vt 0.4808 0.1775
vt 0.4804 0.1778
vt 0.4887 0.1861
vt 0.4889 0.1856
vt 0.4808 0.1775
vt 0.4887 0.1861
vt 0.4804 0.1778
vt 0.4774 0.1665
vt 0.5 0.1665
vt 0.4774 0.1665
vt 0.4804 0.1552
vt 0.5 0.1665
vt 0.4804 0.1552
vt 0.4887 0.147
vt 0.5 0.1665
vt 0.4887 0.147
vt 0.5 0.144
vt 0.5 0.1665
vt 0.5 0.144
vt 0.5113 0.147
vt 0.5 0.1665
vt 0.5113 0.147
vt 0.5196 0.1552
vt 0.5 0.1665
vt 0.5196 0.1552
vt 0.5226 0.1665
vt 0.5 0.1665
vt 0.5226 0.1665
vt 0.5196 0.1778
vt 0.5 0.1665
vt 0.5196 0.1778
vt 0.5113 0.1861
vt 0.5 0.1665
vt 0.5113 0.1861
vt 0.5 0.1891
vt 0.5 0.1665
vt 0.5 0.1891
vt 0.4887 0.1861
vt 0.5 0.1665
vt 0.4887 0.1861
vt 0.4804 0.1778
vt 0.5 0.1665
vt 0.1671 0.0503
vt 0.1671 0.0554
vt 0.1757 0.0554
vt 0.1757 0.0503
vt 0.1671 0.0503
vt 0.1757 0.0554
vt 0.1584 0.0503
vt 0.1584 0.0554
vt 0.1671 0.0554
vt 0.1671 0.0503
vt 0.1584 0.0503
vt 0.1671 0.0554
vt 0.1757 0.0503
vt 0.1757 0.0554
vt 0.182 0.0554
vt 0.182 0.0503
vt 0.1757 0.0503
vt 0.182 0.0554
vt 0.158 0.7177
vt 0.158 0.7229
vt 0.1668 0.7229
vt 0.1668 0.7177
vt 0.158 0.7177
vt 0.1668 0.7229
vt 0.1668 0.7177
vt 0.1668 0.7229
vt 0.1755 0.7229
vt 0.1755 0.7177
vt 0.1668 0.7177
vt 0.1755 0.7229
vt 0.1514 0.3837
vt 0.1514 0.3888
vt 0.1577 0.3888
vt 0.1577 0.3837
vt 0.1514 0.3837
vt 0.1577 0.3888
vt 0.1577 0.3837
vt 0.1577 0.3888
vt 0.1663 0.3888
vt 0.1663 0.3837
vt 0.1577 0.3837
vt 0.1663 0.3888
vt 0.1663 0.3837
vt 0.1663 0.3888
vt 0.1749 0.3888
vt 0.1749 0.3837
vt 0.1663 0.3837
vt 0.1749 0.3888
vt 0.1749 0.3837
vt 0.1749 0.3888
vt 0.1812 0.3888
vt 0.1812 0.3837
vt 0.1749 0.3837
vt 0.1812 0.3888
vt 0.4911 0.7177
vt 0.4911 0.7229
vt 0.4999 0.7229
vt 0.4999 0.7177
vt 0.4911 0.7177
vt 0.4999 0.7229
vt 0.4999 0.7177
vt 0.4999 0.7229
vt 0.5087 0.7229
vt 0.5087 0.7177
vt 0.4999 0.7177
vt 0.5087 0.7229
vt 0.1521 0.0503
vt 0.1521 0.0554
vt 0.1584 0.0554
vt 0.1584 0.0503
vt 0.1521 0.0503
vt 0.1584 0.0554
vt 0.4998 0.1667
vt 0.5192 0.1555
vt 0.5111 0.1474
vt 0.4998 0.1667
vt 0.5221 0.1665
vt 0.5192 0.1555
vt 0.4998 0.1667
vt 0.5192 0.1775
vt 0.5221 0.1665
vt 0.4998 0.1667
vt 0.5111 0.1856
vt 0.5192 0.1775
vt 0.4998 0.1667
vt 0.5 0.1886
vt 0.5111 0.1856
vt 0.4998 0.1667
vt 0.4889 0.1856
vt 0.5 0.1886
vt 0.4998 0.1667
vt 0.4808 0.1775
vt 0.4889 0.1856
vt 0.4998 0.1667
vt 0.4779 0.1665
vt 0.4808 0.1775
vt 0.4998 0.1667
vt 0.4808 0.1555
vt 0.4779 0.1665
vt 0.4998 0.1667
vt 0.4889 0.1474
vt 0.4808 0.1555
vt 0.4998 0.1667
vt 0.5 0.1445
vt 0.4889 0.1474
vt 0.4998 0.1667
vt 0.5111 0.1474
vt 0.5 0.1445
vt 0.1584 0.0503
vt 0.1671 0.0503
vt 0.1671 0.0487
vt 0.1586 0.0487
vt 0.1584 0.0503
vt 0.1671 0.0487
vt 0.1586 0.0487
vt 0.1671 0.0487
vt 0.1671 0.0476
vt 0.1671 0.0476
vt 0.1589 0.0476
vt 0.1586 0.0487
vt 0.5 0.1932
vt 0.5 0.1913
vt 0.4876 0.188
vt 0.5 0.1932
vt 0.4876 0.188
vt 0.4866 0.1896
vt 0.5 0.1913
vt 0.5 0.1886
vt 0.4889 0.1856
vt 0.4876 0.188
vt 0.5 0.1913
vt 0.4889 0.1856
vt 0.1521 0.0503
vt 0.1584 0.0503
vt 0.1586 0.0487
vt 0.1523 0.0487
vt 0.1521 0.0503
vt 0.1586 0.0487
vt 0.1523 0.0487
vt 0.1586 0.0487
vt 0.1589 0.0476
vt 0.1589 0.0476
vt 0.153 0.0476
vt 0.1523 0.0487
vt 0.4866 0.1896
vt 0.4876 0.188
vt 0.4785 0.1789
vt 0.4866 0.1896
vt 0.4785 0.1789
vt 0.4768 0.1799
vt 0.4876 0.188
vt 0.4889 0.1856
vt 0.4808 0.1775
vt 0.4785 0.1789
vt 0.4876 0.188
vt 0.4808 0.1775
vt 0.4999 0.7177
vt 0.5087 0.7177
vt 0.5086 0.7161
vt 0.4999 0.7161
vt 0.4999 0.7177
vt 0.5086 0.7161
vt 0.4721 0.1665
vt 0.4758 0.1805
vt 0.4768 0.1799
vt 0.4768 0.1799
vt 0.4732 0.1665
vt 0.4721 0.1665
vt 0.4768 0.1799
vt 0.4785 0.1789
vt 0.4752 0.1665
vt 0.4768 0.1799
vt 0.4752 0.1665
vt 0.4732 0.1665
vt 0.4785 0.1789
vt 0.4808 0.1775
vt 0.4779 0.1665
vt 0.4785 0.1789
vt 0.4779 0.1665
vt 0.4752 0.1665
vt 0.4911 0.7177
vt 0.4999 0.7177
vt 0.4999 0.7161
vt 0.4913 0.7161
vt 0.4911 0.7177
vt 0.4999 0.7161
vt 0.4758 0.1526
vt 0.4721 0.1665
vt 0.4732 0.1665
vt 0.4732 0.1665
vt 0.4768 0.1532
vt 0.4758 0.1526
vt 0.4732 0.1665
vt 0.4752 0.1665
vt 0.4785 0.1541
vt 0.4732 0.1665
vt 0.4785 0.1541
vt 0.4768 0.1532
vt 0.4752 0.1665
vt 0.4779 0.1665
vt 0.4808 0.1555
vt 0.4752 0.1665
vt 0.4808 0.1555
vt 0.4785 0.1541
vt 0.1749 0.3837
vt 0.1812 0.3837
vt 0.181 0.3821
vt 0.1748 0.3821
vt 0.1749 0.3837
vt 0.181 0.3821
vt 0.1748 0.3821
vt 0.181 0.3821
vt 0.1804 0.3809
vt 0.1804 0.3809
vt 0.1744 0.3809
vt 0.1748 0.3821
vt 0.4768 0.1532
vt 0.4785 0.1541
vt 0.4876 0.1451
vt 0.4768 0.1532
vt 0.4876 0.1451
vt 0.4866 0.1434
vt 0.4785 0.1541
vt 0.4808 0.1555
vt 0.4889 0.1474
vt 0.4876 0.1451
vt 0.4785 0.1541
vt 0.4889 0.1474
vt 0.1663 0.3837
vt 0.1749 0.3837
vt 0.1748 0.3821
vt 0.1663 0.3821
vt 0.1663 0.3837
vt 0.1748 0.3821
vt 0.1663 0.3821
vt 0.1748 0.3821
vt 0.1744 0.3809
vt 0.1744 0.3809
vt 0.1663 0.3809
vt 0.1663 0.3821
vt 0.4866 0.1434
vt 0.4876 0.1451
vt 0.5 0.1417
vt 0.4866 0.1434
vt 0.5 0.1417
vt 0.5 0.1398
vt 0.4876 0.1451
vt 0.4889 0.1474
vt 0.5 0.1445
vt 0.5 0.1417
vt 0.4876 0.1451
vt 0.5 0.1445
vt 0.1577 0.3837
vt 0.1663 0.3837
vt 0.1663 0.3821
vt 0.1578 0.3821
vt 0.1577 0.3837
vt 0.1663 0.3821
vt 0.1578 0.3821
vt 0.1663 0.3821
vt 0.1663 0.3809
vt 0.1663 0.3809
vt 0.1581 0.3809
vt 0.1578 0.3821
vt 0.5 0.1398
vt 0.5 0.1417
vt 0.5124 0.1451
vt 0.5 0.1398
vt 0.5124 0.1451
vt 0.5134 0.1434
vt 0.5 0.1417
vt 0.5 0.1445
vt 0.5111 0.1474
vt 0.5124 0.1451
vt 0.5 0.1417
vt 0.5111 0.1474
vt 0.1514 0.3837
vt 0.1577 0.3837
vt 0.1578 0.3821
vt 0.1516 0.3821
vt 0.1514 0.3837
vt 0.1578 0.3821
vt 0.1516 0.3821
vt 0.1578 0.3821
vt 0.1581 0.3809
vt 0.1581 0.3809
vt 0.1522 0.3809
vt 0.1516 0.3821
vt 0.5134 0.1434
vt 0.5124 0.1451
vt 0.5215 0.1541
vt 0.5134 0.1434
vt 0.5215 0.1541
vt 0.5232 0.1532
vt 0.5124 0.1451
vt 0.5111 0.1474
vt 0.5192 0.1555
vt 0.5215 0.1541
vt 0.5124 0.1451
vt 0.5192 0.1555
vt 0.1668 0.7177
vt 0.1755 0.7177
vt 0.1754 0.7161
vt 0.1668 0.7161
vt 0.1668 0.7177
vt 0.1754 0.7161
vt 0.5279 0.1665
vt 0.5242 0.1526
vt 0.5232 0.1532
vt 0.5232 0.1532
vt 0.5268 0.1665
vt 0.5279 0.1665
vt 0.5232 0.1532
vt 0.5215 0.1541
vt 0.5248 0.1665
vt 0.5232 0.1532
vt 0.5248 0.1665
vt 0.5268 0.1665
vt 0.5215 0.1541
vt 0.5192 0.1555
vt 0.5221 0.1665
vt 0.5215 0.1541
vt 0.5221 0.1665
vt 0.5248 0.1665
vt 0.158 0.7177
vt 0.1668 0.7177
vt 0.1668 0.7161
vt 0.1581 0.7161
vt 0.158 0.7177
vt 0.1668 0.7161
vt 0.5242 0.1805
vt 0.5279 0.1665
vt 0.5268 0.1665
vt 0.5268 0.1665
vt 0.5232 0.1799
vt 0.5242 0.1805
vt 0.5268 0.1665
vt 0.5248 0.1665
vt 0.5215 0.1789
vt 0.5268 0.1665
vt 0.5215 0.1789
vt 0.5232 0.1799
vt 0.5248 0.1665
vt 0.5221 0.1665
vt 0.5192 0.1775
vt 0.5248 0.1665
vt 0.5192 0.1775
vt 0.5215 0.1789
vt 0.1757 0.0503
vt 0.182 0.0503
vt 0.1818 0.0487
vt 0.1755 0.0487
vt 0.1757 0.0503
vt 0.1818 0.0487
vt 0.1755 0.0487
vt 0.1818 0.0487
vt 0.1812 0.0476
vt 0.1812 0.0476
vt 0.1752 0.0476
vt 0.1755 0.0487
vt 0.5232 0.1799
vt 0.5215 0.1789
vt 0.5124 0.188
vt 0.5232 0.1799
vt 0.5124 0.188
vt 0.5134 0.1896
vt 0.5215 0.1789
vt 0.5192 0.1775
vt 0.5111 0.1856
vt 0.5124 0.188
vt 0.5215 0.1789
vt 0.5111 0.1856
vt 0.1671 0.0503
vt 0.1757 0.0503
vt 0.1755 0.0487
vt 0.1671 0.0487
vt 0.1671 0.0503
vt 0.1755 0.0487
vt 0.1671 0.0487
vt 0.1755 0.0487
vt 0.1752 0.0476
vt 0.1752 0.0476
vt 0.1671 0.0476
vt 0.1671 0.0487
vt 0.5134 0.1896
vt 0.5124 0.188
vt 0.5 0.1913
vt 0.5134 0.1896
vt 0.5 0.1913
vt 0.5 0.1932
vt 0.5124 0.188
vt 0.5111 0.1856
vt 0.5 0.1886
vt 0.5 0.1913
vt 0.5124 0.188
vt 0.5 0.1886
vt 0.4889 0.4811
vt 0.5 0.4781
vt 0.5 0.4754
vt 0.4876 0.4787
vt 0.4889 0.4811
vt 0.5 0.4754
vt 0.4876 0.4787
vt 0.5 0.4754
vt 0.5 0.4734
vt 0.4876 0.4787
vt 0.5 0.4734
vt 0.4866 0.477
vt 0.1671 0.057
vt 0.1586 0.057
vt 0.1589 0.0582
vt 0.1589 0.0582
vt 0.1671 0.0582
vt 0.1671 0.057
vt 0.1671 0.0554
vt 0.1584 0.0554
vt 0.1586 0.057
vt 0.1671 0.057
vt 0.1671 0.0554
vt 0.1586 0.057
vt 0.4808 0.4891
vt 0.4889 0.4811
vt 0.4876 0.4787
vt 0.4785 0.4878
vt 0.4808 0.4891
vt 0.4876 0.4787
vt 0.4785 0.4878
vt 0.4876 0.4787
vt 0.4866 0.477
vt 0.4785 0.4878
vt 0.4866 0.477
vt 0.4768 0.4868
vt 0.1586 0.057
vt 0.1523 0.057
vt 0.153 0.0582
vt 0.153 0.0582
vt 0.1589 0.0582
vt 0.1586 0.057
vt 0.1584 0.0554
vt 0.1521 0.0554
vt 0.1523 0.057
vt 0.1586 0.057
vt 0.1584 0.0554
vt 0.1523 0.057
vt 0.4779 0.5002
vt 0.4808 0.4891
vt 0.4785 0.4878
vt 0.4779 0.5002
vt 0.4785 0.4878
vt 0.4752 0.5002
vt 0.4752 0.5002
vt 0.4785 0.4878
vt 0.4768 0.4868
vt 0.4752 0.5002
vt 0.4768 0.4868
vt 0.4732 0.5002
vt 0.4758 0.4862
vt 0.4721 0.5002
vt 0.4732 0.5002
vt 0.4732 0.5002
vt 0.4768 0.4868
vt 0.4758 0.4862
vt 0.5087 0.7229
vt 0.4999 0.7229
vt 0.4999 0.7245
vt 0.5086 0.7245
vt 0.5087 0.7229
vt 0.4999 0.7245
vt 0.4808 0.5112
vt 0.4779 0.5002
vt 0.4752 0.5002
vt 0.4808 0.5112
vt 0.4752 0.5002
vt 0.4785 0.5125
vt 0.4785 0.5125
vt 0.4752 0.5002
vt 0.4732 0.5002
vt 0.4785 0.5125
vt 0.4732 0.5002
vt 0.4768 0.5135
vt 0.4721 0.5002
vt 0.4758 0.5141
vt 0.4768 0.5135
vt 0.4768 0.5135
vt 0.4732 0.5002
vt 0.4721 0.5002
vt 0.4999 0.7229
vt 0.4911 0.7229
vt 0.4913 0.7245
vt 0.4999 0.7245
vt 0.4999 0.7229
vt 0.4913 0.7245
vt 0.4889 0.5192
vt 0.4808 0.5112
vt 0.4785 0.5125
vt 0.4876 0.5216
vt 0.4889 0.5192
vt 0.4785 0.5125
vt 0.4876 0.5216
vt 0.4785 0.5125
vt 0.4768 0.5135
vt 0.4876 0.5216
vt 0.4768 0.5135
vt 0.4866 0.5233
vt 0.181 0.3904
vt 0.1748 0.3904
vt 0.1744 0.3915
vt 0.1744 0.3915
vt 0.1804 0.3915
vt 0.181 0.3904
vt 0.1812 0.3888
vt 0.1749 0.3888
vt 0.1748 0.3904
vt 0.181 0.3904
vt 0.1812 0.3888
vt 0.1748 0.3904
vt 0.5 0.5222
vt 0.4889 0.5192
vt 0.4876 0.5216
vt 0.5 0.5249
vt 0.5 0.5222
vt 0.4876 0.5216
vt 0.5 0.5249
vt 0.4876 0.5216
vt 0.4866 0.5233
vt 0.5 0.5249
vt 0.4866 0.5233
vt 0.5 0.5269
vt 0.1748 0.3904
vt 0.1663 0.3904
vt 0.1663 0.3915
vt 0.1663 0.3915
vt 0.1744 0.3915
vt 0.1748 0.3904
vt 0.1749 0.3888
vt 0.1663 0.3888
vt 0.1663 0.3904
vt 0.1748 0.3904
vt 0.1749 0.3888
vt 0.1663 0.3904
vt 0.5111 0.5192
vt 0.5 0.5222
vt 0.5 0.5249
vt 0.5124 0.5216
vt 0.5111 0.5192
vt 0.5 0.5249
vt 0.5124 0.5216
vt 0.5 0.5249
vt 0.5 0.5269
vt 0.5124 0.5216
vt 0.5 0.5269
vt 0.5134 0.5233
vt 0.1663 0.3904
vt 0.1578 0.3904
vt 0.1581 0.3915
vt 0.1581 0.3915
vt 0.1663 0.3915
vt 0.1663 0.3904
vt 0.1663 0.3888
vt 0.1577 0.3888
vt 0.1578 0.3904
vt 0.1663 0.3904
vt 0.1663 0.3888
vt 0.1578 0.3904
vt 0.5192 0.5112
vt 0.5111 0.5192
vt 0.5124 0.5216
vt 0.5215 0.5125
vt 0.5192 0.5112
vt 0.5124 0.5216
vt 0.5215 0.5125
vt 0.5124 0.5216
vt 0.5134 0.5233
vt 0.5215 0.5125
vt 0.5134 0.5233
vt 0.5232 0.5135
vt 0.1578 0.3904
vt 0.1516 0.3904
vt 0.1522 0.3915
vt 0.1522 0.3915
vt 0.1581 0.3915
vt 0.1578 0.3904
vt 0.1577 0.3888
vt 0.1514 0.3888
vt 0.1516 0.3904
vt 0.1578 0.3904
vt 0.1577 0.3888
vt 0.1516 0.3904
vt 0.5221 0.5002
vt 0.5192 0.5112
vt 0.5215 0.5125
vt 0.5221 0.5002
vt 0.5215 0.5125
vt 0.5248 0.5002
vt 0.5248 0.5002
vt 0.5215 0.5125
vt 0.5232 0.5135
vt 0.5248 0.5002
vt 0.5232 0.5135
vt 0.5268 0.5002
vt 0.5242 0.5141
vt 0.5279 0.5002
vt 0.5268 0.5002
vt 0.5268 0.5002
vt 0.5232 0.5135
vt 0.5242 0.5141
vt 0.1755 0.7229
vt 0.1668 0.7229
vt 0.1668 0.7245
vt 0.1754 0.7245
vt 0.1755 0.7229
vt 0.1668 0.7245
vt 0.5192 0.4891
vt 0.5221 0.5002
vt 0.5248 0.5002
vt 0.5192 0.4891
vt 0.5248 0.5002
vt 0.5215 0.4878
vt 0.5215 0.4878
vt 0.5248 0.5002
vt 0.5268 0.5002
vt 0.5215 0.4878
vt 0.5268 0.5002
vt 0.5232 0.4868
vt 0.5279 0.5002
vt 0.5242 0.4862
vt 0.5232 0.4868
vt 0.5232 0.4868
vt 0.5268 0.5002
vt 0.5279 0.5002
vt 0.1668 0.7229
vt 0.158 0.7229
vt 0.1581 0.7245
vt 0.1668 0.7245
vt 0.1668 0.7229
vt 0.1581 0.7245
vt 0.5111 0.4811
vt 0.5192 0.4891
vt 0.5215 0.4878
vt 0.5124 0.4787
vt 0.5111 0.4811
vt 0.5215 0.4878
vt 0.5124 0.4787
vt 0.5215 0.4878
vt 0.5232 0.4868
vt 0.5124 0.4787
vt 0.5232 0.4868
vt 0.5134 0.477
vt 0.1818 0.057
vt 0.1755 0.057
vt 0.1752 0.0582
vt 0.1752 0.0582
vt 0.1812 0.0582
vt 0.1818 0.057
vt 0.182 0.0554
vt 0.1757 0.0554
vt 0.1755 0.057
vt 0.1818 0.057
vt 0.182 0.0554
vt 0.1755 0.057
vt 0.5 0.4781
vt 0.5111 0.4811
vt 0.5124 0.4787
vt 0.5 0.4754
vt 0.5 0.4781
vt 0.5124 0.4787
vt 0.5 0.4754
vt 0.5124 0.4787
vt 0.5134 0.477
vt 0.5 0.4754
vt 0.5134 0.477
vt 0.5 0.4734
vt 0.1755 0.057
vt 0.1671 0.057
vt 0.1671 0.0582
vt 0.1671 0.0582
vt 0.1752 0.0582
vt 0.1755 0.057
vt 0.1757 0.0554
vt 0.1671 0.0554
vt 0.1671 0.057
vt 0.1755 0.057
vt 0.1757 0.0554
vt 0.1671 0.057
vt 0.5 0.8188
vt 0.5 0.8165
vt 0.4939 0.8174
vt 0.4942 0.8196
vt 0.5 0.8188
vt 0.4939 0.8174
vt 0.4757 0.5
vt 0.4775 0.5093
vt 0.4809 0.5079
vt 0.4757 0.5
vt 0.4809 0.5079
vt 0.4793 0.5
vt 0.483 0.5
vt 0.4793 0.5
vt 0.4809 0.5079
vt 0.483 0.5
vt 0.4809 0.5079
vt 0.4843 0.5065
vt 0.1667 0.8188
vt 0.1707 0.8196
vt 0.1703 0.8174
vt 0.1667 0.8188
vt 0.1703 0.8174
vt 0.1667 0.8165
vt 0.1707 0.8151
vt 0.1667 0.8143
vt 0.1667 0.8165
vt 0.1707 0.8151
vt 0.1667 0.8165
vt 0.1703 0.8174
vt 0.4809 0.1588
vt 0.4793 0.1667
vt 0.483 0.1667
vt 0.4809 0.1588
vt 0.483 0.1667
vt 0.4843 0.1602
vt 0.4775 0.1574
vt 0.4757 0.1667
vt 0.4793 0.1667
vt 0.4793 0.1667
vt 0.4809 0.1588
vt 0.4775 0.1574
vt 0.5 0.8165
vt 0.5 0.8143
vt 0.4942 0.8151
vt 0.4939 0.8174
vt 0.5 0.8165
vt 0.4942 0.8151
vt 0.4942 0.8196
vt 0.4939 0.8174
vt 0.4887 0.8182
vt 0.4894 0.8204
vt 0.4942 0.8196
vt 0.4887 0.8182
vt 0.4775 0.5093
vt 0.4828 0.5171
vt 0.4854 0.5146
vt 0.4775 0.5093
vt 0.4854 0.5146
vt 0.4809 0.5079
vt 0.4843 0.5065
vt 0.4809 0.5079
vt 0.4854 0.5146
vt 0.4843 0.5065
vt 0.4854 0.5146
vt 0.488 0.512
vt 0.1575 0.1502
vt 0.1597 0.151
vt 0.1604 0.1488
vt 0.1575 0.1502
vt 0.1604 0.1488
vt 0.1583 0.148
vt 0.1741 0.8159
vt 0.1707 0.8151
vt 0.1703 0.8174
vt 0.1741 0.8159
vt 0.1703 0.8174
vt 0.1734 0.8182
vt 0.4854 0.1521
vt 0.4809 0.1588
vt 0.4843 0.1602
vt 0.4854 0.1521
vt 0.4843 0.1602
vt 0.488 0.1547
vt 0.4828 0.1495
vt 0.4775 0.1574
vt 0.4809 0.1588
vt 0.4809 0.1588
vt 0.4854 0.1521
vt 0.4828 0.1495
vt 0.1808 0.4813
vt 0.1799 0.4791
vt 0.1767 0.4799
vt 0.1774 0.4822
vt 0.1808 0.4813
vt 0.1767 0.4799
vt 0.1767 0.4844
vt 0.1774 0.4822
vt 0.1723 0.483
vt 0.172 0.4852
vt 0.1767 0.4844
vt 0.1723 0.483
vt 0.4828 0.5171
vt 0.4907 0.5224
vt 0.4921 0.519
vt 0.4828 0.5171
vt 0.4921 0.519
vt 0.4854 0.5146
vt 0.488 0.512
vt 0.4854 0.5146
vt 0.4921 0.519
vt 0.488 0.512
vt 0.4921 0.519
vt 0.4935 0.5157
vt 0.1597 0.151
vt 0.1631 0.1519
vt 0.1634 0.1496
vt 0.1597 0.151
vt 0.1634 0.1496
vt 0.1604 0.1488
vt 0.1631 0.1474
vt 0.1597 0.1466
vt 0.1604 0.1488
vt 0.1631 0.1474
vt 0.1604 0.1488
vt 0.1634 0.1496
vt 0.4921 0.1476
vt 0.4854 0.1521
vt 0.488 0.1547
vt 0.4921 0.1476
vt 0.488 0.1547
vt 0.4935 0.151
vt 0.4907 0.1443
vt 0.4828 0.1495
vt 0.4854 0.1521
vt 0.4854 0.1521
vt 0.4921 0.1476
vt 0.4907 0.1443
vt 0.1774 0.4822
vt 0.1767 0.4799
vt 0.172 0.4808
vt 0.1723 0.483
vt 0.1774 0.4822
vt 0.172 0.4808
vt 0.172 0.4852
vt 0.1723 0.483
vt 0.1663 0.4838
vt 0.1663 0.486
vt 0.172 0.4852
vt 0.1663 0.4838
vt 0.4907 0.5224
vt 0.4999 0.5242
vt 0.4999 0.5206
vt 0.4907 0.5224
vt 0.4999 0.5206
vt 0.4921 0.519
vt 0.4935 0.5157
vt 0.4921 0.519
vt 0.4999 0.5206
vt 0.4935 0.5157
vt 0.4999 0.5206
vt 0.4999 0.517
vt 0.1631 0.1519
vt 0.167 0.1527
vt 0.167 0.1505
vt 0.1631 0.1519
vt 0.167 0.1505
vt 0.1634 0.1496
vt 0.167 0.1482
vt 0.1631 0.1474
vt 0.1634 0.1496
vt 0.167 0.1482
vt 0.1634 0.1496
vt 0.167 0.1505
vt 0.4999 0.1461
vt 0.4921 0.1476
vt 0.4935 0.151
vt 0.4999 0.1461
vt 0.4935 0.151
vt 0.4999 0.1497
vt 0.4999 0.1424
vt 0.4907 0.1443
vt 0.4921 0.1476
vt 0.4921 0.1476
vt 0.4999 0.1461
vt 0.4999 0.1424
vt 0.1723 0.483
vt 0.172 0.4808
vt 0.1663 0.4816
vt 0.1663 0.4838
vt 0.1723 0.483
vt 0.1663 0.4816
vt 0.1663 0.486
vt 0.1663 0.4838
vt 0.1603 0.4846
vt 0.1607 0.4868
vt 0.1663 0.486
vt 0.1603 0.4846
vt 0.4999 0.5242
vt 0.5092 0.5224
vt 0.5078 0.519
vt 0.4999 0.5242
vt 0.5078 0.519
vt 0.4999 0.5206
vt 0.4999 0.517
vt 0.4999 0.5206
vt 0.5078 0.519
vt 0.4999 0.517
vt 0.5078 0.519
vt 0.5064 0.5157
vt 0.167 0.1527
vt 0.171 0.1535
vt 0.1706 0.1513
vt 0.167 0.1527
vt 0.1706 0.1513
vt 0.167 0.1505
vt 0.171 0.1491
vt 0.167 0.1482
vt 0.167 0.1505
vt 0.171 0.1491
vt 0.167 0.1505
vt 0.1706 0.1513
vt 0.5078 0.1476
vt 0.4999 0.1461
vt 0.4999 0.1497
vt 0.5078 0.1476
vt 0.4999 0.1497
vt 0.5064 0.151
vt 0.5092 0.1443
vt 0.4999 0.1424
vt 0.4999 0.1461
vt 0.4999 0.1461
vt 0.5078 0.1476
vt 0.5092 0.1443
vt 0.1663 0.4838
vt 0.1663 0.4816
vt 0.1607 0.4824
vt 0.1603 0.4846
vt 0.1663 0.4838
vt 0.1607 0.4824
vt 0.1607 0.4868
vt 0.1603 0.4846
vt 0.1553 0.4854
vt 0.1559 0.4877
vt 0.1607 0.4868
vt 0.1553 0.4854
vt 0.5092 0.5224
vt 0.5171 0.5171
vt 0.5145 0.5146
vt 0.5092 0.5224
vt 0.5145 0.5146
vt 0.5078 0.519
vt 0.5064 0.5157
vt 0.5078 0.519
vt 0.5145 0.5146
vt 0.5064 0.5157
vt 0.5145 0.5146
vt 0.5119 0.512
vt 0.171 0.1535
vt 0.1743 0.1543
vt 0.1737 0.1521
vt 0.171 0.1535
vt 0.1737 0.1521
vt 0.1706 0.1513
vt 0.1743 0.1499
vt 0.171 0.1491
vt 0.1706 0.1513
vt 0.1743 0.1499
vt 0.1706 0.1513
vt 0.1737 0.1521
vt 0.5145 0.1521
vt 0.5078 0.1476
vt 0.5064 0.151
vt 0.5145 0.1521
vt 0.5064 0.151
vt 0.5119 0.1547
vt 0.5171 0.1495
vt 0.5092 0.1443
vt 0.5078 0.1476
vt 0.5078 0.1476
vt 0.5145 0.1521
vt 0.5171 0.1495
vt 0.1603 0.4846
vt 0.1607 0.4824
vt 0.1559 0.4832
vt 0.1553 0.4854
vt 0.1603 0.4846
vt 0.1559 0.4832
vt 0.1559 0.4877
vt 0.1553 0.4854
vt 0.1519 0.4863
vt 0.1527 0.4885
vt 0.1559 0.4877
vt 0.1519 0.4863
vt 0.5171 0.5171
vt 0.5223 0.5093
vt 0.519 0.5079
vt 0.5171 0.5171
vt 0.519 0.5079
vt 0.5145 0.5146
vt 0.5119 0.512
vt 0.5145 0.5146
vt 0.519 0.5079
vt 0.5119 0.512
vt 0.519 0.5079
vt 0.5156 0.5065
vt 0.4926 0.8238
vt 0.496 0.8246
vt 0.4963 0.8224
vt 0.4926 0.8238
vt 0.4963 0.8224
vt 0.4932 0.8215
vt 0.1765 0.1507
vt 0.1743 0.1499
vt 0.1737 0.1521
vt 0.1765 0.1507
vt 0.1737 0.1521
vt 0.1757 0.1529
vt 0.519 0.1588
vt 0.5145 0.1521
vt 0.5119 0.1547
vt 0.519 0.1588
vt 0.5119 0.1547
vt 0.5156 0.1602
vt 0.5223 0.1574
vt 0.5171 0.1495
vt 0.5145 0.1521
vt 0.5145 0.1521
vt 0.519 0.1588
vt 0.5223 0.1574
vt 0.178 0.8215
vt 0.1773 0.8193
vt 0.1724 0.8201
vt 0.1728 0.8224
vt 0.178 0.8215
vt 0.1724 0.8201
vt 0.1567 0.145
vt 0.1545 0.144
vt 0.1523 0.145
vt 0.1576 0.1472
vt 0.1567 0.145
vt 0.1523 0.145
vt 0.1567 0.1494
vt 0.1576 0.1472
vt 0.1523 0.145
vt 0.1545 0.1503
vt 0.1567 0.1494
vt 0.1523 0.145
vt 0.1523 0.1494
vt 0.1545 0.1503
vt 0.1523 0.145
vt 0.1523 0.145
vt 0.1514 0.1472
vt 0.1523 0.1494
vt 0.167 0.1461
vt 0.167 0.1439
vt 0.161 0.1447
vt 0.1614 0.1469
vt 0.167 0.1461
vt 0.161 0.1447
vt 0.4999 0.4758
vt 0.4907 0.4776
vt 0.4921 0.481
vt 0.4999 0.4758
vt 0.4921 0.481
vt 0.4999 0.4794
vt 0.4999 0.483
vt 0.4999 0.4794
vt 0.4921 0.481
vt 0.4999 0.483
vt 0.4921 0.481
vt 0.4935 0.4843
vt 0.1663 0.4794
vt 0.1703 0.4802
vt 0.1699 0.478
vt 0.1663 0.4794
vt 0.1699 0.478
vt 0.1663 0.4772
vt 0.1703 0.4758
vt 0.1663 0.475
vt 0.1663 0.4772
vt 0.1703 0.4758
vt 0.1663 0.4772
vt 0.1699 0.478
vt 0.4921 0.1857
vt 0.4999 0.1873
vt 0.4999 0.1836
vt 0.4921 0.1857
vt 0.4999 0.1836
vt 0.4935 0.1823
vt 0.4907 0.1891
vt 0.4999 0.1909
vt 0.4999 0.1873
vt 0.4999 0.1873
vt 0.4921 0.1857
vt 0.4907 0.1891
vt 0.167 0.1439
vt 0.167 0.1417
vt 0.1614 0.1425
vt 0.161 0.1447
vt 0.167 0.1439
vt 0.1614 0.1425
vt 0.1614 0.1469
vt 0.161 0.1447
vt 0.1559 0.1455
vt 0.1566 0.1477
vt 0.1614 0.1469
vt 0.1559 0.1455
vt 0.4907 0.4776
vt 0.4828 0.4829
vt 0.4854 0.4854
vt 0.4907 0.4776
vt 0.4854 0.4854
vt 0.4921 0.481
vt 0.4935 0.4843
vt 0.4921 0.481
vt 0.4854 0.4854
vt 0.4935 0.4843
vt 0.4854 0.4854
vt 0.488 0.488
vt 0.1703 0.4802
vt 0.1736 0.4811
vt 0.173 0.4789
vt 0.1703 0.4802
vt 0.173 0.4789
vt 0.1699 0.478
vt 0.1736 0.4766
vt 0.1703 0.4758
vt 0.1699 0.478
vt 0.1736 0.4766
vt 0.1699 0.478
vt 0.173 0.4789
vt 0.4854 0.1812
vt 0.4921 0.1857
vt 0.4935 0.1823
vt 0.4854 0.1812
vt 0.4935 0.1823
vt 0.488 0.1787
vt 0.4828 0.1838
vt 0.4907 0.1891
vt 0.4921 0.1857
vt 0.4921 0.1857
vt 0.4854 0.1812
vt 0.4828 0.1838
vt 0.161 0.1447
vt 0.1614 0.1425
vt 0.1566 0.1433
vt 0.1559 0.1455
vt 0.161 0.1447
vt 0.1566 0.1433
vt 0.1566 0.1477
vt 0.1559 0.1455
vt 0.1526 0.1463
vt 0.1534 0.1486
vt 0.1566 0.1477
vt 0.1526 0.1463
vt 0.4828 0.4829
vt 0.4775 0.4907
vt 0.4809 0.4921
vt 0.4828 0.4829
vt 0.4809 0.4921
vt 0.4854 0.4854
vt 0.488 0.488
vt 0.4854 0.4854
vt 0.4809 0.4921
vt 0.488 0.488
vt 0.4809 0.4921
vt 0.4843 0.4935
vt 0.1592 0.8171
vt 0.1626 0.8179
vt 0.163 0.8157
vt 0.1592 0.8171
vt 0.163 0.8157
vt 0.1599 0.8148
vt 0.1758 0.4775
vt 0.1736 0.4766
vt 0.173 0.4789
vt 0.1758 0.4775
vt 0.173 0.4789
vt 0.175 0.4797
vt 0.4809 0.1745
vt 0.4854 0.1812
vt 0.488 0.1787
vt 0.4809 0.1745
vt 0.488 0.1787
vt 0.4843 0.1732
vt 0.4775 0.1759
vt 0.4828 0.1838
vt 0.4854 0.1812
vt 0.4854 0.1812
vt 0.4809 0.1745
vt 0.4775 0.1759
vt 0.5113 0.8148
vt 0.5106 0.8126
vt 0.5058 0.8134
vt 0.5061 0.8157
vt 0.5113 0.8148
vt 0.5058 0.8134
vt 0.5 0.8053
vt 0.5 0.8031
vt 0.4939 0.8039
vt 0.4942 0.8062
vt 0.5 0.8053
vt 0.4939 0.8039
vt 0.4757 0.5
vt 0.4775 0.5093
vt 0.4809 0.5079
vt 0.4757 0.5
vt 0.4809 0.5079
vt 0.4793 0.5
vt 0.483 0.5
vt 0.4793 0.5
vt 0.4809 0.5079
vt 0.483 0.5
vt 0.4809 0.5079
vt 0.4843 0.5065
vt 0.1667 0.8053
vt 0.1707 0.8062
vt 0.1703 0.8039
vt 0.1667 0.8053
vt 0.1703 0.8039
vt 0.1667 0.8031
vt 0.1707 0.8016
vt 0.1667 0.8008
vt 0.1667 0.8031
vt 0.1707 0.8016
vt 0.1667 0.8031
vt 0.1703 0.8039
vt 0.4809 0.1588
vt 0.4793 0.1667
vt 0.483 0.1667
vt 0.4809 0.1588
vt 0.483 0.1667
vt 0.4843 0.1602
vt 0.4775 0.1574
vt 0.4757 0.1667
vt 0.4793 0.1667
vt 0.4793 0.1667
vt 0.4809 0.1588
vt 0.4775 0.1574
vt 0.5 0.8031
vt 0.5 0.8008
vt 0.4942 0.8016
vt 0.4939 0.8039
vt 0.5 0.8031
vt 0.4942 0.8016
vt 0.4942 0.8062
vt 0.4939 0.8039
vt 0.4887 0.8047
vt 0.4894 0.807
vt 0.4942 0.8062
vt 0.4887 0.8047
vt 0.4775 0.5093
vt 0.4828 0.5171
vt 0.4854 0.5146
vt 0.4775 0.5093
vt 0.4854 0.5146
vt 0.4809 0.5079
vt 0.4843 0.5065
vt 0.4809 0.5079
vt 0.4854 0.5146
vt 0.4843 0.5065
vt 0.4854 0.5146
vt 0.488 0.512
vt 0.1575 0.137
vt 0.1597 0.1379
vt 0.1604 0.1356
vt 0.1575 0.137
vt 0.1604 0.1356
vt 0.1583 0.1348
vt 0.1741 0.8025
vt 0.1707 0.8016
vt 0.1703 0.8039
vt 0.1741 0.8025
vt 0.1703 0.8039
vt 0.1734 0.8047
vt 0.4854 0.1521
vt 0.4809 0.1588
vt 0.4843 0.1602
vt 0.4854 0.1521
vt 0.4843 0.1602
vt 0.488 0.1547
vt 0.4828 0.1495
vt 0.4775 0.1574
vt 0.4809 0.1588
vt 0.4809 0.1588
vt 0.4854 0.1521
vt 0.4828 0.1495
vt 0.1808 0.4682
vt 0.1799 0.4659
vt 0.1767 0.4668
vt 0.1774 0.469
vt 0.1808 0.4682
vt 0.1767 0.4668
vt 0.1767 0.4712
vt 0.1774 0.469
vt 0.1723 0.4698
vt 0.172 0.472
vt 0.1767 0.4712
vt 0.1723 0.4698
vt 0.4828 0.5171
vt 0.4907 0.5224
vt 0.4921 0.519
vt 0.4828 0.5171
vt 0.4921 0.519
vt 0.4854 0.5146
vt 0.488 0.512
vt 0.4854 0.5146
vt 0.4921 0.519
vt 0.488 0.512
vt 0.4921 0.519
vt 0.4935 0.5157
vt 0.1597 0.1379
vt 0.1631 0.1387
vt 0.1634 0.1365
vt 0.1597 0.1379
vt 0.1634 0.1365
vt 0.1604 0.1356
vt 0.1631 0.1342
vt 0.1597 0.1334
vt 0.1604 0.1356
vt 0.1631 0.1342
vt 0.1604 0.1356
vt 0.1634 0.1365
vt 0.4921 0.1476
vt 0.4854 0.1521
vt 0.488 0.1547
vt 0.4921 0.1476
vt 0.488 0.1547
vt 0.4935 0.151
vt 0.4907 0.1443
vt 0.4828 0.1495
vt 0.4854 0.1521
vt 0.4854 0.1521
vt 0.4921 0.1476
vt 0.4907 0.1443
vt 0.1774 0.469
vt 0.1767 0.4668
vt 0.172 0.4676
vt 0.1723 0.4698
vt 0.1774 0.469
vt 0.172 0.4676
vt 0.172 0.472
vt 0.1723 0.4698
vt 0.1663 0.4706
vt 0.1663 0.4728
vt 0.172 0.472
vt 0.1663 0.4706
vt 0.4907 0.5224
vt 0.4999 0.5242
vt 0.4999 0.5206
vt 0.4907 0.5224
vt 0.4999 0.5206
vt 0.4921 0.519
vt 0.4935 0.5157
vt 0.4921 0.519
vt 0.4999 0.5206
vt 0.4935 0.5157
vt 0.4999 0.5206
vt 0.4999 0.517
vt 0.1631 0.1387
vt 0.167 0.1395
vt 0.167 0.1373
vt 0.1631 0.1387
vt 0.167 0.1373
vt 0.1634 0.1365
vt 0.167 0.1351
vt 0.1631 0.1342
vt 0.1634 0.1365
vt 0.167 0.1351
vt 0.1634 0.1365
vt 0.167 0.1373
vt 0.4999 0.1461
vt 0.4921 0.1476
vt 0.4935 0.151
vt 0.4999 0.1461
vt 0.4935 0.151
vt 0.4999 0.1497
vt 0.4999 0.1424
vt 0.4907 0.1443
vt 0.4921 0.1476
vt 0.4921 0.1476
vt 0.4999 0.1461
vt 0.4999 0.1424
vt 0.1723 0.4698
vt 0.172 0.4676
vt 0.1663 0.4684
vt 0.1663 0.4706
vt 0.1723 0.4698
vt 0.1663 0.4684
vt 0.1663 0.4728
vt 0.1663 0.4706
vt 0.1603 0.4714
vt 0.1607 0.4737
vt 0.1663 0.4728
vt 0.1603 0.4714
vt 0.4999 0.5242
vt 0.5092 0.5224
vt 0.5078 0.519
vt 0.4999 0.5242
vt 0.5078 0.519
vt 0.4999 0.5206
vt 0.4999 0.517
vt 0.4999 0.5206
vt 0.5078 0.519
vt 0.4999 0.517
vt 0.5078 0.519
vt 0.5064 0.5157
vt 0.167 0.1395
vt 0.171 0.1403
vt 0.1706 0.1381
vt 0.167 0.1395
vt 0.1706 0.1381
vt 0.167 0.1373
vt 0.171 0.1359
vt 0.167 0.1351
vt 0.167 0.1373
vt 0.171 0.1359
vt 0.167 0.1373
vt 0.1706 0.1381
vt 0.5078 0.1476
vt 0.4999 0.1461
vt 0.4999 0.1497
vt 0.5078 0.1476
vt 0.4999 0.1497
vt 0.5064 0.151
vt 0.5092 0.1443
vt 0.4999 0.1424
vt 0.4999 0.1461
vt 0.4999 0.1461
vt 0.5078 0.1476
vt 0.5092 0.1443
vt 0.1663 0.4706
vt 0.1663 0.4684
vt 0.1607 0.4692
vt 0.1603 0.4714
vt 0.1663 0.4706
vt 0.1607 0.4692
vt 0.1607 0.4737
vt 0.1603 0.4714
vt 0.1553 0.4723
vt 0.1559 0.4745
vt 0.1607 0.4737
vt 0.1553 0.4723
vt 0.5092 0.5224
vt 0.5171 0.5171
vt 0.5145 0.5146
vt 0.5092 0.5224
vt 0.5145 0.5146
vt 0.5078 0.519
vt 0.5064 0.5157
vt 0.5078 0.519
vt 0.5145 0.5146
vt 0.5064 0.5157
vt 0.5145 0.5146
vt 0.5119 0.512
vt 0.171 0.1403
vt 0.1743 0.1411
vt 0.1737 0.1389
vt 0.171 0.1403
vt 0.1737 0.1389
vt 0.1706 0.1381
vt 0.1743 0.1367
vt 0.171 0.1359
vt 0.1706 0.1381
vt 0.1743 0.1367
vt 0.1706 0.1381
vt 0.1737 0.1389
vt 0.5145 0.1521
vt 0.5078 0.1476
vt 0.5064 0.151
vt 0.5145 0.1521
vt 0.5064 0.151
vt 0.5119 0.1547
vt 0.5171 0.1495
vt 0.5092 0.1443
vt 0.5078 0.1476
vt 0.5078 0.1476
vt 0.5145 0.1521
vt 0.5171 0.1495
vt 0.1603 0.4714
vt 0.1607 0.4692
vt 0.1559 0.4701
vt 0.1553 0.4723
vt 0.1603 0.4714
vt 0.1559 0.4701
vt 0.1559 0.4745
vt 0.1553 0.4723
vt 0.1519 0.4731
vt 0.1527 0.4753
vt 0.1559 0.4745
vt 0.1519 0.4731
vt 0.5171 0.5171
vt 0.5223 0.5093
vt 0.519 0.5079
vt 0.5171 0.5171
vt 0.519 0.5079
vt 0.5145 0.5146
vt 0.5119 0.512
vt 0.5145 0.5146
vt 0.519 0.5079
vt 0.5119 0.512
vt 0.519 0.5079
vt 0.5156 0.5065
vt 0.4926 0.8104
vt 0.496 0.8112
vt 0.4963 0.8089
vt 0.4926 0.8104
vt 0.4963 0.8089
vt 0.4932 0.8081
vt 0.1765 0.1375
vt 0.1743 0.1367
vt 0.1737 0.1389
vt 0.1765 0.1375
vt 0.1737 0.1389
vt 0.1757 0.1398
vt 0.519 0.1588
vt 0.5145 0.1521
vt 0.5119 0.1547
vt 0.519 0.1588
vt 0.5119 0.1547
vt 0.5156 0.1602
vt 0.5223 0.1574
vt 0.5171 0.1495
vt 0.5145 0.1521
vt 0.5145 0.1521
vt 0.519 0.1588
vt 0.5223 0.1574
vt 0.178 0.8081
vt 0.1773 0.8058
vt 0.1724 0.8067
vt 0.1728 0.8089
vt 0.178 0.8081
vt 0.1724 0.8067
vt 0.1724 0.8112
vt 0.1728 0.8089
vt 0.1667 0.8098
vt 0.1667 0.812
vt 0.1724 0.8112
vt 0.1667 0.8098
vt 0.5223 0.5093
vt 0.5242 0.5
vt 0.5205 0.5
vt 0.5223 0.5093
vt 0.5205 0.5
vt 0.519 0.5079
vt 0.5156 0.5065
vt 0.519 0.5079
vt 0.5205 0.5
vt 0.5156 0.5065
vt 0.5205 0.5
vt 0.5169 0.5
vt 0.496 0.8112
vt 0.5 0.812
vt 0.5 0.8098
vt 0.496 0.8112
vt 0.5 0.8098
vt 0.4963 0.8089
vt 0.5 0.8075
vt 0.496 0.8067
vt 0.4963 0.8089
vt 0.5 0.8075
vt 0.4963 0.8089
vt 0.5 0.8098
vt 0.5205 0.1667
vt 0.519 0.1588
vt 0.5156 0.1602
vt 0.5205 0.1667
vt 0.5156 0.1602
vt 0.5169 0.1667
vt 0.5242 0.1667
vt 0.5223 0.1574
vt 0.519 0.1588
vt 0.519 0.1588
vt 0.5205 0.1667
vt 0.5242 0.1667
vt 0.1728 0.8089
vt 0.1724 0.8067
vt 0.1667 0.8075
vt 0.1667 0.8098
vt 0.1728 0.8089
vt 0.1667 0.8075
vt 0.1667 0.812
vt 0.1667 0.8098
vt 0.1606 0.8106
vt 0.1609 0.8129
vt 0.1667 0.812
vt 0.1606 0.8106
vt 0.5242 0.5
vt 0.5223 0.4907
vt 0.519 0.4921
vt 0.5242 0.5
vt 0.519 0.4921
vt 0.5205 0.5
vt 0.5169 0.5
vt 0.5205 0.5
vt 0.519 0.4921
vt 0.5169 0.5
vt 0.519 0.4921
vt 0.5156 0.4935
vt 0.5 0.812
vt 0.504 0.8129
vt 0.5037 0.8106
vt 0.5 0.812
vt 0.5037 0.8106
vt 0.5 0.8098
vt 0.504 0.8084
vt 0.5 0.8075
vt 0.5 0.8098
vt 0.504 0.8084
vt 0.5 0.8098
vt 0.5037 0.8106
vt 0.519 0.1745
vt 0.5205 0.1667
vt 0.5169 0.1667
vt 0.519 0.1745
vt 0.5169 0.1667
vt 0.5156 0.1732
vt 0.5223 0.1759
vt 0.5242 0.1667
vt 0.5205 0.1667
vt 0.5205 0.1667
vt 0.519 0.1745
vt 0.5223 0.1759
vt 0.1667 0.8098
vt 0.1667 0.8075
vt 0.1609 0.8084
vt 0.1606 0.8106
vt 0.1667 0.8098
vt 0.1609 0.8084
vt 0.1609 0.8129
vt 0.1606 0.8106
vt 0.1554 0.8118
vt 0.156 0.8141
vt 0.1609 0.8129
vt 0.1554 0.8118
vt 0.5223 0.4907
vt 0.5171 0.4829
vt 0.5145 0.4854
vt 0.5223 0.4907
vt 0.5145 0.4854
vt 0.519 0.4921
vt 0.5156 0.4935
vt 0.519 0.4921
vt 0.5145 0.4854
vt 0.5156 0.4935
vt 0.5145 0.4854
vt 0.5119 0.488
vt 0.1568 0.4769
vt 0.159 0.4781
vt 0.1597 0.4759
vt 0.1568 0.4769
vt 0.1597 0.4759
vt 0.1576 0.4747
vt 0.5074 0.8096
vt 0.504 0.8084
vt 0.5037 0.8106
vt 0.5074 0.8096
vt 0.5037 0.8106
vt 0.5068 0.8118
vt 0.5145 0.1812
vt 0.519 0.1745
vt 0.5156 0.1732
vt 0.5145 0.1812
vt 0.5156 0.1732
vt 0.5119 0.1787
vt 0.5171 0.1838
vt 0.5223 0.1759
vt 0.519 0.1745
vt 0.519 0.1745
vt 0.5145 0.1812
vt 0.5171 0.1838
vt 0.1815 0.1414
vt 0.1806 0.1392
vt 0.1774 0.1403
vt 0.1781 0.1426
vt 0.1815 0.1414
vt 0.1774 0.1403
vt 0.1774 0.1448
vt 0.1781 0.1426
vt 0.173 0.143
vt 0.1727 0.1453
vt 0.1774 0.1448
vt 0.173 0.143
vt 0.5171 0.4829
vt 0.5092 0.4776
vt 0.5078 0.481
vt 0.5171 0.4829
vt 0.5078 0.481
vt 0.5145 0.4854
vt 0.5119 0.488
vt 0.5145 0.4854
vt 0.5078 0.481
vt 0.5119 0.488
vt 0.5078 0.481
vt 0.5064 0.4843
vt 0.159 0.4781
vt 0.1624 0.4786
vt 0.1627 0.4764
vt 0.159 0.4781
vt 0.1627 0.4764
vt 0.1597 0.4759
vt 0.1624 0.4742
vt 0.159 0.4737
vt 0.1597 0.4759
vt 0.1624 0.4742
vt 0.1597 0.4759
vt 0.1627 0.4764
vt 0.5078 0.1857
vt 0.5145 0.1812
vt 0.5119 0.1787
vt 0.5078 0.1857
vt 0.5119 0.1787
vt 0.5064 0.1823
vt 0.5092 0.1891
vt 0.5171 0.1838
vt 0.5145 0.1812
vt 0.5145 0.1812
vt 0.5078 0.1857
vt 0.5092 0.1891
vt 0.1781 0.1426
vt 0.1774 0.1403
vt 0.1727 0.1408
vt 0.173 0.143
vt 0.1781 0.1426
vt 0.1727 0.1408
vt 0.1727 0.1453
vt 0.173 0.143
vt 0.167 0.1439
vt 0.167 0.1461
vt 0.1727 0.1453
vt 0.167 0.1439
vt 0.5092 0.4776
vt 0.4999 0.4758
vt 0.4999 0.4794
vt 0.5092 0.4776
vt 0.4999 0.4794
vt 0.5078 0.481
vt 0.5064 0.4843
vt 0.5078 0.481
vt 0.4999 0.4794
vt 0.5064 0.4843
vt 0.4999 0.4794
vt 0.4999 0.483
vt 0.1624 0.4786
vt 0.1663 0.4794
vt 0.1663 0.4772
vt 0.1624 0.4786
vt 0.1663 0.4772
vt 0.1627 0.4764
vt 0.1663 0.475
vt 0.1624 0.4742
vt 0.1627 0.4764
vt 0.1663 0.475
vt 0.1627 0.4764
vt 0.1663 0.4772
vt 0.4999 0.1873
vt 0.5078 0.1857
vt 0.5064 0.1823
vt 0.4999 0.1873
vt 0.5064 0.1823
vt 0.4999 0.1836
vt 0.4999 0.1909
vt 0.5092 0.1891
vt 0.5078 0.1857
vt 0.5078 0.1857
vt 0.4999 0.1873
vt 0.4999 0.1909
vt 0.173 0.143
vt 0.1727 0.1408
vt 0.167 0.1417
vt 0.167 0.1439
vt 0.173 0.143
vt 0.167 0.1417
vt 0.1626 0.8179
vt 0.1666 0.8188
vt 0.1666 0.8165
vt 0.1626 0.8179
vt 0.1666 0.8165
vt 0.163 0.8157
vt 0.1666 0.8142
vt 0.1626 0.8134
vt 0.163 0.8157
vt 0.1666 0.8142
vt 0.163 0.8157
vt 0.1666 0.8165
vt 0.483 0.1668
vt 0.4794 0.1668
vt 0.4809 0.1745
vt 0.483 0.1668
vt 0.4809 0.1745
vt 0.4843 0.1732
vt 0.4757 0.1668
vt 0.4775 0.1759
vt 0.4809 0.1745
vt 0.4757 0.1668
vt 0.4809 0.1745
vt 0.4794 0.1668
vt 0.5001 0.8142
vt 0.5001 0.8165
vt 0.5061 0.8157
vt 0.5058 0.8134
vt 0.5001 0.8142
vt 0.5061 0.8157
vt 0.5001 0.8165
vt 0.5001 0.8188
vt 0.5058 0.8179
vt 0.5061 0.8157
vt 0.5001 0.8165
vt 0.5058 0.8179
vt 0.4809 0.4921
vt 0.4775 0.4907
vt 0.4757 0.4999
vt 0.4794 0.4999
vt 0.4809 0.4921
vt 0.4757 0.4999
vt 0.4809 0.4921
vt 0.4794 0.4999
vt 0.483 0.4999
vt 0.4809 0.4921
vt 0.483 0.4999
vt 0.4843 0.4935
vt 0.181 0.4827
vt 0.182 0.4805
vt 0.181 0.4783
vt 0.1788 0.4836
vt 0.181 0.4827
vt 0.181 0.4783
vt 0.1766 0.4827
vt 0.1788 0.4836
vt 0.181 0.4783
vt 0.1757 0.4805
vt 0.1766 0.4827
vt 0.181 0.4783
vt 0.1766 0.4783
vt 0.1757 0.4805
vt 0.181 0.4783
vt 0.181 0.4783
vt 0.1788 0.4774
vt 0.1766 0.4783
vt 0.1567 0.1318
vt 0.1545 0.1309
vt 0.1523 0.1318
vt 0.1576 0.134
vt 0.1567 0.1318
vt 0.1523 0.1318
vt 0.1567 0.1362
vt 0.1576 0.134
vt 0.1523 0.1318
vt 0.1545 0.1371
vt 0.1567 0.1362
vt 0.1523 0.1318
vt 0.1523 0.1362
vt 0.1545 0.1371
vt 0.1523 0.1318
vt 0.1523 0.1318
vt 0.1514 0.134
vt 0.1523 0.1362
vt 0.1786 0.1498
vt 0.1765 0.1507
vt 0.1757 0.1529
vt 0.1806 0.1507
vt 0.1786 0.1498
vt 0.1757 0.1529
vt 0.1815 0.1529
vt 0.1806 0.1507
vt 0.1757 0.1529
vt 0.1806 0.1551
vt 0.1815 0.1529
vt 0.1757 0.1529
vt 0.1786 0.1561
vt 0.1806 0.1551
vt 0.1757 0.1529
vt 0.1757 0.1529
vt 0.1765 0.1551
vt 0.1786 0.1561
vt 0.167 0.1329
vt 0.167 0.1307
vt 0.161 0.1315
vt 0.1614 0.1337
vt 0.167 0.1329
vt 0.161 0.1315
vt 0.4999 0.4758
vt 0.4907 0.4776
vt 0.4921 0.481
vt 0.4999 0.4758
vt 0.4921 0.481
vt 0.4999 0.4794
vt 0.4999 0.483
vt 0.4999 0.4794
vt 0.4921 0.481
vt 0.4999 0.483
vt 0.4921 0.481
vt 0.4935 0.4843
vt 0.1663 0.4662
vt 0.1703 0.4671
vt 0.1699 0.4648
vt 0.1663 0.4662
vt 0.1699 0.4648
vt 0.1663 0.464
vt 0.1703 0.4626
vt 0.1663 0.4618
vt 0.1663 0.464
vt 0.1703 0.4626
vt 0.1663 0.464
vt 0.1699 0.4648
vt 0.4921 0.1857
vt 0.4999 0.1873
vt 0.4999 0.1836
vt 0.4921 0.1857
vt 0.4999 0.1836
vt 0.4935 0.1823
vt 0.4907 0.1891
vt 0.4999 0.1909
vt 0.4999 0.1873
vt 0.4999 0.1873
vt 0.4921 0.1857
vt 0.4907 0.1891
vt 0.167 0.1307
vt 0.167 0.1285
vt 0.1614 0.1293
vt 0.161 0.1315
vt 0.167 0.1307
vt 0.1614 0.1293
vt 0.1614 0.1337
vt 0.161 0.1315
vt 0.1559 0.1323
vt 0.1566 0.1345
vt 0.1614 0.1337
vt 0.1559 0.1323
vt 0.4907 0.4776
vt 0.4828 0.4829
vt 0.4854 0.4854
vt 0.4907 0.4776
vt 0.4854 0.4854
vt 0.4921 0.481
vt 0.4935 0.4843
vt 0.4921 0.481
vt 0.4854 0.4854
vt 0.4935 0.4843
vt 0.4854 0.4854
vt 0.488 0.488
vt 0.1703 0.4671
vt 0.1736 0.4679
vt 0.173 0.4657
vt 0.1703 0.4671
vt 0.173 0.4657
vt 0.1699 0.4648
vt 0.1736 0.4635
vt 0.1703 0.4626
vt 0.1699 0.4648
vt 0.1736 0.4635
vt 0.1699 0.4648
vt 0.173 0.4657
vt 0.4854 0.1812
vt 0.4921 0.1857
vt 0.4935 0.1823
vt 0.4854 0.1812
vt 0.4935 0.1823
vt 0.488 0.1787
vt 0.4828 0.1838
vt 0.4907 0.1891
vt 0.4921 0.1857
vt 0.4921 0.1857
vt 0.4854 0.1812
vt 0.4828 0.1838
vt 0.161 0.1315
vt 0.1614 0.1293
vt 0.1566 0.1301
vt 0.1559 0.1323
vt 0.161 0.1315
vt 0.1566 0.1301
vt 0.1566 0.1345
vt 0.1559 0.1323
vt 0.1526 0.1332
vt 0.1534 0.1354
vt 0.1566 0.1345
vt 0.1526 0.1332
vt 0.4828 0.4829
vt 0.4775 0.4907
vt 0.4809 0.4921
vt 0.4828 0.4829
vt 0.4809 0.4921
vt 0.4854 0.4854
vt 0.488 0.488
vt 0.4854 0.4854
vt 0.4809 0.4921
vt 0.488 0.488
vt 0.4809 0.4921
vt 0.4843 0.4935
vt 0.1592 0.8036
vt 0.1626 0.8045
vt 0.163 0.8022
vt 0.1592 0.8036
vt 0.163 0.8022
vt 0.1599 0.8014
vt 0.1758 0.4643
vt 0.1736 0.4635
vt 0.173 0.4657
vt 0.1758 0.4643
vt 0.173 0.4657
vt 0.175 0.4665
vt 0.4809 0.1745
vt 0.4854 0.1812
vt 0.488 0.1787
vt 0.4809 0.1745
vt 0.488 0.1787
vt 0.4843 0.1732
vt 0.4775 0.1759
vt 0.4828 0.1838
vt 0.4854 0.1812
vt 0.4854 0.1812
vt 0.4809 0.1745
vt 0.4775 0.1759
vt 0.5113 0.8014
vt 0.5106 0.7991
vt 0.5058 0.8
vt 0.5061 0.8022
vt 0.5113 0.8014
vt 0.5058 0.8
vt 0.5 0.7919
vt 0.5 0.7896
vt 0.4939 0.7905
vt 0.4942 0.7927
vt 0.5 0.7919
vt 0.4939 0.7905
vt 0.4757 0.5
vt 0.4775 0.5093
vt 0.4809 0.5079
vt 0.4757 0.5
vt 0.4809 0.5079
vt 0.4793 0.5
vt 0.483 0.5
vt 0.4793 0.5
vt 0.4809 0.5079
vt 0.483 0.5
vt 0.4809 0.5079
vt 0.4843 0.5065
vt 0.1667 0.7919
vt 0.1707 0.7927
vt 0.1703 0.7905
vt 0.1667 0.7919
vt 0.1703 0.7905
vt 0.1667 0.7896
vt 0.1707 0.7882
vt 0.1667 0.7874
vt 0.1667 0.7896
vt 0.1707 0.7882
vt 0.1667 0.7896
vt 0.1703 0.7905
vt 0.4809 0.1588
vt 0.4793 0.1667
vt 0.483 0.1667
vt 0.4809 0.1588
vt 0.483 0.1667
vt 0.4843 0.1602
vt 0.4775 0.1574
vt 0.4757 0.1667
vt 0.4793 0.1667
vt 0.4793 0.1667
vt 0.4809 0.1588
vt 0.4775 0.1574
vt 0.5 0.7896
vt 0.5 0.7874
vt 0.4942 0.7882
vt 0.4939 0.7905
vt 0.5 0.7896
vt 0.4942 0.7882
vt 0.4942 0.7927
vt 0.4939 0.7905
vt 0.4887 0.7913
vt 0.4894 0.7936
vt 0.4942 0.7927
vt 0.4887 0.7913
vt 0.4775 0.5093
vt 0.4828 0.5171
vt 0.4854 0.5146
vt 0.4775 0.5093
vt 0.4854 0.5146
vt 0.4809 0.5079
vt 0.4843 0.5065
vt 0.4809 0.5079
vt 0.4854 0.5146
vt 0.4843 0.5065
vt 0.4854 0.5146
vt 0.488 0.512
vt 0.1575 0.1238
vt 0.1597 0.1247
vt 0.1604 0.1225
vt 0.1575 0.1238
vt 0.1604 0.1225
vt 0.1583 0.1216
vt 0.1741 0.789
vt 0.1707 0.7882
vt 0.1703 0.7905
vt 0.1741 0.789
vt 0.1703 0.7905
vt 0.1734 0.7913
vt 0.4854 0.1521
vt 0.4809 0.1588
vt 0.4843 0.1602
vt 0.4854 0.1521
vt 0.4843 0.1602
vt 0.488 0.1547
vt 0.4828 0.1495
vt 0.4775 0.1574
vt 0.4809 0.1588
vt 0.4809 0.1588
vt 0.4854 0.1521
vt 0.4828 0.1495
vt 0.1808 0.455
vt 0.1799 0.4528
vt 0.1767 0.4536
vt 0.1774 0.4558
vt 0.1808 0.455
vt 0.1767 0.4536
vt 0.1767 0.458
vt 0.1774 0.4558
vt 0.1723 0.4566
vt 0.172 0.4588
vt 0.1767 0.458
vt 0.1723 0.4566
vt 0.4828 0.5171
vt 0.4907 0.5224
vt 0.4921 0.519
vt 0.4828 0.5171
vt 0.4921 0.519
vt 0.4854 0.5146
vt 0.488 0.512
vt 0.4854 0.5146
vt 0.4921 0.519
vt 0.488 0.512
vt 0.4921 0.519
vt 0.4935 0.5157
vt 0.1597 0.1247
vt 0.1631 0.1255
vt 0.1634 0.1233
vt 0.1597 0.1247
vt 0.1634 0.1233
vt 0.1604 0.1225
vt 0.1631 0.1211
vt 0.1597 0.1202
vt 0.1604 0.1225
vt 0.1631 0.1211
vt 0.1604 0.1225
vt 0.1634 0.1233
vt 0.4921 0.1476
vt 0.4854 0.1521
vt 0.488 0.1547
vt 0.4921 0.1476
vt 0.488 0.1547
vt 0.4935 0.151
vt 0.4907 0.1443
vt 0.4828 0.1495
vt 0.4854 0.1521
vt 0.4854 0.1521
vt 0.4921 0.1476
vt 0.4907 0.1443
vt 0.1774 0.4558
vt 0.1767 0.4536
vt 0.172 0.4544
vt 0.1723 0.4566
vt 0.1774 0.4558
vt 0.172 0.4544
vt 0.172 0.4588
vt 0.1723 0.4566
vt 0.1663 0.4574
vt 0.1663 0.4597
vt 0.172 0.4588
vt 0.1663 0.4574
vt 0.4907 0.5224
vt 0.4999 0.5242
vt 0.4999 0.5206
vt 0.4907 0.5224
vt 0.4999 0.5206
vt 0.4921 0.519
vt 0.4935 0.5157
vt 0.4921 0.519
vt 0.4999 0.5206
vt 0.4935 0.5157
vt 0.4999 0.5206
vt 0.4999 0.517
vt 0.1631 0.1255
vt 0.167 0.1263
vt 0.167 0.1241
vt 0.1631 0.1255
vt 0.167 0.1241
vt 0.1634 0.1233
vt 0.167 0.1219
vt 0.1631 0.1211
vt 0.1634 0.1233
vt 0.167 0.1219
vt 0.1634 0.1233
vt 0.167 0.1241
vt 0.4999 0.1461
vt 0.4921 0.1476
vt 0.4935 0.151
vt 0.4999 0.1461
vt 0.4935 0.151
vt 0.4999 0.1497
vt 0.4999 0.1424
vt 0.4907 0.1443
vt 0.4921 0.1476
vt 0.4921 0.1476
vt 0.4999 0.1461
vt 0.4999 0.1424
vt 0.1723 0.4566
vt 0.172 0.4544
vt 0.1663 0.4552
vt 0.1663 0.4574
vt 0.1723 0.4566
vt 0.1663 0.4552
vt 0.1663 0.4597
vt 0.1663 0.4574
vt 0.1603 0.4583
vt 0.1607 0.4605
vt 0.1663 0.4597
vt 0.1603 0.4583
vt 0.4999 0.5242
vt 0.5092 0.5224
vt 0.5078 0.519
vt 0.4999 0.5242
vt 0.5078 0.519
vt 0.4999 0.5206
vt 0.4999 0.517
vt 0.4999 0.5206
vt 0.5078 0.519
vt 0.4999 0.517
vt 0.5078 0.519
vt 0.5064 0.5157
vt 0.167 0.1263
vt 0.171 0.1271
vt 0.1706 0.1249
vt 0.167 0.1263
vt 0.1706 0.1249
vt 0.167 0.1241
vt 0.171 0.1227
vt 0.167 0.1219
vt 0.167 0.1241
vt 0.171 0.1227
vt 0.167 0.1241
vt 0.1706 0.1249
vt 0.5078 0.1476
vt 0.4999 0.1461
vt 0.4999 0.1497
vt 0.5078 0.1476
vt 0.4999 0.1497
vt 0.5064 0.151
vt 0.5092 0.1443
vt 0.4999 0.1424
vt 0.4999 0.1461
vt 0.4999 0.1461
vt 0.5078 0.1476
vt 0.5092 0.1443
vt 0.1663 0.4574
vt 0.1663 0.4552
vt 0.1607 0.456
vt 0.1603 0.4583
vt 0.1663 0.4574
vt 0.1607 0.456
vt 0.1607 0.4605
vt 0.1603 0.4583
vt 0.1553 0.4591
vt 0.1559 0.4613
vt 0.1607 0.4605
vt 0.1553 0.4591
vt 0.5092 0.5224
vt 0.5171 0.5171
vt 0.5145 0.5146
vt 0.5092 0.5224
vt 0.5145 0.5146
vt 0.5078 0.519
vt 0.5064 0.5157
vt 0.5078 0.519
vt 0.5145 0.5146
vt 0.5064 0.5157
vt 0.5145 0.5146
vt 0.5119 0.512
vt 0.171 0.1271
vt 0.1743 0.128
vt 0.1737 0.1258
vt 0.171 0.1271
vt 0.1737 0.1258
vt 0.1706 0.1249
vt 0.1743 0.1235
vt 0.171 0.1227
vt 0.1706 0.1249
vt 0.1743 0.1235
vt 0.1706 0.1249
vt 0.1737 0.1258
vt 0.5145 0.1521
vt 0.5078 0.1476
vt 0.5064 0.151
vt 0.5145 0.1521
vt 0.5064 0.151
vt 0.5119 0.1547
vt 0.5171 0.1495
vt 0.5092 0.1443
vt 0.5078 0.1476
vt 0.5078 0.1476
vt 0.5145 0.1521
vt 0.5171 0.1495
vt 0.1603 0.4583
vt 0.1607 0.456
vt 0.1559 0.4569
vt 0.1553 0.4591
vt 0.1603 0.4583
vt 0.1559 0.4569
vt 0.1559 0.4613
vt 0.1553 0.4591
vt 0.1519 0.4599
vt 0.1527 0.4621
vt 0.1559 0.4613
vt 0.1519 0.4599
vt 0.5171 0.5171
vt 0.5223 0.5093
vt 0.519 0.5079
vt 0.5171 0.5171
vt 0.519 0.5079
vt 0.5145 0.5146
vt 0.5119 0.512
vt 0.5145 0.5146
vt 0.519 0.5079
vt 0.5119 0.512
vt 0.519 0.5079
vt 0.5156 0.5065
vt 0.4926 0.7969
vt 0.496 0.7977
vt 0.4963 0.7955
vt 0.4926 0.7969
vt 0.4963 0.7955
vt 0.4932 0.7947
vt 0.1765 0.1244
vt 0.1743 0.1235
vt 0.1737 0.1258
vt 0.1765 0.1244
vt 0.1737 0.1258
vt 0.1757 0.1266
vt 0.519 0.1588
vt 0.5145 0.1521
vt 0.5119 0.1547
vt 0.519 0.1588
vt 0.5119 0.1547
vt 0.5156 0.1602
vt 0.5223 0.1574
vt 0.5171 0.1495
vt 0.5145 0.1521
vt 0.5145 0.1521
vt 0.519 0.1588
vt 0.5223 0.1574
vt 0.178 0.7947
vt 0.1773 0.7924
vt 0.1724 0.7932
vt 0.1728 0.7955
vt 0.178 0.7947
vt 0.1724 0.7932
vt 0.1724 0.7977
vt 0.1728 0.7955
vt 0.1667 0.7963
vt 0.1667 0.7986
vt 0.1724 0.7977
vt 0.1667 0.7963
vt 0.5223 0.5093
vt 0.5242 0.5
vt 0.5205 0.5
vt 0.5223 0.5093
vt 0.5205 0.5
vt 0.519 0.5079
vt 0.5156 0.5065
vt 0.519 0.5079
vt 0.5205 0.5
vt 0.5156 0.5065
vt 0.5205 0.5
vt 0.5169 0.5
vt 0.496 0.7977
vt 0.5 0.7986
vt 0.5 0.7963
vt 0.496 0.7977
vt 0.5 0.7963
vt 0.4963 0.7955
vt 0.5 0.7941
vt 0.496 0.7932
vt 0.4963 0.7955
vt 0.5 0.7941
vt 0.4963 0.7955
vt 0.5 0.7963
vt 0.5205 0.1667
vt 0.519 0.1588
vt 0.5156 0.1602
vt 0.5205 0.1667
vt 0.5156 0.1602
vt 0.5169 0.1667
vt 0.5242 0.1667
vt 0.5223 0.1574
vt 0.519 0.1588
vt 0.519 0.1588
vt 0.5205 0.1667
vt 0.5242 0.1667
vt 0.1728 0.7955
vt 0.1724 0.7932
vt 0.1667 0.7941
vt 0.1667 0.7963
vt 0.1728 0.7955
vt 0.1667 0.7941
vt 0.1667 0.7986
vt 0.1667 0.7963
vt 0.1606 0.7972
vt 0.1609 0.7994
vt 0.1667 0.7986
vt 0.1606 0.7972
vt 0.5242 0.5
vt 0.5223 0.4907
vt 0.519 0.4921
vt 0.5242 0.5
vt 0.519 0.4921
vt 0.5205 0.5
vt 0.5169 0.5
vt 0.5205 0.5
vt 0.519 0.4921
vt 0.5169 0.5
vt 0.519 0.4921
vt 0.5156 0.4935
vt 0.5 0.7986
vt 0.504 0.7994
vt 0.5037 0.7972
vt 0.5 0.7986
vt 0.5037 0.7972
vt 0.5 0.7963
vt 0.504 0.7949
vt 0.5 0.7941
vt 0.5 0.7963
vt 0.504 0.7949
vt 0.5 0.7963
vt 0.5037 0.7972
vt 0.519 0.1745
vt 0.5205 0.1667
vt 0.5169 0.1667
vt 0.519 0.1745
vt 0.5169 0.1667
vt 0.5156 0.1732
vt 0.5223 0.1759
vt 0.5242 0.1667
vt 0.5205 0.1667
vt 0.5205 0.1667
vt 0.519 0.1745
vt 0.5223 0.1759
vt 0.1667 0.7963
vt 0.1667 0.7941
vt 0.1609 0.7949
vt 0.1606 0.7972
vt 0.1667 0.7963
vt 0.1609 0.7949
vt 0.1609 0.7994
vt 0.1606 0.7972
vt 0.1554 0.7984
vt 0.156 0.8006
vt 0.1609 0.7994
vt 0.1554 0.7984
vt 0.5223 0.4907
vt 0.5171 0.4829
vt 0.5145 0.4854
vt 0.5223 0.4907
vt 0.5145 0.4854
vt 0.519 0.4921
vt 0.5156 0.4935
vt 0.519 0.4921
vt 0.5145 0.4854
vt 0.5156 0.4935
vt 0.5145 0.4854
vt 0.5119 0.488
vt 0.1568 0.4638
vt 0.159 0.4649
vt 0.1597 0.4627
vt 0.1568 0.4638
vt 0.1597 0.4627
vt 0.1576 0.4616
vt 0.5074 0.7961
vt 0.504 0.7949
vt 0.5037 0.7972
vt 0.5074 0.7961
vt 0.5037 0.7972
vt 0.5068 0.7984
vt 0.5145 0.1812
vt 0.519 0.1745
vt 0.5156 0.1732
vt 0.5145 0.1812
vt 0.5156 0.1732
vt 0.5119 0.1787
vt 0.5171 0.1838
vt 0.5223 0.1759
vt 0.519 0.1745
vt 0.519 0.1745
vt 0.5145 0.1812
vt 0.5171 0.1838
vt 0.1815 0.1282
vt 0.1806 0.126
vt 0.1774 0.1272
vt 0.1781 0.1294
vt 0.1815 0.1282
vt 0.1774 0.1272
vt 0.1774 0.1316
vt 0.1781 0.1294
vt 0.173 0.1299
vt 0.1727 0.1321
vt 0.1774 0.1316
vt 0.173 0.1299
vt 0.5171 0.4829
vt 0.5092 0.4776
vt 0.5078 0.481
vt 0.5171 0.4829
vt 0.5078 0.481
vt 0.5145 0.4854
vt 0.5119 0.488
vt 0.5145 0.4854
vt 0.5078 0.481
vt 0.5119 0.488
vt 0.5078 0.481
vt 0.5064 0.4843
vt 0.159 0.4649
vt 0.1624 0.4654
vt 0.1627 0.4632
vt 0.159 0.4649
vt 0.1627 0.4632
vt 0.1597 0.4627
vt 0.1624 0.461
vt 0.159 0.4605
vt 0.1597 0.4627
vt 0.1624 0.461
vt 0.1597 0.4627
vt 0.1627 0.4632
vt 0.5078 0.1857
vt 0.5145 0.1812
vt 0.5119 0.1787
vt 0.5078 0.1857
vt 0.5119 0.1787
vt 0.5064 0.1823
vt 0.5092 0.1891
vt 0.5171 0.1838
vt 0.5145 0.1812
vt 0.5145 0.1812
vt 0.5078 0.1857
vt 0.5092 0.1891
vt 0.1781 0.1294
vt 0.1774 0.1272
vt 0.1727 0.1276
vt 0.173 0.1299
vt 0.1781 0.1294
vt 0.1727 0.1276
vt 0.1727 0.1321
vt 0.173 0.1299
vt 0.167 0.1307
vt 0.167 0.1329
vt 0.1727 0.1321
vt 0.167 0.1307
vt 0.5092 0.4776
vt 0.4999 0.4758
vt 0.4999 0.4794
vt 0.5092 0.4776
vt 0.4999 0.4794
vt 0.5078 0.481
vt 0.5064 0.4843
vt 0.5078 0.481
vt 0.4999 0.4794
vt 0.5064 0.4843
vt 0.4999 0.4794
vt 0.4999 0.483
vt 0.1624 0.4654
vt 0.1663 0.4662
vt 0.1663 0.464
vt 0.1624 0.4654
vt 0.1663 0.464
vt 0.1627 0.4632
vt 0.1663 0.4618
vt 0.1624 0.461
vt 0.1627 0.4632
vt 0.1663 0.4618
vt 0.1627 0.4632
vt 0.1663 0.464
vt 0.4999 0.1873
vt 0.5078 0.1857
vt 0.5064 0.1823
vt 0.4999 0.1873
vt 0.5064 0.1823
vt 0.4999 0.1836
vt 0.4999 0.1909
vt 0.5092 0.1891
vt 0.5078 0.1857
vt 0.5078 0.1857
vt 0.4999 0.1873
vt 0.4999 0.1909
vt 0.173 0.1299
vt 0.1727 0.1276
vt 0.167 0.1285
vt 0.167 0.1307
vt 0.173 0.1299
vt 0.167 0.1285
vt 0.1626 0.8045
vt 0.1666 0.8053
vt 0.1666 0.8031
vt 0.1626 0.8045
vt 0.1666 0.8031
vt 0.163 0.8022
vt 0.1666 0.8008
vt 0.1626 0.8
vt 0.163 0.8022
vt 0.1666 0.8008
vt 0.163 0.8022
vt 0.1666 0.8031
vt 0.483 0.1668
vt 0.4794 0.1668
vt 0.4809 0.1745
vt 0.483 0.1668
vt 0.4809 0.1745
vt 0.4843 0.1732
vt 0.4757 0.1668
vt 0.4775 0.1759
vt 0.4809 0.1745
vt 0.4757 0.1668
vt 0.4809 0.1745
vt 0.4794 0.1668
vt 0.5001 0.8008
vt 0.5001 0.8031
vt 0.5061 0.8022
vt 0.5058 0.8
vt 0.5001 0.8008
vt 0.5061 0.8022
vt 0.5001 0.8031
vt 0.5001 0.8053
vt 0.5058 0.8045
vt 0.5061 0.8022
vt 0.5001 0.8031
vt 0.5058 0.8045
vt 0.4809 0.4921
vt 0.4775 0.4907
vt 0.4757 0.4999
vt 0.4794 0.4999
vt 0.4809 0.4921
vt 0.4757 0.4999
vt 0.4809 0.4921
vt 0.4794 0.4999
vt 0.483 0.4999
vt 0.4809 0.4921
vt 0.483 0.4999
vt 0.4843 0.4935
vt 0.181 0.4695
vt 0.182 0.4673
vt 0.181 0.4651
vt 0.1788 0.4704
vt 0.181 0.4695
vt 0.181 0.4651
vt 0.1766 0.4695
vt 0.1788 0.4704
vt 0.181 0.4651
vt 0.1757 0.4673
vt 0.1766 0.4695
vt 0.181 0.4651
vt 0.1766 0.4651
vt 0.1757 0.4673
vt 0.181 0.4651
vt 0.181 0.4651
vt 0.1788 0.4642
vt 0.1766 0.4651
vt 0.1567 0.1186
vt 0.1545 0.1177
vt 0.1523 0.1186
vt 0.1576 0.1208
vt 0.1567 0.1186
vt 0.1523 0.1186
vt 0.1567 0.123
vt 0.1576 0.1208
vt 0.1523 0.1186
vt 0.1545 0.1239
vt 0.1567 0.123
vt 0.1523 0.1186
vt 0.1523 0.123
vt 0.1545 0.1239
vt 0.1523 0.1186
vt 0.1523 0.1186
vt 0.1514 0.1208
vt 0.1523 0.123
vt 0.167 0.1197
vt 0.167 0.1175
vt 0.161 0.1183
vt 0.1614 0.1206
vt 0.167 0.1197
vt 0.161 0.1183
vt 0.4999 0.4758
vt 0.4907 0.4776
vt 0.4921 0.481
vt 0.4999 0.4758
vt 0.4921 0.481
vt 0.4999 0.4794
vt 0.4999 0.483
vt 0.4999 0.4794
vt 0.4921 0.481
vt 0.4999 0.483
vt 0.4921 0.481
vt 0.4935 0.4843
vt 0.1663 0.4531
vt 0.1703 0.4539
vt 0.1699 0.4517
vt 0.1663 0.4531
vt 0.1699 0.4517
vt 0.1663 0.4509
vt 0.1703 0.4495
vt 0.1663 0.4486
vt 0.1663 0.4509
vt 0.1703 0.4495
vt 0.1663 0.4509
vt 0.1699 0.4517
vt 0.4921 0.1857
vt 0.4999 0.1873
vt 0.4999 0.1836
vt 0.4921 0.1857
vt 0.4999 0.1836
vt 0.4935 0.1823
vt 0.4907 0.1891
vt 0.4999 0.1909
vt 0.4999 0.1873
vt 0.4999 0.1873
vt 0.4921 0.1857
vt 0.4907 0.1891
vt 0.167 0.1175
vt 0.167 0.1153
vt 0.1614 0.1161
vt 0.161 0.1183
vt 0.167 0.1175
vt 0.1614 0.1161
vt 0.1614 0.1206
vt 0.161 0.1183
vt 0.1559 0.1192
vt 0.1566 0.1214
vt 0.1614 0.1206
vt 0.1559 0.1192
vt 0.4907 0.4776
vt 0.4828 0.4829
vt 0.4854 0.4854
vt 0.4907 0.4776
vt 0.4854 0.4854
vt 0.4921 0.481
vt 0.4935 0.4843
vt 0.4921 0.481
vt 0.4854 0.4854
vt 0.4935 0.4843
vt 0.4854 0.4854
vt 0.488 0.488
vt 0.1703 0.4539
vt 0.1736 0.4547
vt 0.173 0.4525
vt 0.1703 0.4539
vt 0.173 0.4525
vt 0.1699 0.4517
vt 0.1736 0.4503
vt 0.1703 0.4495
vt 0.1699 0.4517
vt 0.1736 0.4503
vt 0.1699 0.4517
vt 0.173 0.4525
vt 0.4854 0.1812
vt 0.4921 0.1857
vt 0.4935 0.1823
vt 0.4854 0.1812
vt 0.4935 0.1823
vt 0.488 0.1787
vt 0.4828 0.1838
vt 0.4907 0.1891
vt 0.4921 0.1857
vt 0.4921 0.1857
vt 0.4854 0.1812
vt 0.4828 0.1838
vt 0.161 0.1183
vt 0.1614 0.1161
vt 0.1566 0.117
vt 0.1559 0.1192
vt 0.161 0.1183
vt 0.1566 0.117
vt 0.1566 0.1214
vt 0.1559 0.1192
vt 0.1526 0.12
vt 0.1534 0.1222
vt 0.1566 0.1214
vt 0.1526 0.12
vt 0.4828 0.4829
vt 0.4775 0.4907
vt 0.4809 0.4921
vt 0.4828 0.4829
vt 0.4809 0.4921
vt 0.4854 0.4854
vt 0.488 0.488
vt 0.4854 0.4854
vt 0.4809 0.4921
vt 0.488 0.488
vt 0.4809 0.4921
vt 0.4843 0.4935
vt 0.1592 0.7902
vt 0.1626 0.791
vt 0.163 0.7888
vt 0.1592 0.7902
vt 0.163 0.7888
vt 0.1599 0.7879
vt 0.1758 0.4511
vt 0.1736 0.4503
vt 0.173 0.4525
vt 0.1758 0.4511
vt 0.173 0.4525
vt 0.175 0.4533
vt 0.4809 0.1745
vt 0.4854 0.1812
vt 0.488 0.1787
vt 0.4809 0.1745
vt 0.488 0.1787
vt 0.4843 0.1732
vt 0.4775 0.1759
vt 0.4828 0.1838
vt 0.4854 0.1812
vt 0.4854 0.1812
vt 0.4809 0.1745
vt 0.4775 0.1759
vt 0.5113 0.7879
vt 0.5106 0.7857
vt 0.5058 0.7865
vt 0.5061 0.7888
vt 0.5113 0.7879
vt 0.5058 0.7865
vt 0.5 0.7784
vt 0.5 0.7762
vt 0.4939 0.777
vt 0.4942 0.7793
vt 0.5 0.7784
vt 0.4939 0.777
vt 0.4757 0.5
vt 0.4775 0.5093
vt 0.4809 0.5079
vt 0.4757 0.5
vt 0.4809 0.5079
vt 0.4793 0.5
vt 0.483 0.5
vt 0.4793 0.5
vt 0.4809 0.5079
vt 0.483 0.5
vt 0.4809 0.5079
vt 0.4843 0.5065
vt 0.1667 0.7784
vt 0.1707 0.7793
vt 0.1703 0.777
vt 0.1667 0.7784
vt 0.1703 0.777
vt 0.1667 0.7762
vt 0.1707 0.7748
vt 0.1667 0.7739
vt 0.1667 0.7762
vt 0.1707 0.7748
vt 0.1667 0.7762
vt 0.1703 0.777
vt 0.4809 0.1588
vt 0.4793 0.1667
vt 0.483 0.1667
vt 0.4809 0.1588
vt 0.483 0.1667
vt 0.4843 0.1602
vt 0.4775 0.1574
vt 0.4757 0.1667
vt 0.4793 0.1667
vt 0.4793 0.1667
vt 0.4809 0.1588
vt 0.4775 0.1574
vt 0.5 0.7762
vt 0.5 0.7739
vt 0.4942 0.7748
vt 0.4939 0.777
vt 0.5 0.7762
vt 0.4942 0.7748
vt 0.4942 0.7793
vt 0.4939 0.777
vt 0.4887 0.7779
vt 0.4894 0.7801
vt 0.4942 0.7793
vt 0.4887 0.7779
vt 0.4775 0.5093
vt 0.4828 0.5171
vt 0.4854 0.5146
vt 0.4775 0.5093
vt 0.4854 0.5146
vt 0.4809 0.5079
vt 0.4843 0.5065
vt 0.4809 0.5079
vt 0.4854 0.5146
vt 0.4843 0.5065
vt 0.4854 0.5146
vt 0.488 0.512
vt 0.1575 0.1107
vt 0.1597 0.1115
vt 0.1604 0.1093
vt 0.1575 0.1107
vt 0.1604 0.1093
vt 0.1583 0.1085
vt 0.1741 0.7756
vt 0.1707 0.7748
vt 0.1703 0.777
vt 0.1741 0.7756
vt 0.1703 0.777
vt 0.1734 0.7779
vt 0.4854 0.1521
vt 0.4809 0.1588
vt 0.4843 0.1602
vt 0.4854 0.1521
vt 0.4843 0.1602
vt 0.488 0.1547
vt 0.4828 0.1495
vt 0.4775 0.1574
vt 0.4809 0.1588
vt 0.4809 0.1588
vt 0.4854 0.1521
vt 0.4828 0.1495
vt 0.1808 0.4418
vt 0.1799 0.4396
vt 0.1767 0.4404
vt 0.1774 0.4426
vt 0.1808 0.4418
vt 0.1767 0.4404
vt 0.1767 0.4448
vt 0.1774 0.4426
vt 0.1723 0.4434
vt 0.172 0.4457
vt 0.1767 0.4448
vt 0.1723 0.4434
vt 0.4828 0.5171
vt 0.4907 0.5224
vt 0.4921 0.519
vt 0.4828 0.5171
vt 0.4921 0.519
vt 0.4854 0.5146
vt 0.488 0.512
vt 0.4854 0.5146
vt 0.4921 0.519
vt 0.488 0.512
vt 0.4921 0.519
vt 0.4935 0.5157
vt 0.1597 0.1115
vt 0.1631 0.1123
vt 0.1634 0.1101
vt 0.1597 0.1115
vt 0.1634 0.1101
vt 0.1604 0.1093
vt 0.1631 0.1079
vt 0.1597 0.1071
vt 0.1604 0.1093
vt 0.1631 0.1079
vt 0.1604 0.1093
vt 0.1634 0.1101
vt 0.4921 0.1476
vt 0.4854 0.1521
vt 0.488 0.1547
vt 0.4921 0.1476
vt 0.488 0.1547
vt 0.4935 0.151
vt 0.4907 0.1443
vt 0.4828 0.1495
vt 0.4854 0.1521
vt 0.4854 0.1521
vt 0.4921 0.1476
vt 0.4907 0.1443
vt 0.1774 0.4426
vt 0.1767 0.4404
vt 0.172 0.4412
vt 0.1723 0.4434
vt 0.1774 0.4426
vt 0.172 0.4412
vt 0.172 0.4457
vt 0.1723 0.4434
vt 0.1663 0.4443
vt 0.1663 0.4465
vt 0.172 0.4457
vt 0.1663 0.4443
vt 0.4907 0.5224
vt 0.4999 0.5242
vt 0.4999 0.5206
vt 0.4907 0.5224
vt 0.4999 0.5206
vt 0.4921 0.519
vt 0.4935 0.5157
vt 0.4921 0.519
vt 0.4999 0.5206
vt 0.4935 0.5157
vt 0.4999 0.5206
vt 0.4999 0.517
vt 0.1631 0.1123
vt 0.167 0.1132
vt 0.167 0.1109
vt 0.1631 0.1123
vt 0.167 0.1109
vt 0.1634 0.1101
vt 0.167 0.1087
vt 0.1631 0.1079
vt 0.1634 0.1101
vt 0.167 0.1087
vt 0.1634 0.1101
vt 0.167 0.1109
vt 0.4999 0.1461
vt 0.4921 0.1476
vt 0.4935 0.151
vt 0.4999 0.1461
vt 0.4935 0.151
vt 0.4999 0.1497
vt 0.4999 0.1424
vt 0.4907 0.1443
vt 0.4921 0.1476
vt 0.4921 0.1476
vt 0.4999 0.1461
vt 0.4999 0.1424
vt 0.1723 0.4434
vt 0.172 0.4412
vt 0.1663 0.4421
vt 0.1663 0.4443
vt 0.1723 0.4434
vt 0.1663 0.4421
vt 0.1663 0.4465
vt 0.1663 0.4443
vt 0.1603 0.4451
vt 0.1607 0.4473
vt 0.1663 0.4465
vt 0.1603 0.4451
vt 0.4999 0.5242
vt 0.5092 0.5224
vt 0.5078 0.519
vt 0.4999 0.5242
vt 0.5078 0.519
vt 0.4999 0.5206
vt 0.4999 0.517
vt 0.4999 0.5206
vt 0.5078 0.519
vt 0.4999 0.517
vt 0.5078 0.519
vt 0.5064 0.5157
vt 0.167 0.1132
vt 0.171 0.114
vt 0.1706 0.1118
vt 0.167 0.1132
vt 0.1706 0.1118
vt 0.167 0.1109
vt 0.171 0.1095
vt 0.167 0.1087
vt 0.167 0.1109
vt 0.171 0.1095
vt 0.167 0.1109
vt 0.1706 0.1118
vt 0.5078 0.1476
vt 0.4999 0.1461
vt 0.4999 0.1497
vt 0.5078 0.1476
vt 0.4999 0.1497
vt 0.5064 0.151
vt 0.5092 0.1443
vt 0.4999 0.1424
vt 0.4999 0.1461
vt 0.4999 0.1461
vt 0.5078 0.1476
vt 0.5092 0.1443
vt 0.1663 0.4443
vt 0.1663 0.4421
vt 0.1607 0.4429
vt 0.1603 0.4451
vt 0.1663 0.4443
vt 0.1607 0.4429
vt 0.1607 0.4473
vt 0.1603 0.4451
vt 0.1553 0.4459
vt 0.1559 0.4481
vt 0.1607 0.4473
vt 0.1553 0.4459
vt 0.5092 0.5224
vt 0.5171 0.5171
vt 0.5145 0.5146
vt 0.5092 0.5224
vt 0.5145 0.5146
vt 0.5078 0.519
vt 0.5064 0.5157
vt 0.5078 0.519
vt 0.5145 0.5146
vt 0.5064 0.5157
vt 0.5145 0.5146
vt 0.5119 0.512
vt 0.171 0.114
vt 0.1743 0.1148
vt 0.1737 0.1126
vt 0.171 0.114
vt 0.1737 0.1126
vt 0.1706 0.1118
vt 0.1743 0.1104
vt 0.171 0.1095
vt 0.1706 0.1118
vt 0.1743 0.1104
vt 0.1706 0.1118
vt 0.1737 0.1126
vt 0.5145 0.1521
vt 0.5078 0.1476
vt 0.5064 0.151
vt 0.5145 0.1521
vt 0.5064 0.151
vt 0.5119 0.1547
vt 0.5171 0.1495
vt 0.5092 0.1443
vt 0.5078 0.1476
vt 0.5078 0.1476
vt 0.5145 0.1521
vt 0.5171 0.1495
vt 0.1603 0.4451
vt 0.1607 0.4429
vt 0.1559 0.4437
vt 0.1553 0.4459
vt 0.1603 0.4451
vt 0.1559 0.4437
vt 0.1559 0.4481
vt 0.1553 0.4459
vt 0.1519 0.4467
vt 0.1527 0.449
vt 0.1559 0.4481
vt 0.1519 0.4467
vt 0.5171 0.5171
vt 0.5223 0.5093
vt 0.519 0.5079
vt 0.5171 0.5171
vt 0.519 0.5079
vt 0.5145 0.5146
vt 0.5119 0.512
vt 0.5145 0.5146
vt 0.519 0.5079
vt 0.5119 0.512
vt 0.519 0.5079
vt 0.5156 0.5065
vt 0.4926 0.7835
vt 0.496 0.7843
vt 0.4963 0.7821
vt 0.4926 0.7835
vt 0.4963 0.7821
vt 0.4932 0.7812
vt 0.1765 0.1112
vt 0.1743 0.1104
vt 0.1737 0.1126
vt 0.1765 0.1112
vt 0.1737 0.1126
vt 0.1757 0.1134
vt 0.519 0.1588
vt 0.5145 0.1521
vt 0.5119 0.1547
vt 0.519 0.1588
vt 0.5119 0.1547
vt 0.5156 0.1602
vt 0.5223 0.1574
vt 0.5171 0.1495
vt 0.5145 0.1521
vt 0.5145 0.1521
vt 0.519 0.1588
vt 0.5223 0.1574
vt 0.178 0.7812
vt 0.1773 0.779
vt 0.1724 0.7798
vt 0.1728 0.7821
vt 0.178 0.7812
vt 0.1724 0.7798
vt 0.1724 0.7843
vt 0.1728 0.7821
vt 0.1667 0.7829
vt 0.1667 0.7852
vt 0.1724 0.7843
vt 0.1667 0.7829
vt 0.5223 0.5093
vt 0.5242 0.5
vt 0.5205 0.5
vt 0.5223 0.5093
vt 0.5205 0.5
vt 0.519 0.5079
vt 0.5156 0.5065
vt 0.519 0.5079
vt 0.5205 0.5
vt 0.5156 0.5065
vt 0.5205 0.5
vt 0.5169 0.5
vt 0.496 0.7843
vt 0.5 0.7852
vt 0.5 0.7829
vt 0.496 0.7843
vt 0.5 0.7829
vt 0.4963 0.7821
vt 0.5 0.7806
vt 0.496 0.7798
vt 0.4963 0.7821
vt 0.5 0.7806
vt 0.4963 0.7821
vt 0.5 0.7829
vt 0.5205 0.1667
vt 0.519 0.1588
vt 0.5156 0.1602
vt 0.5205 0.1667
vt 0.5156 0.1602
vt 0.5169 0.1667
vt 0.5242 0.1667
vt 0.5223 0.1574
vt 0.519 0.1588
vt 0.519 0.1588
vt 0.5205 0.1667
vt 0.5242 0.1667
vt 0.1728 0.7821
vt 0.1724 0.7798
vt 0.1667 0.7806
vt 0.1667 0.7829
vt 0.1728 0.7821
vt 0.1667 0.7806
vt 0.1667 0.7852
vt 0.1667 0.7829
vt 0.1606 0.7837
vt 0.1609 0.786
vt 0.1667 0.7852
vt 0.1606 0.7837
vt 0.5242 0.5
vt 0.5223 0.4907
vt 0.519 0.4921
vt 0.5242 0.5
vt 0.519 0.4921
vt 0.5205 0.5
vt 0.5169 0.5
vt 0.5205 0.5
vt 0.519 0.4921
vt 0.5169 0.5
vt 0.519 0.4921
vt 0.5156 0.4935
vt 0.5 0.7852
vt 0.504 0.786
vt 0.5037 0.7837
vt 0.5 0.7852
vt 0.5037 0.7837
vt 0.5 0.7829
vt 0.504 0.7815
vt 0.5 0.7806
vt 0.5 0.7829
vt 0.504 0.7815
vt 0.5 0.7829
vt 0.5037 0.7837
vt 0.519 0.1745
vt 0.5205 0.1667
vt 0.5169 0.1667
vt 0.519 0.1745
vt 0.5169 0.1667
vt 0.5156 0.1732
vt 0.5223 0.1759
vt 0.5242 0.1667
vt 0.5205 0.1667
vt 0.5205 0.1667
vt 0.519 0.1745
vt 0.5223 0.1759
vt 0.1667 0.7829
vt 0.1667 0.7806
vt 0.1609 0.7815
vt 0.1606 0.7837
vt 0.1667 0.7829
vt 0.1609 0.7815
vt 0.1609 0.786
vt 0.1606 0.7837
vt 0.1554 0.7849
vt 0.156 0.7872
vt 0.1609 0.786
vt 0.1554 0.7849
vt 0.5223 0.4907
vt 0.5171 0.4829
vt 0.5145 0.4854
vt 0.5223 0.4907
vt 0.5145 0.4854
vt 0.519 0.4921
vt 0.5156 0.4935
vt 0.519 0.4921
vt 0.5145 0.4854
vt 0.5156 0.4935
vt 0.5145 0.4854
vt 0.5119 0.488
vt 0.1568 0.4506
vt 0.159 0.4518
vt 0.1597 0.4495
vt 0.1568 0.4506
vt 0.1597 0.4495
vt 0.1576 0.4484
vt 0.5074 0.7827
vt 0.504 0.7815
vt 0.5037 0.7837
vt 0.5074 0.7827
vt 0.5037 0.7837
vt 0.5068 0.7849
vt 0.5145 0.1812
vt 0.519 0.1745
vt 0.5156 0.1732
vt 0.5145 0.1812
vt 0.5156 0.1732
vt 0.5119 0.1787
vt 0.5171 0.1838
vt 0.5223 0.1759
vt 0.519 0.1745
vt 0.519 0.1745
vt 0.5145 0.1812
vt 0.5171 0.1838
vt 0.1815 0.1151
vt 0.1806 0.1128
vt 0.1774 0.114
vt 0.1781 0.1162
vt 0.1815 0.1151
vt 0.1774 0.114
vt 0.1774 0.1184
vt 0.1781 0.1162
vt 0.173 0.1167
vt 0.1727 0.1189
vt 0.1774 0.1184
vt 0.173 0.1167
vt 0.5171 0.4829
vt 0.5092 0.4776
vt 0.5078 0.481
vt 0.5171 0.4829
vt 0.5078 0.481
vt 0.5145 0.4854
vt 0.5119 0.488
vt 0.5145 0.4854
vt 0.5078 0.481
vt 0.5119 0.488
vt 0.5078 0.481
vt 0.5064 0.4843
vt 0.159 0.4518
vt 0.1624 0.4522
vt 0.1627 0.45
vt 0.159 0.4518
vt 0.1627 0.45
vt 0.1597 0.4495
vt 0.1624 0.4478
vt 0.159 0.4473
vt 0.1597 0.4495
vt 0.1624 0.4478
vt 0.1597 0.4495
vt 0.1627 0.45
vt 0.5078 0.1857
vt 0.5145 0.1812
vt 0.5119 0.1787
vt 0.5078 0.1857
vt 0.5119 0.1787
vt 0.5064 0.1823
vt 0.5092 0.1891
vt 0.5171 0.1838
vt 0.5145 0.1812
vt 0.5145 0.1812
vt 0.5078 0.1857
vt 0.5092 0.1891
vt 0.1781 0.1162
vt 0.1774 0.114
vt 0.1727 0.1145
vt 0.173 0.1167
vt 0.1781 0.1162
vt 0.1727 0.1145
vt 0.1727 0.1189
vt 0.173 0.1167
vt 0.167 0.1175
vt 0.167 0.1197
vt 0.1727 0.1189
vt 0.167 0.1175
vt 0.5092 0.4776
vt 0.4999 0.4758
vt 0.4999 0.4794
vt 0.5092 0.4776
vt 0.4999 0.4794
vt 0.5078 0.481
vt 0.5064 0.4843
vt 0.5078 0.481
vt 0.4999 0.4794
vt 0.5064 0.4843
vt 0.4999 0.4794
vt 0.4999 0.483
vt 0.1624 0.4522
vt 0.1663 0.4531
vt 0.1663 0.4509
vt 0.1624 0.4522
vt 0.1663 0.4509
vt 0.1627 0.45
vt 0.1663 0.4486
vt 0.1624 0.4478
vt 0.1627 0.45
vt 0.1663 0.4486
vt 0.1627 0.45
vt 0.1663 0.4509
vt 0.4999 0.1873
vt 0.5078 0.1857
vt 0.5064 0.1823
vt 0.4999 0.1873
vt 0.5064 0.1823
vt 0.4999 0.1836
vt 0.4999 0.1909
vt 0.5092 0.1891
vt 0.5078 0.1857
vt 0.5078 0.1857
vt 0.4999 0.1873
vt 0.4999 0.1909
vt 0.173 0.1167
vt 0.1727 0.1145
vt 0.167 0.1153
vt 0.167 0.1175
vt 0.173 0.1167
vt 0.167 0.1153
vt 0.1626 0.791
vt 0.1666 0.7919
vt 0.1666 0.7896
vt 0.1626 0.791
vt 0.1666 0.7896
vt 0.163 0.7888
vt 0.1666 0.7874
vt 0.1626 0.7865
vt 0.163 0.7888
vt 0.1666 0.7874
vt 0.163 0.7888
vt 0.1666 0.7896
vt 0.483 0.1668
vt 0.4794 0.1668
vt 0.4809 0.1745
vt 0.483 0.1668
vt 0.4809 0.1745
vt 0.4843 0.1732
vt 0.4757 0.1668
vt 0.4775 0.1759
vt 0.4809 0.1745
vt 0.4757 0.1668
vt 0.4809 0.1745
vt 0.4794 0.1668
vt 0.5001 0.7874
vt 0.5001 0.7896
vt 0.5061 0.7888
vt 0.5058 0.7865
vt 0.5001 0.7874
vt 0.5061 0.7888
vt 0.5001 0.7896
vt 0.5001 0.7919
vt 0.5058 0.791
vt 0.5061 0.7888
vt 0.5001 0.7896
vt 0.5058 0.791
vt 0.4809 0.4921
vt 0.4775 0.4907
vt 0.4757 0.4999
vt 0.4794 0.4999
vt 0.4809 0.4921
vt 0.4757 0.4999
vt 0.4809 0.4921
vt 0.4794 0.4999
vt 0.483 0.4999
vt 0.4809 0.4921
vt 0.483 0.4999
vt 0.4843 0.4935
vt 0.181 0.4564
vt 0.182 0.4541
vt 0.181 0.4519
vt 0.1788 0.4573
vt 0.181 0.4564
vt 0.181 0.4519
vt 0.1766 0.4564
vt 0.1788 0.4573
vt 0.181 0.4519
vt 0.1757 0.4541
vt 0.1766 0.4564
vt 0.181 0.4519
vt 0.1766 0.4519
vt 0.1757 0.4541
vt 0.181 0.4519
vt 0.181 0.4519
vt 0.1788 0.451
vt 0.1766 0.4519
vt 0.1567 0.1054
vt 0.1545 0.1045
vt 0.1523 0.1054
vt 0.1576 0.1076
vt 0.1567 0.1054
vt 0.1523 0.1054
vt 0.1567 0.1099
vt 0.1576 0.1076
vt 0.1523 0.1054
vt 0.1545 0.1108
vt 0.1567 0.1099
vt 0.1523 0.1054
vt 0.1523 0.1099
vt 0.1545 0.1108
vt 0.1523 0.1054
vt 0.1523 0.1054
vt 0.1514 0.1076
vt 0.1523 0.1099
vt 0.167 0.1066
vt 0.167 0.1043
vt 0.161 0.1052
vt 0.1614 0.1074
vt 0.167 0.1066
vt 0.161 0.1052
vt 0.4999 0.4758
vt 0.4907 0.4776
vt 0.4921 0.481
vt 0.4999 0.4758
vt 0.4921 0.481
vt 0.4999 0.4794
vt 0.4999 0.483
vt 0.4999 0.4794
vt 0.4921 0.481
vt 0.4999 0.483
vt 0.4921 0.481
vt 0.4935 0.4843
vt 0.1663 0.4399
vt 0.1703 0.4407
vt 0.1699 0.4385
vt 0.1663 0.4399
vt 0.1699 0.4385
vt 0.1663 0.4377
vt 0.1703 0.4363
vt 0.1663 0.4355
vt 0.1663 0.4377
vt 0.1703 0.4363
vt 0.1663 0.4377
vt 0.1699 0.4385
vt 0.4921 0.1857
vt 0.4999 0.1873
vt 0.4999 0.1836
vt 0.4921 0.1857
vt 0.4999 0.1836
vt 0.4935 0.1823
vt 0.4907 0.1891
vt 0.4999 0.1909
vt 0.4999 0.1873
vt 0.4999 0.1873
vt 0.4921 0.1857
vt 0.4907 0.1891
vt 0.167 0.1043
vt 0.167 0.1021
vt 0.1614 0.103
vt 0.161 0.1052
vt 0.167 0.1043
vt 0.1614 0.103
vt 0.1614 0.1074
vt 0.161 0.1052
vt 0.1559 0.106
vt 0.1566 0.1082
vt 0.1614 0.1074
vt 0.1559 0.106
vt 0.4907 0.4776
vt 0.4828 0.4829
vt 0.4854 0.4854
vt 0.4907 0.4776
vt 0.4854 0.4854
vt 0.4921 0.481
vt 0.4935 0.4843
vt 0.4921 0.481
vt 0.4854 0.4854
vt 0.4935 0.4843
vt 0.4854 0.4854
vt 0.488 0.488
vt 0.1703 0.4407
vt 0.1736 0.4415
vt 0.173 0.4393
vt 0.1703 0.4407
vt 0.173 0.4393
vt 0.1699 0.4385
vt 0.1736 0.4371
vt 0.1703 0.4363
vt 0.1699 0.4385
vt 0.1736 0.4371
vt 0.1699 0.4385
vt 0.173 0.4393
vt 0.4854 0.1812
vt 0.4921 0.1857
vt 0.4935 0.1823
vt 0.4854 0.1812
vt 0.4935 0.1823
vt 0.488 0.1787
vt 0.4828 0.1838
vt 0.4907 0.1891
vt 0.4921 0.1857
vt 0.4921 0.1857
vt 0.4854 0.1812
vt 0.4828 0.1838
vt 0.161 0.1052
vt 0.1614 0.103
vt 0.1566 0.1038
vt 0.1559 0.106
vt 0.161 0.1052
vt 0.1566 0.1038
vt 0.1566 0.1082
vt 0.1559 0.106
vt 0.1526 0.1068
vt 0.1534 0.109
vt 0.1566 0.1082
vt 0.1526 0.1068
vt 0.4828 0.4829
vt 0.4775 0.4907
vt 0.4809 0.4921
vt 0.4828 0.4829
vt 0.4809 0.4921
vt 0.4854 0.4854
vt 0.488 0.488
vt 0.4854 0.4854
vt 0.4809 0.4921
vt 0.488 0.488
vt 0.4809 0.4921
vt 0.4843 0.4935
vt 0.1592 0.7767
vt 0.1626 0.7776
vt 0.163 0.7753
vt 0.1592 0.7767
vt 0.163 0.7753
vt 0.1599 0.7745
vt 0.1758 0.4379
vt 0.1736 0.4371
vt 0.173 0.4393
vt 0.1758 0.4379
vt 0.173 0.4393
vt 0.175 0.4401
vt 0.4809 0.1745
vt 0.4854 0.1812
vt 0.488 0.1787
vt 0.4809 0.1745
vt 0.488 0.1787
vt 0.4843 0.1732
vt 0.4775 0.1759
vt 0.4828 0.1838
vt 0.4854 0.1812
vt 0.4854 0.1812
vt 0.4809 0.1745
vt 0.4775 0.1759
vt 0.5113 0.7745
vt 0.5106 0.7722
vt 0.5058 0.7731
vt 0.5061 0.7753
vt 0.5113 0.7745
vt 0.5058 0.7731
vt 0.5 0.765
vt 0.5 0.7627
vt 0.4939 0.7636
vt 0.4942 0.7658
vt 0.5 0.765
vt 0.4939 0.7636
vt 0.4757 0.5
vt 0.4775 0.5093
vt 0.4809 0.5079
vt 0.4757 0.5
vt 0.4809 0.5079
vt 0.4793 0.5
vt 0.483 0.5
vt 0.4793 0.5
vt 0.4809 0.5079
vt 0.483 0.5
vt 0.4809 0.5079
vt 0.4843 0.5065
vt 0.1667 0.765
vt 0.1707 0.7658
vt 0.1703 0.7636
vt 0.1667 0.765
vt 0.1703 0.7636
vt 0.1667 0.7627
vt 0.1707 0.7613
vt 0.1667 0.7605
vt 0.1667 0.7627
vt 0.1707 0.7613
vt 0.1667 0.7627
vt 0.1703 0.7636
vt 0.4809 0.1588
vt 0.4793 0.1667
vt 0.483 0.1667
vt 0.4809 0.1588
vt 0.483 0.1667
vt 0.4843 0.1602
vt 0.4775 0.1574
vt 0.4757 0.1667
vt 0.4793 0.1667
vt 0.4793 0.1667
vt 0.4809 0.1588
vt 0.4775 0.1574
vt 0.5 0.7627
vt 0.5 0.7605
vt 0.4942 0.7613
vt 0.4939 0.7636
vt 0.5 0.7627
vt 0.4942 0.7613
vt 0.4942 0.7658
vt 0.4939 0.7636
vt 0.4887 0.7644
vt 0.4894 0.7667
vt 0.4942 0.7658
vt 0.4887 0.7644
vt 0.4775 0.5093
vt 0.4828 0.5171
vt 0.4854 0.5146
vt 0.4775 0.5093
vt 0.4854 0.5146
vt 0.4809 0.5079
vt 0.4843 0.5065
vt 0.4809 0.5079
vt 0.4854 0.5146
vt 0.4843 0.5065
vt 0.4854 0.5146
vt 0.488 0.512
vt 0.1575 0.0975
vt 0.1597 0.0983
vt 0.1604 0.0961
vt 0.1575 0.0975
vt 0.1604 0.0961
vt 0.1583 0.0953
vt 0.1741 0.7622
vt 0.1707 0.7613
vt 0.1703 0.7636
vt 0.1741 0.7622
vt 0.1703 0.7636
vt 0.1734 0.7644
vt 0.4854 0.1521
vt 0.4809 0.1588
vt 0.4843 0.1602
vt 0.4854 0.1521
vt 0.4843 0.1602
vt 0.488 0.1547
vt 0.4828 0.1495
vt 0.4775 0.1574
vt 0.4809 0.1588
vt 0.4809 0.1588
vt 0.4854 0.1521
vt 0.4828 0.1495
vt 0.1808 0.4286
vt 0.1799 0.4264
vt 0.1767 0.4272
vt 0.1774 0.4294
vt 0.1808 0.4286
vt 0.1767 0.4272
vt 0.1767 0.4317
vt 0.1774 0.4294
vt 0.1723 0.4303
vt 0.172 0.4325
vt 0.1767 0.4317
vt 0.1723 0.4303
vt 0.4828 0.5171
vt 0.4907 0.5224
vt 0.4921 0.519
vt 0.4828 0.5171
vt 0.4921 0.519
vt 0.4854 0.5146
vt 0.488 0.512
vt 0.4854 0.5146
vt 0.4921 0.519
vt 0.488 0.512
vt 0.4921 0.519
vt 0.4935 0.5157
vt 0.1597 0.0983
vt 0.1631 0.0992
vt 0.1634 0.0969
vt 0.1597 0.0983
vt 0.1634 0.0969
vt 0.1604 0.0961
vt 0.1631 0.0947
vt 0.1597 0.0939
vt 0.1604 0.0961
vt 0.1631 0.0947
vt 0.1604 0.0961
vt 0.1634 0.0969
vt 0.4921 0.1476
vt 0.4854 0.1521
vt 0.488 0.1547
vt 0.4921 0.1476
vt 0.488 0.1547
vt 0.4935 0.151
vt 0.4907 0.1443
vt 0.4828 0.1495
vt 0.4854 0.1521
vt 0.4854 0.1521
vt 0.4921 0.1476
vt 0.4907 0.1443
vt 0.1774 0.4294
vt 0.1767 0.4272
vt 0.172 0.4281
vt 0.1723 0.4303
vt 0.1774 0.4294
vt 0.172 0.4281
vt 0.172 0.4325
vt 0.1723 0.4303
vt 0.1663 0.4311
vt 0.1663 0.4333
vt 0.172 0.4325
vt 0.1663 0.4311
vt 0.4907 0.5224
vt 0.4999 0.5242
vt 0.4999 0.5206
vt 0.4907 0.5224
vt 0.4999 0.5206
vt 0.4921 0.519
vt 0.4935 0.5157
vt 0.4921 0.519
vt 0.4999 0.5206
vt 0.4935 0.5157
vt 0.4999 0.5206
vt 0.4999 0.517
vt 0.1631 0.0992
vt 0.167 0.1
vt 0.167 0.0978
vt 0.1631 0.0992
vt 0.167 0.0978
vt 0.1634 0.0969
vt 0.167 0.0956
vt 0.1631 0.0947
vt 0.1634 0.0969
vt 0.167 0.0956
vt 0.1634 0.0969
vt 0.167 0.0978
vt 0.4999 0.1461
vt 0.4921 0.1476
vt 0.4935 0.151
vt 0.4999 0.1461
vt 0.4935 0.151
vt 0.4999 0.1497
vt 0.4999 0.1424
vt 0.4907 0.1443
vt 0.4921 0.1476
vt 0.4921 0.1476
vt 0.4999 0.1461
vt 0.4999 0.1424
vt 0.1723 0.4303
vt 0.172 0.4281
vt 0.1663 0.4289
vt 0.1663 0.4311
vt 0.1723 0.4303
vt 0.1663 0.4289
vt 0.1663 0.4333
vt 0.1663 0.4311
vt 0.1603 0.4319
vt 0.1607 0.4341
vt 0.1663 0.4333
vt 0.1603 0.4319
vt 0.4999 0.5242
vt 0.5092 0.5224
vt 0.5078 0.519
vt 0.4999 0.5242
vt 0.5078 0.519
vt 0.4999 0.5206
vt 0.4999 0.517
vt 0.4999 0.5206
vt 0.5078 0.519
vt 0.4999 0.517
vt 0.5078 0.519
vt 0.5064 0.5157
vt 0.167 0.1
vt 0.171 0.1008
vt 0.1706 0.0986
vt 0.167 0.1
vt 0.1706 0.0986
vt 0.167 0.0978
vt 0.171 0.0964
vt 0.167 0.0956
vt 0.167 0.0978
vt 0.171 0.0964
vt 0.167 0.0978
vt 0.1706 0.0986
vt 0.5078 0.1476
vt 0.4999 0.1461
vt 0.4999 0.1497
vt 0.5078 0.1476
vt 0.4999 0.1497
vt 0.5064 0.151
vt 0.5092 0.1443
vt 0.4999 0.1424
vt 0.4999 0.1461
vt 0.4999 0.1461
vt 0.5078 0.1476
vt 0.5092 0.1443
vt 0.1663 0.4311
vt 0.1663 0.4289
vt 0.1607 0.4297
vt 0.1603 0.4319
vt 0.1663 0.4311
vt 0.1607 0.4297
vt 0.1607 0.4341
vt 0.1603 0.4319
vt 0.1553 0.4327
vt 0.1559 0.435
vt 0.1607 0.4341
vt 0.1553 0.4327
vt 0.5092 0.5224
vt 0.5171 0.5171
vt 0.5145 0.5146
vt 0.5092 0.5224
vt 0.5145 0.5146
vt 0.5078 0.519
vt 0.5064 0.5157
vt 0.5078 0.519
vt 0.5145 0.5146
vt 0.5064 0.5157
vt 0.5145 0.5146
vt 0.5119 0.512
vt 0.171 0.1008
vt 0.1743 0.1016
vt 0.1737 0.0994
vt 0.171 0.1008
vt 0.1737 0.0994
vt 0.1706 0.0986
vt 0.1743 0.0972
vt 0.171 0.0964
vt 0.1706 0.0986
vt 0.1743 0.0972
vt 0.1706 0.0986
vt 0.1737 0.0994
vt 0.5145 0.1521
vt 0.5078 0.1476
vt 0.5064 0.151
vt 0.5145 0.1521
vt 0.5064 0.151
vt 0.5119 0.1547
vt 0.5171 0.1495
vt 0.5092 0.1443
vt 0.5078 0.1476
vt 0.5078 0.1476
vt 0.5145 0.1521
vt 0.5171 0.1495
vt 0.1603 0.4319
vt 0.1607 0.4297
vt 0.1559 0.4305
vt 0.1553 0.4327
vt 0.1603 0.4319
vt 0.1559 0.4305
vt 0.1559 0.435
vt 0.1553 0.4327
vt 0.1519 0.4336
vt 0.1527 0.4358
vt 0.1559 0.435
vt 0.1519 0.4336
vt 0.5171 0.5171
vt 0.5223 0.5093
vt 0.519 0.5079
vt 0.5171 0.5171
vt 0.519 0.5079
vt 0.5145 0.5146
vt 0.5119 0.512
vt 0.5145 0.5146
vt 0.519 0.5079
vt 0.5119 0.512
vt 0.519 0.5079
vt 0.5156 0.5065
vt 0.4926 0.77
vt 0.496 0.7709
vt 0.4963 0.7686
vt 0.4926 0.77
vt 0.4963 0.7686
vt 0.4932 0.7678
vt 0.1765 0.098
vt 0.1743 0.0972
vt 0.1737 0.0994
vt 0.1765 0.098
vt 0.1737 0.0994
vt 0.1757 0.1002
vt 0.519 0.1588
vt 0.5145 0.1521
vt 0.5119 0.1547
vt 0.519 0.1588
vt 0.5119 0.1547
vt 0.5156 0.1602
vt 0.5223 0.1574
vt 0.5171 0.1495
vt 0.5145 0.1521
vt 0.5145 0.1521
vt 0.519 0.1588
vt 0.5223 0.1574
vt 0.178 0.7678
vt 0.1773 0.7655
vt 0.1724 0.7664
vt 0.1728 0.7686
vt 0.178 0.7678
vt 0.1724 0.7664
vt 0.1724 0.7709
vt 0.1728 0.7686
vt 0.1667 0.7695
vt 0.1667 0.7717
vt 0.1724 0.7709
vt 0.1667 0.7695
vt 0.5223 0.5093
vt 0.5242 0.5
vt 0.5205 0.5
vt 0.5223 0.5093
vt 0.5205 0.5
vt 0.519 0.5079
vt 0.5156 0.5065
vt 0.519 0.5079
vt 0.5205 0.5
vt 0.5156 0.5065
vt 0.5205 0.5
vt 0.5169 0.5
vt 0.496 0.7709
vt 0.5 0.7717
vt 0.5 0.7695
vt 0.496 0.7709
vt 0.5 0.7695
vt 0.4963 0.7686
vt 0.5 0.7672
vt 0.496 0.7664
vt 0.4963 0.7686
vt 0.5 0.7672
vt 0.4963 0.7686
vt 0.5 0.7695
vt 0.5205 0.1667
vt 0.519 0.1588
vt 0.5156 0.1602
vt 0.5205 0.1667
vt 0.5156 0.1602
vt 0.5169 0.1667
vt 0.5242 0.1667
vt 0.5223 0.1574
vt 0.519 0.1588
vt 0.519 0.1588
vt 0.5205 0.1667
vt 0.5242 0.1667
vt 0.1728 0.7686
vt 0.1724 0.7664
vt 0.1667 0.7672
vt 0.1667 0.7695
vt 0.1728 0.7686
vt 0.1667 0.7672
vt 0.1667 0.7717
vt 0.1667 0.7695
vt 0.1606 0.7703
vt 0.1609 0.7725
vt 0.1667 0.7717
vt 0.1606 0.7703
vt 0.5242 0.5
vt 0.5223 0.4907
vt 0.519 0.4921
vt 0.5242 0.5
vt 0.519 0.4921
vt 0.5205 0.5
vt 0.5169 0.5
vt 0.5205 0.5
vt 0.519 0.4921
vt 0.5169 0.5
vt 0.519 0.4921
vt 0.5156 0.4935
vt 0.5 0.7717
vt 0.504 0.7725
vt 0.5037 0.7703
vt 0.5 0.7717
vt 0.5037 0.7703
vt 0.5 0.7695
vt 0.504 0.768
vt 0.5 0.7672
vt 0.5 0.7695
vt 0.504 0.768
vt 0.5 0.7695
vt 0.5037 0.7703
vt 0.519 0.1745
vt 0.5205 0.1667
vt 0.5169 0.1667
vt 0.519 0.1745
vt 0.5169 0.1667
vt 0.5156 0.1732
vt 0.5223 0.1759
vt 0.5242 0.1667
vt 0.5205 0.1667
vt 0.5205 0.1667
vt 0.519 0.1745
vt 0.5223 0.1759
vt 0.1667 0.7695
vt 0.1667 0.7672
vt 0.1609 0.768
vt 0.1606 0.7703
vt 0.1667 0.7695
vt 0.1609 0.768
vt 0.1609 0.7725
vt 0.1606 0.7703
vt 0.1554 0.7715
vt 0.156 0.7737
vt 0.1609 0.7725
vt 0.1554 0.7715
vt 0.5223 0.4907
vt 0.5171 0.4829
vt 0.5145 0.4854
vt 0.5223 0.4907
vt 0.5145 0.4854
vt 0.519 0.4921
vt 0.5156 0.4935
vt 0.519 0.4921
vt 0.5145 0.4854
vt 0.5156 0.4935
vt 0.5145 0.4854
vt 0.5119 0.488
vt 0.1568 0.4374
vt 0.159 0.4386
vt 0.1597 0.4364
vt 0.1568 0.4374
vt 0.1597 0.4364
vt 0.1576 0.4352
vt 0.5074 0.7692
vt 0.504 0.768
vt 0.5037 0.7703
vt 0.5074 0.7692
vt 0.5037 0.7703
vt 0.5068 0.7715
vt 0.5145 0.1812
vt 0.519 0.1745
vt 0.5156 0.1732
vt 0.5145 0.1812
vt 0.5156 0.1732
vt 0.5119 0.1787
vt 0.5171 0.1838
vt 0.5223 0.1759
vt 0.519 0.1745
vt 0.519 0.1745
vt 0.5145 0.1812
vt 0.5171 0.1838
vt 0.1815 0.1019
vt 0.1806 0.0997
vt 0.1774 0.1008
vt 0.1781 0.103
vt 0.1815 0.1019
vt 0.1774 0.1008
vt 0.1774 0.1052
vt 0.1781 0.103
vt 0.173 0.1035
vt 0.1727 0.1057
vt 0.1774 0.1052
vt 0.173 0.1035
vt 0.5171 0.4829
vt 0.5092 0.4776
vt 0.5078 0.481
vt 0.5171 0.4829
vt 0.5078 0.481
vt 0.5145 0.4854
vt 0.5119 0.488
vt 0.5145 0.4854
vt 0.5078 0.481
vt 0.5119 0.488
vt 0.5078 0.481
vt 0.5064 0.4843
vt 0.159 0.4386
vt 0.1624 0.4391
vt 0.1627 0.4369
vt 0.159 0.4386
vt 0.1627 0.4369
vt 0.1597 0.4364
vt 0.1624 0.4346
vt 0.159 0.4342
vt 0.1597 0.4364
vt 0.1624 0.4346
vt 0.1597 0.4364
vt 0.1627 0.4369
vt 0.5078 0.1857
vt 0.5145 0.1812
vt 0.5119 0.1787
vt 0.5078 0.1857
vt 0.5119 0.1787
vt 0.5064 0.1823
vt 0.5092 0.1891
vt 0.5171 0.1838
vt 0.5145 0.1812
vt 0.5145 0.1812
vt 0.5078 0.1857
vt 0.5092 0.1891
vt 0.1781 0.103
vt 0.1774 0.1008
vt 0.1727 0.1013
vt 0.173 0.1035
vt 0.1781 0.103
vt 0.1727 0.1013
vt 0.1727 0.1057
vt 0.173 0.1035
vt 0.167 0.1043
vt 0.167 0.1066
vt 0.1727 0.1057
vt 0.167 0.1043
vt 0.5092 0.4776
vt 0.4999 0.4758
vt 0.4999 0.4794
vt 0.5092 0.4776
vt 0.4999 0.4794
vt 0.5078 0.481
vt 0.5064 0.4843
vt 0.5078 0.481
vt 0.4999 0.4794
vt 0.5064 0.4843
vt 0.4999 0.4794
vt 0.4999 0.483
vt 0.1624 0.4391
vt 0.1663 0.4399
vt 0.1663 0.4377
vt 0.1624 0.4391
vt 0.1663 0.4377
vt 0.1627 0.4369
vt 0.1663 0.4355
vt 0.1624 0.4346
vt 0.1627 0.4369
vt 0.1663 0.4355
vt 0.1627 0.4369
vt 0.1663 0.4377
vt 0.4999 0.1873
vt 0.5078 0.1857
vt 0.5064 0.1823
vt 0.4999 0.1873
vt 0.5064 0.1823
vt 0.4999 0.1836
vt 0.4999 0.1909
vt 0.5092 0.1891
vt 0.5078 0.1857
vt 0.5078 0.1857
vt 0.4999 0.1873
vt 0.4999 0.1909
vt 0.173 0.1035
vt 0.1727 0.1013
vt 0.167 0.1021
vt 0.167 0.1043
vt 0.173 0.1035
vt 0.167 0.1021
vt 0.1626 0.7776
vt 0.1666 0.7784
vt 0.1666 0.7762
vt 0.1626 0.7776
vt 0.1666 0.7762
vt 0.163 0.7753
vt 0.1666 0.7739
vt 0.1626 0.7731
vt 0.163 0.7753
vt 0.1666 0.7739
vt 0.163 0.7753
vt 0.1666 0.7762
vt 0.483 0.1668
vt 0.4794 0.1668
vt 0.4809 0.1745
vt 0.483 0.1668
vt 0.4809 0.1745
vt 0.4843 0.1732
vt 0.4757 0.1668
vt 0.4775 0.1759
vt 0.4809 0.1745
vt 0.4757 0.1668
vt 0.4809 0.1745
vt 0.4794 0.1668
vt 0.5001 0.7739
vt 0.5001 0.7762
vt 0.5061 0.7753
vt 0.5058 0.7731
vt 0.5001 0.7739
vt 0.5061 0.7753
vt 0.5001 0.7762
vt 0.5001 0.7784
vt 0.5058 0.7776
vt 0.5061 0.7753
vt 0.5001 0.7762
vt 0.5058 0.7776
vt 0.4809 0.4921
vt 0.4775 0.4907
vt 0.4757 0.4999
vt 0.4794 0.4999
vt 0.4809 0.4921
vt 0.4757 0.4999
vt 0.4809 0.4921
vt 0.4794 0.4999
vt 0.483 0.4999
vt 0.4809 0.4921
vt 0.483 0.4999
vt 0.4843 0.4935
vt 0.181 0.4432
vt 0.182 0.441
vt 0.181 0.4388
vt 0.1788 0.4441
vt 0.181 0.4432
vt 0.181 0.4388
vt 0.1766 0.4432
vt 0.1788 0.4441
vt 0.181 0.4388
vt 0.1757 0.441
vt 0.1766 0.4432
vt 0.181 0.4388
vt 0.1766 0.4388
vt 0.1757 0.441
vt 0.181 0.4388
vt 0.181 0.4388
vt 0.1788 0.4378
vt 0.1766 0.4388
vt 0.1567 0.0923
vt 0.1545 0.0913
vt 0.1523 0.0923
vt 0.1576 0.0945
vt 0.1567 0.0923
vt 0.1523 0.0923
vt 0.1567 0.0967
vt 0.1576 0.0945
vt 0.1523 0.0923
vt 0.1545 0.0976
vt 0.1567 0.0967
vt 0.1523 0.0923
vt 0.1523 0.0967
vt 0.1545 0.0976
vt 0.1523 0.0923
vt 0.1523 0.0923
vt 0.1514 0.0945
vt 0.1523 0.0967
vt 0.167 0.0933
vt 0.167 0.0911
vt 0.161 0.0919
vt 0.1614 0.0941
vt 0.167 0.0933
vt 0.161 0.0919
vt 0.4999 0.4758
vt 0.4907 0.4776
vt 0.4921 0.481
vt 0.4999 0.4758
vt 0.4921 0.481
vt 0.4999 0.4794
vt 0.4999 0.483
vt 0.4999 0.4794
vt 0.4921 0.481
vt 0.4999 0.483
vt 0.4921 0.481
vt 0.4935 0.4843
vt 0.1663 0.4266
vt 0.1703 0.4274
vt 0.1699 0.4252
vt 0.1663 0.4266
vt 0.1699 0.4252
vt 0.1663 0.4244
vt 0.1703 0.423
vt 0.1663 0.4222
vt 0.1663 0.4244
vt 0.1703 0.423
vt 0.1663 0.4244
vt 0.1699 0.4252
vt 0.4921 0.1857
vt 0.4999 0.1873
vt 0.4999 0.1836
vt 0.4921 0.1857
vt 0.4999 0.1836
vt 0.4935 0.1823
vt 0.4907 0.1891
vt 0.4999 0.1909
vt 0.4999 0.1873
vt 0.4999 0.1873
vt 0.4921 0.1857
vt 0.4907 0.1891
vt 0.167 0.0911
vt 0.167 0.0888
vt 0.1614 0.0897
vt 0.161 0.0919
vt 0.167 0.0911
vt 0.1614 0.0897
vt 0.1614 0.0941
vt 0.161 0.0919
vt 0.1559 0.0927
vt 0.1566 0.0949
vt 0.1614 0.0941
vt 0.1559 0.0927
vt 0.4907 0.4776
vt 0.4828 0.4829
vt 0.4854 0.4854
vt 0.4907 0.4776
vt 0.4854 0.4854
vt 0.4921 0.481
vt 0.4935 0.4843
vt 0.4921 0.481
vt 0.4854 0.4854
vt 0.4935 0.4843
vt 0.4854 0.4854
vt 0.488 0.488
vt 0.1703 0.4274
vt 0.1736 0.4282
vt 0.173 0.426
vt 0.1703 0.4274
vt 0.173 0.426
vt 0.1699 0.4252
vt 0.1736 0.4238
vt 0.1703 0.423
vt 0.1699 0.4252
vt 0.1736 0.4238
vt 0.1699 0.4252
vt 0.173 0.426
vt 0.4854 0.1812
vt 0.4921 0.1857
vt 0.4935 0.1823
vt 0.4854 0.1812
vt 0.4935 0.1823
vt 0.488 0.1787
vt 0.4828 0.1838
vt 0.4907 0.1891
vt 0.4921 0.1857
vt 0.4921 0.1857
vt 0.4854 0.1812
vt 0.4828 0.1838
vt 0.161 0.0919
vt 0.1614 0.0897
vt 0.1566 0.0905
vt 0.1559 0.0927
vt 0.161 0.0919
vt 0.1566 0.0905
vt 0.1566 0.0949
vt 0.1559 0.0927
vt 0.1526 0.0935
vt 0.1534 0.0957
vt 0.1566 0.0949
vt 0.1526 0.0935
vt 0.4828 0.4829
vt 0.4775 0.4907
vt 0.4809 0.4921
vt 0.4828 0.4829
vt 0.4809 0.4921
vt 0.4854 0.4854
vt 0.488 0.488
vt 0.4854 0.4854
vt 0.4809 0.4921
vt 0.488 0.488
vt 0.4809 0.4921
vt 0.4843 0.4935
vt 0.1592 0.7632
vt 0.1626 0.764
vt 0.163 0.7618
vt 0.1592 0.7632
vt 0.163 0.7618
vt 0.1599 0.7609
vt 0.1758 0.4246
vt 0.1736 0.4238
vt 0.173 0.426
vt 0.1758 0.4246
vt 0.173 0.426
vt 0.175 0.4269
vt 0.4809 0.1745
vt 0.4854 0.1812
vt 0.488 0.1787
vt 0.4809 0.1745
vt 0.488 0.1787
vt 0.4843 0.1732
vt 0.4775 0.1759
vt 0.4828 0.1838
vt 0.4854 0.1812
vt 0.4854 0.1812
vt 0.4809 0.1745
vt 0.4775 0.1759
vt 0.5113 0.7609
vt 0.5106 0.7587
vt 0.5058 0.7595
vt 0.5061 0.7618
vt 0.5113 0.7609
vt 0.5058 0.7595
vt 0.5 0.7514
vt 0.5 0.7492
vt 0.4939 0.75
vt 0.4942 0.7523
vt 0.5 0.7514
vt 0.4939 0.75
vt 0.4757 0.5
vt 0.4775 0.5093
vt 0.4809 0.5079
vt 0.4757 0.5
vt 0.4809 0.5079
vt 0.4793 0.5
vt 0.483 0.5
vt 0.4793 0.5
vt 0.4809 0.5079
vt 0.483 0.5
vt 0.4809 0.5079
vt 0.4843 0.5065
vt 0.1667 0.7514
vt 0.1707 0.7523
vt 0.1703 0.75
vt 0.1667 0.7514
vt 0.1703 0.75
vt 0.1667 0.7492
vt 0.1707 0.7477
vt 0.1667 0.7469
vt 0.1667 0.7492
vt 0.1707 0.7477
vt 0.1667 0.7492
vt 0.1703 0.75
vt 0.4809 0.1588
vt 0.4793 0.1667
vt 0.483 0.1667
vt 0.4809 0.1588
vt 0.483 0.1667
vt 0.4843 0.1602
vt 0.4775 0.1574
vt 0.4757 0.1667
vt 0.4793 0.1667
vt 0.4793 0.1667
vt 0.4809 0.1588
vt 0.4775 0.1574
vt 0.5 0.7492
vt 0.5 0.7469
vt 0.4942 0.7477
vt 0.4939 0.75
vt 0.5 0.7492
vt 0.4942 0.7477
vt 0.4942 0.7523
vt 0.4939 0.75
vt 0.4887 0.7508
vt 0.4894 0.7531
vt 0.4942 0.7523
vt 0.4887 0.7508
vt 0.4775 0.5093
vt 0.4828 0.5171
vt 0.4854 0.5146
vt 0.4775 0.5093
vt 0.4854 0.5146
vt 0.4809 0.5079
vt 0.4843 0.5065
vt 0.4809 0.5079
vt 0.4854 0.5146
vt 0.4843 0.5065
vt 0.4854 0.5146
vt 0.488 0.512
vt 0.1575 0.0842
vt 0.1597 0.085
vt 0.1604 0.0828
vt 0.1575 0.0842
vt 0.1604 0.0828
vt 0.1583 0.082
vt 0.1741 0.7486
vt 0.1707 0.7477
vt 0.1703 0.75
vt 0.1741 0.7486
vt 0.1703 0.75
vt 0.1734 0.7508
vt 0.4854 0.1521
vt 0.4809 0.1588
vt 0.4843 0.1602
vt 0.4854 0.1521
vt 0.4843 0.1602
vt 0.488 0.1547
vt 0.4828 0.1495
vt 0.4775 0.1574
vt 0.4809 0.1588
vt 0.4809 0.1588
vt 0.4854 0.1521
vt 0.4828 0.1495
vt 0.1808 0.4153
vt 0.1799 0.4131
vt 0.1767 0.4139
vt 0.1774 0.4162
vt 0.1808 0.4153
vt 0.1767 0.4139
vt 0.1767 0.4184
vt 0.1774 0.4162
vt 0.1723 0.417
vt 0.172 0.4192
vt 0.1767 0.4184
vt 0.1723 0.417
vt 0.4828 0.5171
vt 0.4907 0.5224
vt 0.4921 0.519
vt 0.4828 0.5171
vt 0.4921 0.519
vt 0.4854 0.5146
vt 0.488 0.512
vt 0.4854 0.5146
vt 0.4921 0.519
vt 0.488 0.512
vt 0.4921 0.519
vt 0.4935 0.5157
vt 0.1597 0.085
vt 0.1631 0.0859
vt 0.1634 0.0836
vt 0.1597 0.085
vt 0.1634 0.0836
vt 0.1604 0.0828
vt 0.1631 0.0814
vt 0.1597 0.0806
vt 0.1604 0.0828
vt 0.1631 0.0814
vt 0.1604 0.0828
vt 0.1634 0.0836
vt 0.4921 0.1476
vt 0.4854 0.1521
vt 0.488 0.1547
vt 0.4921 0.1476
vt 0.488 0.1547
vt 0.4935 0.151
vt 0.4907 0.1443
vt 0.4828 0.1495
vt 0.4854 0.1521
vt 0.4854 0.1521
vt 0.4921 0.1476
vt 0.4907 0.1443
vt 0.1774 0.4162
vt 0.1767 0.4139
vt 0.172 0.4148
vt 0.1723 0.417
vt 0.1774 0.4162
vt 0.172 0.4148
vt 0.172 0.4192
vt 0.1723 0.417
vt 0.1663 0.4178
vt 0.1663 0.42
vt 0.172 0.4192
vt 0.1663 0.4178
vt 0.4907 0.5224
vt 0.4999 0.5242
vt 0.4999 0.5206
vt 0.4907 0.5224
vt 0.4999 0.5206
vt 0.4921 0.519
vt 0.4935 0.5157
vt 0.4921 0.519
vt 0.4999 0.5206
vt 0.4935 0.5157
vt 0.4999 0.5206
vt 0.4999 0.517
vt 0.1631 0.0859
vt 0.167 0.0867
vt 0.167 0.0845
vt 0.1631 0.0859
vt 0.167 0.0845
vt 0.1634 0.0836
vt 0.167 0.0823
vt 0.1631 0.0814
vt 0.1634 0.0836
vt 0.167 0.0823
vt 0.1634 0.0836
vt 0.167 0.0845
vt 0.4999 0.1461
vt 0.4921 0.1476
vt 0.4935 0.151
vt 0.4999 0.1461
vt 0.4935 0.151
vt 0.4999 0.1497
vt 0.4999 0.1424
vt 0.4907 0.1443
vt 0.4921 0.1476
vt 0.4921 0.1476
vt 0.4999 0.1461
vt 0.4999 0.1424
vt 0.1723 0.417
vt 0.172 0.4148
vt 0.1663 0.4156
vt 0.1663 0.4178
vt 0.1723 0.417
vt 0.1663 0.4156
vt 0.1663 0.42
vt 0.1663 0.4178
vt 0.1603 0.4186
vt 0.1607 0.4208
vt 0.1663 0.42
vt 0.1603 0.4186
vt 0.4999 0.5242
vt 0.5092 0.5224
vt 0.5078 0.519
vt 0.4999 0.5242
vt 0.5078 0.519
vt 0.4999 0.5206
vt 0.4999 0.517
vt 0.4999 0.5206
vt 0.5078 0.519
vt 0.4999 0.517
vt 0.5078 0.519
vt 0.5064 0.5157
vt 0.167 0.0867
vt 0.171 0.0875
vt 0.1706 0.0853
vt 0.167 0.0867
vt 0.1706 0.0853
vt 0.167 0.0845
vt 0.171 0.0831
vt 0.167 0.0823
vt 0.167 0.0845
vt 0.171 0.0831
vt 0.167 0.0845
vt 0.1706 0.0853
vt 0.5078 0.1476
vt 0.4999 0.1461
vt 0.4999 0.1497
vt 0.5078 0.1476
vt 0.4999 0.1497
vt 0.5064 0.151
vt 0.5092 0.1443
vt 0.4999 0.1424
vt 0.4999 0.1461
vt 0.4999 0.1461
vt 0.5078 0.1476
vt 0.5092 0.1443
vt 0.1663 0.4178
vt 0.1663 0.4156
vt 0.1607 0.4164
vt 0.1603 0.4186
vt 0.1663 0.4178
vt 0.1607 0.4164
vt 0.1607 0.4208
vt 0.1603 0.4186
vt 0.1553 0.4194
vt 0.1559 0.4217
vt 0.1607 0.4208
vt 0.1553 0.4194
vt 0.5092 0.5224
vt 0.5171 0.5171
vt 0.5145 0.5146
vt 0.5092 0.5224
vt 0.5145 0.5146
vt 0.5078 0.519
vt 0.5064 0.5157
vt 0.5078 0.519
vt 0.5145 0.5146
vt 0.5064 0.5157
vt 0.5145 0.5146
vt 0.5119 0.512
vt 0.171 0.0875
vt 0.1743 0.0883
vt 0.1737 0.0861
vt 0.171 0.0875
vt 0.1737 0.0861
vt 0.1706 0.0853
vt 0.1743 0.0839
vt 0.171 0.0831
vt 0.1706 0.0853
vt 0.1743 0.0839
vt 0.1706 0.0853
vt 0.1737 0.0861
vt 0.5145 0.1521
vt 0.5078 0.1476
vt 0.5064 0.151
vt 0.5145 0.1521
vt 0.5064 0.151
vt 0.5119 0.1547
vt 0.5171 0.1495
vt 0.5092 0.1443
vt 0.5078 0.1476
vt 0.5078 0.1476
vt 0.5145 0.1521
vt 0.5171 0.1495
vt 0.1603 0.4186
vt 0.1607 0.4164
vt 0.1559 0.4172
vt 0.1553 0.4194
vt 0.1603 0.4186
vt 0.1559 0.4172
vt 0.1559 0.4217
vt 0.1553 0.4194
vt 0.1519 0.4203
vt 0.1527 0.4225
vt 0.1559 0.4217
vt 0.1519 0.4203
vt 0.5171 0.5171
vt 0.5223 0.5093
vt 0.519 0.5079
vt 0.5171 0.5171
vt 0.519 0.5079
vt 0.5145 0.5146
vt 0.5119 0.512
vt 0.5145 0.5146
vt 0.519 0.5079
vt 0.5119 0.512
vt 0.519 0.5079
vt 0.5156 0.5065
vt 0.4926 0.7565
vt 0.496 0.7573
vt 0.4963 0.755
vt 0.4926 0.7565
vt 0.4963 0.755
vt 0.4932 0.7542
vt 0.1765 0.0847
vt 0.1743 0.0839
vt 0.1737 0.0861
vt 0.1765 0.0847
vt 0.1737 0.0861
vt 0.1757 0.0869
vt 0.519 0.1588
vt 0.5145 0.1521
vt 0.5119 0.1547
vt 0.519 0.1588
vt 0.5119 0.1547
vt 0.5156 0.1602
vt 0.5223 0.1574
vt 0.5171 0.1495
vt 0.5145 0.1521
vt 0.5145 0.1521
vt 0.519 0.1588
vt 0.5223 0.1574
vt 0.178 0.7542
vt 0.1773 0.7519
vt 0.1724 0.7528
vt 0.1728 0.755
vt 0.178 0.7542
vt 0.1724 0.7528
vt 0.1724 0.7573
vt 0.1728 0.755
vt 0.1667 0.7559
vt 0.1667 0.7581
vt 0.1724 0.7573
vt 0.1667 0.7559
vt 0.5223 0.5093
vt 0.5242 0.5
vt 0.5205 0.5
vt 0.5223 0.5093
vt 0.5205 0.5
vt 0.519 0.5079
vt 0.5156 0.5065
vt 0.519 0.5079
vt 0.5205 0.5
vt 0.5156 0.5065
vt 0.5205 0.5
vt 0.5169 0.5
vt 0.496 0.7573
vt 0.5 0.7581
vt 0.5 0.7559
vt 0.496 0.7573
vt 0.5 0.7559
vt 0.4963 0.755
vt 0.5 0.7536
vt 0.496 0.7528
vt 0.4963 0.755
vt 0.5 0.7536
vt 0.4963 0.755
vt 0.5 0.7559
vt 0.5205 0.1667
vt 0.519 0.1588
vt 0.5156 0.1602
vt 0.5205 0.1667
vt 0.5156 0.1602
vt 0.5169 0.1667
vt 0.5242 0.1667
vt 0.5223 0.1574
vt 0.519 0.1588
vt 0.519 0.1588
vt 0.5205 0.1667
vt 0.5242 0.1667
vt 0.1728 0.755
vt 0.1724 0.7528
vt 0.1667 0.7536
vt 0.1667 0.7559
vt 0.1728 0.755
vt 0.1667 0.7536
vt 0.1667 0.7581
vt 0.1667 0.7559
vt 0.1606 0.7567
vt 0.1609 0.759
vt 0.1667 0.7581
vt 0.1606 0.7567
vt 0.5242 0.5
vt 0.5223 0.4907
vt 0.519 0.4921
vt 0.5242 0.5
vt 0.519 0.4921
vt 0.5205 0.5
vt 0.5169 0.5
vt 0.5205 0.5
vt 0.519 0.4921
vt 0.5169 0.5
vt 0.519 0.4921
vt 0.5156 0.4935
vt 0.5 0.7581
vt 0.504 0.759
vt 0.5037 0.7567
vt 0.5 0.7581
vt 0.5037 0.7567
vt 0.5 0.7559
vt 0.504 0.7545
vt 0.5 0.7536
vt 0.5 0.7559
vt 0.504 0.7545
vt 0.5 0.7559
vt 0.5037 0.7567
vt 0.519 0.1745
vt 0.5205 0.1667
vt 0.5169 0.1667
vt 0.519 0.1745
vt 0.5169 0.1667
vt 0.5156 0.1732
vt 0.5223 0.1759
vt 0.5242 0.1667
vt 0.5205 0.1667
vt 0.5205 0.1667
vt 0.519 0.1745
vt 0.5223 0.1759
vt 0.1667 0.7559
vt 0.1667 0.7536
vt 0.1609 0.7545
vt 0.1606 0.7567
vt 0.1667 0.7559
vt 0.1609 0.7545
vt 0.1609 0.759
vt 0.1606 0.7567
vt 0.1554 0.7579
vt 0.156 0.7602
vt 0.1609 0.759
vt 0.1554 0.7579
vt 0.5223 0.4907
vt 0.5171 0.4829
vt 0.5145 0.4854
vt 0.5223 0.4907
vt 0.5145 0.4854
vt 0.519 0.4921
vt 0.5156 0.4935
vt 0.519 0.4921
vt 0.5145 0.4854
vt 0.5156 0.4935
vt 0.5145 0.4854
vt 0.5119 0.488
vt 0.1568 0.4241
vt 0.159 0.4253
vt 0.1597 0.4231
vt 0.1568 0.4241
vt 0.1597 0.4231
vt 0.1576 0.4219
vt 0.5074 0.7556
vt 0.504 0.7545
vt 0.5037 0.7567
vt 0.5074 0.7556
vt 0.5037 0.7567
vt 0.5068 0.7579
vt 0.5145 0.1812
vt 0.519 0.1745
vt 0.5156 0.1732
vt 0.5145 0.1812
vt 0.5156 0.1732
vt 0.5119 0.1787
vt 0.5171 0.1838
vt 0.5223 0.1759
vt 0.519 0.1745
vt 0.519 0.1745
vt 0.5145 0.1812
vt 0.5171 0.1838
vt 0.1815 0.0886
vt 0.1806 0.0864
vt 0.1774 0.0875
vt 0.1781 0.0897
vt 0.1815 0.0886
vt 0.1774 0.0875
vt 0.1774 0.092
vt 0.1781 0.0897
vt 0.173 0.0902
vt 0.1727 0.0924
vt 0.1774 0.092
vt 0.173 0.0902
vt 0.5171 0.4829
vt 0.5092 0.4776
vt 0.5078 0.481
vt 0.5171 0.4829
vt 0.5078 0.481
vt 0.5145 0.4854
vt 0.5119 0.488
vt 0.5145 0.4854
vt 0.5078 0.481
vt 0.5119 0.488
vt 0.5078 0.481
vt 0.5064 0.4843
vt 0.159 0.4253
vt 0.1624 0.4258
vt 0.1627 0.4236
vt 0.159 0.4253
vt 0.1627 0.4236
vt 0.1597 0.4231
vt 0.1624 0.4213
vt 0.159 0.4209
vt 0.1597 0.4231
vt 0.1624 0.4213
vt 0.1597 0.4231
vt 0.1627 0.4236
vt 0.5078 0.1857
vt 0.5145 0.1812
vt 0.5119 0.1787
vt 0.5078 0.1857
vt 0.5119 0.1787
vt 0.5064 0.1823
vt 0.5092 0.1891
vt 0.5171 0.1838
vt 0.5145 0.1812
vt 0.5145 0.1812
vt 0.5078 0.1857
vt 0.5092 0.1891
vt 0.1781 0.0897
vt 0.1774 0.0875
vt 0.1727 0.088
vt 0.173 0.0902
vt 0.1781 0.0897
vt 0.1727 0.088
vt 0.1727 0.0924
vt 0.173 0.0902
vt 0.167 0.0911
vt 0.167 0.0933
vt 0.1727 0.0924
vt 0.167 0.0911
vt 0.5092 0.4776
vt 0.4999 0.4758
vt 0.4999 0.4794
vt 0.5092 0.4776
vt 0.4999 0.4794
vt 0.5078 0.481
vt 0.5064 0.4843
vt 0.5078 0.481
vt 0.4999 0.4794
vt 0.5064 0.4843
vt 0.4999 0.4794
vt 0.4999 0.483
vt 0.1624 0.4258
vt 0.1663 0.4266
vt 0.1663 0.4244
vt 0.1624 0.4258
vt 0.1663 0.4244
vt 0.1627 0.4236
vt 0.1663 0.4222
vt 0.1624 0.4213
vt 0.1627 0.4236
vt 0.1663 0.4222
vt 0.1627 0.4236
vt 0.1663 0.4244
vt 0.4999 0.1873
vt 0.5078 0.1857
vt 0.5064 0.1823
vt 0.4999 0.1873
vt 0.5064 0.1823
vt 0.4999 0.1836
vt 0.4999 0.1909
vt 0.5092 0.1891
vt 0.5078 0.1857
vt 0.5078 0.1857
vt 0.4999 0.1873
vt 0.4999 0.1909
vt 0.173 0.0902
vt 0.1727 0.088
vt 0.167 0.0888
vt 0.167 0.0911
vt 0.173 0.0902
vt 0.167 0.0888
vt 0.1626 0.764
vt 0.1666 0.7649
vt 0.1666 0.7626
vt 0.1626 0.764
vt 0.1666 0.7626
vt 0.163 0.7618
vt 0.1666 0.7603
vt 0.1626 0.7595
vt 0.163 0.7618
vt 0.1666 0.7603
vt 0.163 0.7618
vt 0.1666 0.7626
vt 0.483 0.1668
vt 0.4794 0.1668
vt 0.4809 0.1745
vt 0.483 0.1668
vt 0.4809 0.1745
vt 0.4843 0.1732
vt 0.4757 0.1668
vt 0.4775 0.1759
vt 0.4809 0.1745
vt 0.4757 0.1668
vt 0.4809 0.1745
vt 0.4794 0.1668
vt 0.5001 0.7603
vt 0.5001 0.7626
vt 0.5061 0.7618
vt 0.5058 0.7595
vt 0.5001 0.7603
vt 0.5061 0.7618
vt 0.5001 0.7626
vt 0.5001 0.7649
vt 0.5058 0.764
vt 0.5061 0.7618
vt 0.5001 0.7626
vt 0.5058 0.764
vt 0.4809 0.4921
vt 0.4775 0.4907
vt 0.4757 0.4999
vt 0.4794 0.4999
vt 0.4809 0.4921
vt 0.4757 0.4999
vt 0.4809 0.4921
vt 0.4794 0.4999
vt 0.483 0.4999
vt 0.4809 0.4921
vt 0.483 0.4999
vt 0.4843 0.4935
vt 0.181 0.4299
vt 0.182 0.4277
vt 0.181 0.4255
vt 0.1788 0.4308
vt 0.181 0.4299
vt 0.181 0.4255
vt 0.1766 0.4299
vt 0.1788 0.4308
vt 0.181 0.4255
vt 0.1757 0.4277
vt 0.1766 0.4299
vt 0.181 0.4255
vt 0.1766 0.4255
vt 0.1757 0.4277
vt 0.181 0.4255
vt 0.181 0.4255
vt 0.1788 0.4245
vt 0.1766 0.4255
vt 0.1567 0.079
vt 0.1545 0.078
vt 0.1523 0.079
vt 0.1576 0.0812
vt 0.1567 0.079
vt 0.1523 0.079
vt 0.1567 0.0834
vt 0.1576 0.0812
vt 0.1523 0.079
vt 0.1545 0.0843
vt 0.1567 0.0834
vt 0.1523 0.079
vt 0.1523 0.0834
vt 0.1545 0.0843
vt 0.1523 0.079
vt 0.1523 0.079
vt 0.1514 0.0812
vt 0.1523 0.0834
vt 0.167 0.0801
vt 0.167 0.0779
vt 0.161 0.0787
vt 0.1614 0.0809
vt 0.167 0.0801
vt 0.161 0.0787
vt 0.4999 0.4758
vt 0.4907 0.4776
vt 0.4921 0.481
vt 0.4999 0.4758
vt 0.4921 0.481
vt 0.4999 0.4794
vt 0.4999 0.483
vt 0.4999 0.4794
vt 0.4921 0.481
vt 0.4999 0.483
vt 0.4921 0.481
vt 0.4935 0.4843
vt 0.1663 0.4134
vt 0.1703 0.4143
vt 0.1699 0.412
vt 0.1663 0.4134
vt 0.1699 0.412
vt 0.1663 0.4112
vt 0.1703 0.4098
vt 0.1663 0.409
vt 0.1663 0.4112
vt 0.1703 0.4098
vt 0.1663 0.4112
vt 0.1699 0.412
vt 0.4921 0.1857
vt 0.4999 0.1873
vt 0.4999 0.1836
vt 0.4921 0.1857
vt 0.4999 0.1836
vt 0.4935 0.1823
vt 0.4907 0.1891
vt 0.4999 0.1909
vt 0.4999 0.1873
vt 0.4999 0.1873
vt 0.4921 0.1857
vt 0.4907 0.1891
vt 0.167 0.0779
vt 0.167 0.0757
vt 0.1614 0.0765
vt 0.161 0.0787
vt 0.167 0.0779
vt 0.1614 0.0765
vt 0.1614 0.0809
vt 0.161 0.0787
vt 0.1559 0.0795
vt 0.1566 0.0817
vt 0.1614 0.0809
vt 0.1559 0.0795
vt 0.4907 0.4776
vt 0.4828 0.4829
vt 0.4854 0.4854
vt 0.4907 0.4776
vt 0.4854 0.4854
vt 0.4921 0.481
vt 0.4935 0.4843
vt 0.4921 0.481
vt 0.4854 0.4854
vt 0.4935 0.4843
vt 0.4854 0.4854
vt 0.488 0.488
vt 0.1703 0.4143
vt 0.1736 0.4151
vt 0.173 0.4129
vt 0.1703 0.4143
vt 0.173 0.4129
vt 0.1699 0.412
vt 0.1736 0.4107
vt 0.1703 0.4098
vt 0.1699 0.412
vt 0.1736 0.4107
vt 0.1699 0.412
vt 0.173 0.4129
vt 0.4854 0.1812
vt 0.4921 0.1857
vt 0.4935 0.1823
vt 0.4854 0.1812
vt 0.4935 0.1823
vt 0.488 0.1787
vt 0.4828 0.1838
vt 0.4907 0.1891
vt 0.4921 0.1857
vt 0.4921 0.1857
vt 0.4854 0.1812
vt 0.4828 0.1838
vt 0.161 0.0787
vt 0.1614 0.0765
vt 0.1566 0.0773
vt 0.1559 0.0795
vt 0.161 0.0787
vt 0.1566 0.0773
vt 0.1566 0.0817
vt 0.1559 0.0795
vt 0.1526 0.0804
vt 0.1534 0.0826
vt 0.1566 0.0817
vt 0.1526 0.0804
vt 0.4828 0.4829
vt 0.4775 0.4907
vt 0.4809 0.4921
vt 0.4828 0.4829
vt 0.4809 0.4921
vt 0.4854 0.4854
vt 0.488 0.488
vt 0.4854 0.4854
vt 0.4809 0.4921
vt 0.488 0.488
vt 0.4809 0.4921
vt 0.4843 0.4935
vt 0.1592 0.7497
vt 0.1626 0.7506
vt 0.163 0.7483
vt 0.1592 0.7497
vt 0.163 0.7483
vt 0.1599 0.7475
vt 0.1758 0.4115
vt 0.1736 0.4107
vt 0.173 0.4129
vt 0.1758 0.4115
vt 0.173 0.4129
vt 0.175 0.4137
vt 0.4809 0.1745
vt 0.4854 0.1812
vt 0.488 0.1787
vt 0.4809 0.1745
vt 0.488 0.1787
vt 0.4843 0.1732
vt 0.4775 0.1759
vt 0.4828 0.1838
vt 0.4854 0.1812
vt 0.4854 0.1812
vt 0.4809 0.1745
vt 0.4775 0.1759
vt 0.5113 0.7475
vt 0.5106 0.7452
vt 0.5058 0.7461
vt 0.5061 0.7483
vt 0.5113 0.7475
vt 0.5058 0.7461
vt 0.5 0.738
vt 0.5 0.7357
vt 0.4939 0.7366
vt 0.4942 0.7388
vt 0.5 0.738
vt 0.4939 0.7366
vt 0.4757 0.5
vt 0.4775 0.5093
vt 0.4809 0.5079
vt 0.4757 0.5
vt 0.4809 0.5079
vt 0.4793 0.5
vt 0.483 0.5
vt 0.4793 0.5
vt 0.4809 0.5079
vt 0.483 0.5
vt 0.4809 0.5079
vt 0.4843 0.5065
vt 0.1667 0.738
vt 0.1707 0.7388
vt 0.1703 0.7366
vt 0.1667 0.738
vt 0.1703 0.7366
vt 0.1667 0.7357
vt 0.1707 0.7343
vt 0.1667 0.7335
vt 0.1667 0.7357
vt 0.1707 0.7343
vt 0.1667 0.7357
vt 0.1703 0.7366
vt 0.4809 0.1588
vt 0.4793 0.1667
vt 0.483 0.1667
vt 0.4809 0.1588
vt 0.483 0.1667
vt 0.4843 0.1602
vt 0.4775 0.1574
vt 0.4757 0.1667
vt 0.4793 0.1667
vt 0.4793 0.1667
vt 0.4809 0.1588
vt 0.4775 0.1574
vt 0.5 0.7357
vt 0.5 0.7335
vt 0.4942 0.7343
vt 0.4939 0.7366
vt 0.5 0.7357
vt 0.4942 0.7343
vt 0.4942 0.7388
vt 0.4939 0.7366
vt 0.4887 0.7374
vt 0.4894 0.7397
vt 0.4942 0.7388
vt 0.4887 0.7374
vt 0.4775 0.5093
vt 0.4828 0.5171
vt 0.4854 0.5146
vt 0.4775 0.5093
vt 0.4854 0.5146
vt 0.4809 0.5079
vt 0.4843 0.5065
vt 0.4809 0.5079
vt 0.4854 0.5146
vt 0.4843 0.5065
vt 0.4854 0.5146
vt 0.488 0.512
vt 0.1575 0.071
vt 0.1597 0.0719
vt 0.1604 0.0697
vt 0.1575 0.071
vt 0.1604 0.0697
vt 0.1583 0.0688
vt 0.1741 0.7351
vt 0.1707 0.7343
vt 0.1703 0.7366
vt 0.1741 0.7351
vt 0.1703 0.7366
vt 0.1734 0.7374
vt 0.4854 0.1521
vt 0.4809 0.1588
vt 0.4843 0.1602
vt 0.4854 0.1521
vt 0.4843 0.1602
vt 0.488 0.1547
vt 0.4828 0.1495
vt 0.4775 0.1574
vt 0.4809 0.1588
vt 0.4809 0.1588
vt 0.4854 0.1521
vt 0.4828 0.1495
vt 0.1808 0.4022
vt 0.1799 0.4
vt 0.1767 0.4008
vt 0.1774 0.403
vt 0.1808 0.4022
vt 0.1767 0.4008
vt 0.1767 0.4052
vt 0.1774 0.403
vt 0.1723 0.4038
vt 0.172 0.406
vt 0.1767 0.4052
vt 0.1723 0.4038
vt 0.4828 0.5171
vt 0.4907 0.5224
vt 0.4921 0.519
vt 0.4828 0.5171
vt 0.4921 0.519
vt 0.4854 0.5146
vt 0.488 0.512
vt 0.4854 0.5146
vt 0.4921 0.519
vt 0.488 0.512
vt 0.4921 0.519
vt 0.4935 0.5157
vt 0.1597 0.0719
vt 0.1631 0.0727
vt 0.1634 0.0705
vt 0.1597 0.0719
vt 0.1634 0.0705
vt 0.1604 0.0697
vt 0.1631 0.0683
vt 0.1597 0.0674
vt 0.1604 0.0697
vt 0.1631 0.0683
vt 0.1604 0.0697
vt 0.1634 0.0705
vt 0.4921 0.1476
vt 0.4854 0.1521
vt 0.488 0.1547
vt 0.4921 0.1476
vt 0.488 0.1547
vt 0.4935 0.151
vt 0.4907 0.1443
vt 0.4828 0.1495
vt 0.4854 0.1521
vt 0.4854 0.1521
vt 0.4921 0.1476
vt 0.4907 0.1443
vt 0.1774 0.403
vt 0.1767 0.4008
vt 0.172 0.4016
vt 0.1723 0.4038
vt 0.1774 0.403
vt 0.172 0.4016
vt 0.172 0.406
vt 0.1723 0.4038
vt 0.1663 0.4046
vt 0.1663 0.4068
vt 0.172 0.406
vt 0.1663 0.4046
vt 0.4907 0.5224
vt 0.4999 0.5242
vt 0.4999 0.5206
vt 0.4907 0.5224
vt 0.4999 0.5206
vt 0.4921 0.519
vt 0.4935 0.5157
vt 0.4921 0.519
vt 0.4999 0.5206
vt 0.4935 0.5157
vt 0.4999 0.5206
vt 0.4999 0.517
vt 0.1631 0.0727
vt 0.167 0.0735
vt 0.167 0.0713
vt 0.1631 0.0727
vt 0.167 0.0713
vt 0.1634 0.0705
vt 0.167 0.0691
vt 0.1631 0.0683
vt 0.1634 0.0705
vt 0.167 0.0691
vt 0.1634 0.0705
vt 0.167 0.0713
vt 0.4999 0.1461
vt 0.4921 0.1476
vt 0.4935 0.151
vt 0.4999 0.1461
vt 0.4935 0.151
vt 0.4999 0.1497
vt 0.4999 0.1424
vt 0.4907 0.1443
vt 0.4921 0.1476
vt 0.4921 0.1476
vt 0.4999 0.1461
vt 0.4999 0.1424
vt 0.1723 0.4038
vt 0.172 0.4016
vt 0.1663 0.4024
vt 0.1663 0.4046
vt 0.1723 0.4038
vt 0.1663 0.4024
vt 0.1663 0.4068
vt 0.1663 0.4046
vt 0.1603 0.4055
vt 0.1607 0.4077
vt 0.1663 0.4068
vt 0.1603 0.4055
vt 0.4999 0.5242
vt 0.5092 0.5224
vt 0.5078 0.519
vt 0.4999 0.5242
vt 0.5078 0.519
vt 0.4999 0.5206
vt 0.4999 0.517
vt 0.4999 0.5206
vt 0.5078 0.519
vt 0.4999 0.517
vt 0.5078 0.519
vt 0.5064 0.5157
vt 0.167 0.0735
vt 0.171 0.0743
vt 0.1706 0.0721
vt 0.167 0.0735
vt 0.1706 0.0721
vt 0.167 0.0713
vt 0.171 0.0699
vt 0.167 0.0691
vt 0.167 0.0713
vt 0.171 0.0699
vt 0.167 0.0713
vt 0.1706 0.0721
vt 0.5078 0.1476
vt 0.4999 0.1461
vt 0.4999 0.1497
vt 0.5078 0.1476
vt 0.4999 0.1497
vt 0.5064 0.151
vt 0.5092 0.1443
vt 0.4999 0.1424
vt 0.4999 0.1461
vt 0.4999 0.1461
vt 0.5078 0.1476
vt 0.5092 0.1443
vt 0.1663 0.4046
vt 0.1663 0.4024
vt 0.1607 0.4032
vt 0.1603 0.4055
vt 0.1663 0.4046
vt 0.1607 0.4032
vt 0.1607 0.4077
vt 0.1603 0.4055
vt 0.1553 0.4063
vt 0.1559 0.4085
vt 0.1607 0.4077
vt 0.1553 0.4063
vt 0.5092 0.5224
vt 0.5171 0.5171
vt 0.5145 0.5146
vt 0.5092 0.5224
vt 0.5145 0.5146
vt 0.5078 0.519
vt 0.5064 0.5157
vt 0.5078 0.519
vt 0.5145 0.5146
vt 0.5064 0.5157
vt 0.5145 0.5146
vt 0.5119 0.512
vt 0.171 0.0743
vt 0.1743 0.0752
vt 0.1737 0.0729
vt 0.171 0.0743
vt 0.1737 0.0729
vt 0.1706 0.0721
vt 0.1743 0.0707
vt 0.171 0.0699
vt 0.1706 0.0721
vt 0.1743 0.0707
vt 0.1706 0.0721
vt 0.1737 0.0729
vt 0.5145 0.1521
vt 0.5078 0.1476
vt 0.5064 0.151
vt 0.5145 0.1521
vt 0.5064 0.151
vt 0.5119 0.1547
vt 0.5171 0.1495
vt 0.5092 0.1443
vt 0.5078 0.1476
vt 0.5078 0.1476
vt 0.5145 0.1521
vt 0.5171 0.1495
vt 0.1603 0.4055
vt 0.1607 0.4032
vt 0.1559 0.4041
vt 0.1553 0.4063
vt 0.1603 0.4055
vt 0.1559 0.4041
vt 0.1559 0.4085
vt 0.1553 0.4063
vt 0.1519 0.4071
vt 0.1527 0.4093
vt 0.1559 0.4085
vt 0.1519 0.4071
vt 0.5171 0.5171
vt 0.5223 0.5093
vt 0.519 0.5079
vt 0.5171 0.5171
vt 0.519 0.5079
vt 0.5145 0.5146
vt 0.5119 0.512
vt 0.5145 0.5146
vt 0.519 0.5079
vt 0.5119 0.512
vt 0.519 0.5079
vt 0.5156 0.5065
vt 0.4926 0.743
vt 0.496 0.7439
vt 0.4963 0.7416
vt 0.4926 0.743
vt 0.4963 0.7416
vt 0.4932 0.7408
vt 0.1765 0.0716
vt 0.1743 0.0707
vt 0.1737 0.0729
vt 0.1765 0.0716
vt 0.1737 0.0729
vt 0.1757 0.0738
vt 0.519 0.1588
vt 0.5145 0.1521
vt 0.5119 0.1547
vt 0.519 0.1588
vt 0.5119 0.1547
vt 0.5156 0.1602
vt 0.5223 0.1574
vt 0.5171 0.1495
vt 0.5145 0.1521
vt 0.5145 0.1521
vt 0.519 0.1588
vt 0.5223 0.1574
vt 0.178 0.7408
vt 0.1773 0.7385
vt 0.1724 0.7393
vt 0.1728 0.7416
vt 0.178 0.7408
vt 0.1724 0.7393
vt 0.1724 0.7439
vt 0.1728 0.7416
vt 0.1667 0.7424
vt 0.1667 0.7447
vt 0.1724 0.7439
vt 0.1667 0.7424
vt 0.5223 0.5093
vt 0.5242 0.5
vt 0.5205 0.5
vt 0.5223 0.5093
vt 0.5205 0.5
vt 0.519 0.5079
vt 0.5156 0.5065
vt 0.519 0.5079
vt 0.5205 0.5
vt 0.5156 0.5065
vt 0.5205 0.5
vt 0.5169 0.5
vt 0.496 0.7439
vt 0.5 0.7447
vt 0.5 0.7424
vt 0.496 0.7439
vt 0.5 0.7424
vt 0.4963 0.7416
vt 0.5 0.7402
vt 0.496 0.7393
vt 0.4963 0.7416
vt 0.5 0.7402
vt 0.4963 0.7416
vt 0.5 0.7424
vt 0.5205 0.1667
vt 0.519 0.1588
vt 0.5156 0.1602
vt 0.5205 0.1667
vt 0.5156 0.1602
vt 0.5169 0.1667
vt 0.5242 0.1667
vt 0.5223 0.1574
vt 0.519 0.1588
vt 0.519 0.1588
vt 0.5205 0.1667
vt 0.5242 0.1667
vt 0.1728 0.7416
vt 0.1724 0.7393
vt 0.1667 0.7402
vt 0.1667 0.7424
vt 0.1728 0.7416
vt 0.1667 0.7402
vt 0.1667 0.7447
vt 0.1667 0.7424
vt 0.1606 0.7433
vt 0.1609 0.7455
vt 0.1667 0.7447
vt 0.1606 0.7433
vt 0.5242 0.5
vt 0.5223 0.4907
vt 0.519 0.4921
vt 0.5242 0.5
vt 0.519 0.4921
vt 0.5205 0.5
vt 0.5169 0.5
vt 0.5205 0.5
vt 0.519 0.4921
vt 0.5169 0.5
vt 0.519 0.4921
vt 0.5156 0.4935
vt 0.5 0.7447
vt 0.504 0.7455
vt 0.5037 0.7433
vt 0.5 0.7447
vt 0.5037 0.7433
vt 0.5 0.7424
vt 0.504 0.741
vt 0.5 0.7402
vt 0.5 0.7424
vt 0.504 0.741
vt 0.5 0.7424
vt 0.5037 0.7433
vt 0.519 0.1745
vt 0.5205 0.1667
vt 0.5169 0.1667
vt 0.519 0.1745
vt 0.5169 0.1667
vt 0.5156 0.1732
vt 0.5223 0.1759
vt 0.5242 0.1667
vt 0.5205 0.1667
vt 0.5205 0.1667
vt 0.519 0.1745
vt 0.5223 0.1759
vt 0.1667 0.7424
vt 0.1667 0.7402
vt 0.1609 0.741
vt 0.1606 0.7433
vt 0.1667 0.7424
vt 0.1609 0.741
vt 0.1609 0.7455
vt 0.1606 0.7433
vt 0.1554 0.7445
vt 0.156 0.7467
vt 0.1609 0.7455
vt 0.1554 0.7445
vt 0.5223 0.4907
vt 0.5171 0.4829
vt 0.5145 0.4854
vt 0.5223 0.4907
vt 0.5145 0.4854
vt 0.519 0.4921
vt 0.5156 0.4935
vt 0.519 0.4921
vt 0.5145 0.4854
vt 0.5156 0.4935
vt 0.5145 0.4854
vt 0.5119 0.488
vt 0.1568 0.411
vt 0.159 0.4121
vt 0.1597 0.4099
vt 0.1568 0.411
vt 0.1597 0.4099
vt 0.1576 0.4088
vt 0.5074 0.7422
vt 0.504 0.741
vt 0.5037 0.7433
vt 0.5074 0.7422
vt 0.5037 0.7433
vt 0.5068 0.7445
vt 0.5145 0.1812
vt 0.519 0.1745
vt 0.5156 0.1732
vt 0.5145 0.1812
vt 0.5156 0.1732
vt 0.5119 0.1787
vt 0.5171 0.1838
vt 0.5223 0.1759
vt 0.519 0.1745
vt 0.519 0.1745
vt 0.5145 0.1812
vt 0.5171 0.1838
vt 0.1815 0.0754
vt 0.1806 0.0732
vt 0.1774 0.0744
vt 0.1781 0.0766
vt 0.1815 0.0754
vt 0.1774 0.0744
vt 0.1774 0.0788
vt 0.1781 0.0766
vt 0.173 0.0771
vt 0.1727 0.0793
vt 0.1774 0.0788
vt 0.173 0.0771
vt 0.5171 0.4829
vt 0.5092 0.4776
vt 0.5078 0.481
vt 0.5171 0.4829
vt 0.5078 0.481
vt 0.5145 0.4854
vt 0.5119 0.488
vt 0.5145 0.4854
vt 0.5078 0.481
vt 0.5119 0.488
vt 0.5078 0.481
vt 0.5064 0.4843
vt 0.159 0.4121
vt 0.1624 0.4126
vt 0.1627 0.4104
vt 0.159 0.4121
vt 0.1627 0.4104
vt 0.1597 0.4099
vt 0.1624 0.4082
vt 0.159 0.4077
vt 0.1597 0.4099
vt 0.1624 0.4082
vt 0.1597 0.4099
vt 0.1627 0.4104
vt 0.5078 0.1857
vt 0.5145 0.1812
vt 0.5119 0.1787
vt 0.5078 0.1857
vt 0.5119 0.1787
vt 0.5064 0.1823
vt 0.5092 0.1891
vt 0.5171 0.1838
vt 0.5145 0.1812
vt 0.5145 0.1812
vt 0.5078 0.1857
vt 0.5092 0.1891
vt 0.1781 0.0766
vt 0.1774 0.0744
vt 0.1727 0.0748
vt 0.173 0.0771
vt 0.1781 0.0766
vt 0.1727 0.0748
vt 0.1727 0.0793
vt 0.173 0.0771
vt 0.167 0.0779
vt 0.167 0.0801
vt 0.1727 0.0793
vt 0.167 0.0779
vt 0.5092 0.4776
vt 0.4999 0.4758
vt 0.4999 0.4794
vt 0.5092 0.4776
vt 0.4999 0.4794
vt 0.5078 0.481
vt 0.5064 0.4843
vt 0.5078 0.481
vt 0.4999 0.4794
vt 0.5064 0.4843
vt 0.4999 0.4794
vt 0.4999 0.483
vt 0.1624 0.4126
vt 0.1663 0.4134
vt 0.1663 0.4112
vt 0.1624 0.4126
vt 0.1663 0.4112
vt 0.1627 0.4104
vt 0.1663 0.409
vt 0.1624 0.4082
vt 0.1627 0.4104
vt 0.1663 0.409
vt 0.1627 0.4104
vt 0.1663 0.4112
vt 0.4999 0.1873
vt 0.5078 0.1857
vt 0.5064 0.1823
vt 0.4999 0.1873
vt 0.5064 0.1823
vt 0.4999 0.1836
vt 0.4999 0.1909
vt 0.5092 0.1891
vt 0.5078 0.1857
vt 0.5078 0.1857
vt 0.4999 0.1873
vt 0.4999 0.1909
vt 0.173 0.0771
vt 0.1727 0.0748
vt 0.167 0.0757
vt 0.167 0.0779
vt 0.173 0.0771
vt 0.167 0.0757
vt 0.1626 0.7506
vt 0.1666 0.7514
vt 0.1666 0.7492
vt 0.1626 0.7506
vt 0.1666 0.7492
vt 0.163 0.7483
vt 0.1666 0.7469
vt 0.1626 0.7461
vt 0.163 0.7483
vt 0.1666 0.7469
vt 0.163 0.7483
vt 0.1666 0.7492
vt 0.483 0.1668
vt 0.4794 0.1668
vt 0.4809 0.1745
vt 0.483 0.1668
vt 0.4809 0.1745
vt 0.4843 0.1732
vt 0.4757 0.1668
vt 0.4775 0.1759
vt 0.4809 0.1745
vt 0.4757 0.1668
vt 0.4809 0.1745
vt 0.4794 0.1668
vt 0.5001 0.7469
vt 0.5001 0.7492
vt 0.5061 0.7483
vt 0.5058 0.7461
vt 0.5001 0.7469
vt 0.5061 0.7483
vt 0.5001 0.7492
vt 0.5001 0.7514
vt 0.5058 0.7506
vt 0.5061 0.7483
vt 0.5001 0.7492
vt 0.5058 0.7506
vt 0.4809 0.4921
vt 0.4775 0.4907
vt 0.4757 0.4999
vt 0.4794 0.4999
vt 0.4809 0.4921
vt 0.4757 0.4999
vt 0.4809 0.4921
vt 0.4794 0.4999
vt 0.483 0.4999
vt 0.4809 0.4921
vt 0.483 0.4999
vt 0.4843 0.4935
vt 0.181 0.4167
vt 0.182 0.4145
vt 0.181 0.4123
vt 0.1788 0.4176
vt 0.181 0.4167
vt 0.181 0.4123
vt 0.1766 0.4167
vt 0.1788 0.4176
vt 0.181 0.4123
vt 0.1757 0.4145
vt 0.1766 0.4167
vt 0.181 0.4123
vt 0.1766 0.4123
vt 0.1757 0.4145
vt 0.181 0.4123
vt 0.181 0.4123
vt 0.1788 0.4114
vt 0.1766 0.4123
vt 0.1567 0.0658
vt 0.1545 0.0649
vt 0.1523 0.0658
vt 0.1576 0.068
vt 0.1567 0.0658
vt 0.1523 0.0658
vt 0.1567 0.0702
vt 0.1576 0.068
vt 0.1523 0.0658
vt 0.1545 0.0711
vt 0.1567 0.0702
vt 0.1523 0.0658
vt 0.1523 0.0702
vt 0.1545 0.0711
vt 0.1523 0.0658
vt 0.1523 0.0658
vt 0.1514 0.068
vt 0.1523 0.0702
vt 0.167 0.0669
vt 0.167 0.0647
vt 0.161 0.0655
vt 0.1614 0.0677
vt 0.167 0.0669
vt 0.161 0.0655
vt 0.4999 0.4758
vt 0.4907 0.4776
vt 0.4921 0.481
vt 0.4999 0.4758
vt 0.4921 0.481
vt 0.4999 0.4794
vt 0.4999 0.483
vt 0.4999 0.4794
vt 0.4921 0.481
vt 0.4999 0.483
vt 0.4921 0.481
vt 0.4935 0.4843
vt 0.1663 0.4003
vt 0.1703 0.4011
vt 0.1699 0.3989
vt 0.1663 0.4003
vt 0.1699 0.3989
vt 0.1663 0.398
vt 0.1703 0.3967
vt 0.1663 0.3958
vt 0.1663 0.398
vt 0.1703 0.3967
vt 0.1663 0.398
vt 0.1699 0.3989
vt 0.4921 0.1857
vt 0.4999 0.1873
vt 0.4999 0.1836
vt 0.4921 0.1857
vt 0.4999 0.1836
vt 0.4935 0.1823
vt 0.4907 0.1891
vt 0.4999 0.1909
vt 0.4999 0.1873
vt 0.4999 0.1873
vt 0.4921 0.1857
vt 0.4907 0.1891
vt 0.167 0.0647
vt 0.167 0.0625
vt 0.1614 0.0633
vt 0.161 0.0655
vt 0.167 0.0647
vt 0.1614 0.0633
vt 0.1614 0.0677
vt 0.161 0.0655
vt 0.1559 0.0664
vt 0.1566 0.0686
vt 0.1614 0.0677
vt 0.1559 0.0664
vt 0.4907 0.4776
vt 0.4828 0.4829
vt 0.4854 0.4854
vt 0.4907 0.4776
vt 0.4854 0.4854
vt 0.4921 0.481
vt 0.4935 0.4843
vt 0.4921 0.481
vt 0.4854 0.4854
vt 0.4935 0.4843
vt 0.4854 0.4854
vt 0.488 0.488
vt 0.1703 0.4011
vt 0.1736 0.4019
vt 0.173 0.3997
vt 0.1703 0.4011
vt 0.173 0.3997
vt 0.1699 0.3989
vt 0.1736 0.3975
vt 0.1703 0.3967
vt 0.1699 0.3989
vt 0.1736 0.3975
vt 0.1699 0.3989
vt 0.173 0.3997
vt 0.4854 0.1812
vt 0.4921 0.1857
vt 0.4935 0.1823
vt 0.4854 0.1812
vt 0.4935 0.1823
vt 0.488 0.1787
vt 0.4828 0.1838
vt 0.4907 0.1891
vt 0.4921 0.1857
vt 0.4921 0.1857
vt 0.4854 0.1812
vt 0.4828 0.1838
vt 0.161 0.0655
vt 0.1614 0.0633
vt 0.1566 0.0641
vt 0.1559 0.0664
vt 0.161 0.0655
vt 0.1566 0.0641
vt 0.1566 0.0686
vt 0.1559 0.0664
vt 0.1526 0.0672
vt 0.1534 0.0694
vt 0.1566 0.0686
vt 0.1526 0.0672
vt 0.4828 0.4829
vt 0.4775 0.4907
vt 0.4809 0.4921
vt 0.4828 0.4829
vt 0.4809 0.4921
vt 0.4854 0.4854
vt 0.488 0.488
vt 0.4854 0.4854
vt 0.4809 0.4921
vt 0.488 0.488
vt 0.4809 0.4921
vt 0.4843 0.4935
vt 0.1592 0.7363
vt 0.1626 0.7371
vt 0.163 0.7349
vt 0.1592 0.7363
vt 0.163 0.7349
vt 0.1599 0.734
vt 0.1758 0.3983
vt 0.1736 0.3975
vt 0.173 0.3997
vt 0.1758 0.3983
vt 0.173 0.3997
vt 0.175 0.4005
vt 0.4809 0.1745
vt 0.4854 0.1812
vt 0.488 0.1787
vt 0.4809 0.1745
vt 0.488 0.1787
vt 0.4843 0.1732
vt 0.4775 0.1759
vt 0.4828 0.1838
vt 0.4854 0.1812
vt 0.4854 0.1812
vt 0.4809 0.1745
vt 0.4775 0.1759
vt 0.5113 0.734
vt 0.5106 0.7318
vt 0.5058 0.7326
vt 0.5061 0.7349
vt 0.5113 0.734
vt 0.5058 0.7326
vt 0.5 0.7245
vt 0.5 0.7223
vt 0.4939 0.7231
vt 0.4942 0.7254
vt 0.5 0.7245
vt 0.4939 0.7231
vt 0.4757 0.5
vt 0.4775 0.5093
vt 0.4809 0.5079
vt 0.4757 0.5
vt 0.4809 0.5079
vt 0.4793 0.5
vt 0.483 0.5
vt 0.4793 0.5
vt 0.4809 0.5079
vt 0.483 0.5
vt 0.4809 0.5079
vt 0.4843 0.5065
vt 0.1667 0.7245
vt 0.1707 0.7254
vt 0.1703 0.7231
vt 0.1667 0.7245
vt 0.1703 0.7231
vt 0.1667 0.7223
vt 0.1707 0.7209
vt 0.1667 0.72
vt 0.1667 0.7223
vt 0.1707 0.7209
vt 0.1667 0.7223
vt 0.1703 0.7231
vt 0.4809 0.1588
vt 0.4793 0.1667
vt 0.483 0.1667
vt 0.4809 0.1588
vt 0.483 0.1667
vt 0.4843 0.1602
vt 0.4775 0.1574
vt 0.4757 0.1667
vt 0.4793 0.1667
vt 0.4793 0.1667
vt 0.4809 0.1588
vt 0.4775 0.1574
vt 0.5 0.7223
vt 0.5 0.72
vt 0.4942 0.7209
vt 0.4939 0.7231
vt 0.5 0.7223
vt 0.4942 0.7209
vt 0.4942 0.7254
vt 0.4939 0.7231
vt 0.4887 0.724
vt 0.4894 0.7262
vt 0.4942 0.7254
vt 0.4887 0.724
vt 0.4775 0.5093
vt 0.4828 0.5171
vt 0.4854 0.5146
vt 0.4775 0.5093
vt 0.4854 0.5146
vt 0.4809 0.5079
vt 0.4843 0.5065
vt 0.4809 0.5079
vt 0.4854 0.5146
vt 0.4843 0.5065
vt 0.4854 0.5146
vt 0.488 0.512
vt 0.1575 0.0579
vt 0.1597 0.0587
vt 0.1604 0.0565
vt 0.1575 0.0579
vt 0.1604 0.0565
vt 0.1583 0.0557
vt 0.1741 0.7217
vt 0.1707 0.7209
vt 0.1703 0.7231
vt 0.1741 0.7217
vt 0.1703 0.7231
vt 0.1734 0.724
vt 0.4854 0.1521
vt 0.4809 0.1588
vt 0.4843 0.1602
vt 0.4854 0.1521
vt 0.4843 0.1602
vt 0.488 0.1547
vt 0.4828 0.1495
vt 0.4775 0.1574
vt 0.4809 0.1588
vt 0.4809 0.1588
vt 0.4854 0.1521
vt 0.4828 0.1495
vt 0.1808 0.389
vt 0.1799 0.3868
vt 0.1767 0.3876
vt 0.1774 0.3898
vt 0.1808 0.389
vt 0.1767 0.3876
vt 0.1767 0.392
vt 0.1774 0.3898
vt 0.1723 0.3906
vt 0.172 0.3929
vt 0.1767 0.392
vt 0.1723 0.3906
vt 0.4828 0.5171
vt 0.4907 0.5224
vt 0.4921 0.519
vt 0.4828 0.5171
vt 0.4921 0.519
vt 0.4854 0.5146
vt 0.488 0.512
vt 0.4854 0.5146
vt 0.4921 0.519
vt 0.488 0.512
vt 0.4921 0.519
vt 0.4935 0.5157
vt 0.1597 0.0587
vt 0.1631 0.0595
vt 0.1634 0.0573
vt 0.1597 0.0587
vt 0.1634 0.0573
vt 0.1604 0.0565
vt 0.1631 0.0551
vt 0.1597 0.0543
vt 0.1604 0.0565
vt 0.1631 0.0551
vt 0.1604 0.0565
vt 0.1634 0.0573
vt 0.4921 0.1476
vt 0.4854 0.1521
vt 0.488 0.1547
vt 0.4921 0.1476
vt 0.488 0.1547
vt 0.4935 0.151
vt 0.4907 0.1443
vt 0.4828 0.1495
vt 0.4854 0.1521
vt 0.4854 0.1521
vt 0.4921 0.1476
vt 0.4907 0.1443
vt 0.1774 0.3898
vt 0.1767 0.3876
vt 0.172 0.3884
vt 0.1723 0.3906
vt 0.1774 0.3898
vt 0.172 0.3884
vt 0.172 0.3929
vt 0.1723 0.3906
vt 0.1663 0.3915
vt 0.1663 0.3937
vt 0.172 0.3929
vt 0.1663 0.3915
vt 0.4907 0.5224
vt 0.4999 0.5242
vt 0.4999 0.5206
vt 0.4907 0.5224
vt 0.4999 0.5206
vt 0.4921 0.519
vt 0.4935 0.5157
vt 0.4921 0.519
vt 0.4999 0.5206
vt 0.4935 0.5157
vt 0.4999 0.5206
vt 0.4999 0.517
vt 0.1631 0.0595
vt 0.167 0.0603
vt 0.167 0.0581
vt 0.1631 0.0595
vt 0.167 0.0581
vt 0.1634 0.0573
vt 0.167 0.0559
vt 0.1631 0.0551
vt 0.1634 0.0573
vt 0.167 0.0559
vt 0.1634 0.0573
vt 0.167 0.0581
vt 0.4999 0.1461
vt 0.4921 0.1476
vt 0.4935 0.151
vt 0.4999 0.1461
vt 0.4935 0.151
vt 0.4999 0.1497
vt 0.4999 0.1424
vt 0.4907 0.1443
vt 0.4921 0.1476
vt 0.4921 0.1476
vt 0.4999 0.1461
vt 0.4999 0.1424
vt 0.1723 0.3906
vt 0.172 0.3884
vt 0.1663 0.3892
vt 0.1663 0.3915
vt 0.1723 0.3906
vt 0.1663 0.3892
vt 0.1663 0.3937
vt 0.1663 0.3915
vt 0.1603 0.3923
vt 0.1607 0.3945
vt 0.1663 0.3937
vt 0.1603 0.3923
vt 0.4999 0.5242
vt 0.5092 0.5224
vt 0.5078 0.519
vt 0.4999 0.5242
vt 0.5078 0.519
vt 0.4999 0.5206
vt 0.4999 0.517
vt 0.4999 0.5206
vt 0.5078 0.519
vt 0.4999 0.517
vt 0.5078 0.519
vt 0.5064 0.5157
vt 0.167 0.0603
vt 0.171 0.0612
vt 0.1706 0.0589
vt 0.167 0.0603
vt 0.1706 0.0589
vt 0.167 0.0581
vt 0.171 0.0567
vt 0.167 0.0559
vt 0.167 0.0581
vt 0.171 0.0567
vt 0.167 0.0581
vt 0.1706 0.0589
vt 0.5078 0.1476
vt 0.4999 0.1461
vt 0.4999 0.1497
vt 0.5078 0.1476
vt 0.4999 0.1497
vt 0.5064 0.151
vt 0.5092 0.1443
vt 0.4999 0.1424
vt 0.4999 0.1461
vt 0.4999 0.1461
vt 0.5078 0.1476
vt 0.5092 0.1443
vt 0.1663 0.3915
vt 0.1663 0.3892
vt 0.1607 0.3901
vt 0.1603 0.3923
vt 0.1663 0.3915
vt 0.1607 0.3901
vt 0.1607 0.3945
vt 0.1603 0.3923
vt 0.1553 0.3931
vt 0.1559 0.3953
vt 0.1607 0.3945
vt 0.1553 0.3931
vt 0.5092 0.5224
vt 0.5171 0.5171
vt 0.5145 0.5146
vt 0.5092 0.5224
vt 0.5145 0.5146
vt 0.5078 0.519
vt 0.5064 0.5157
vt 0.5078 0.519
vt 0.5145 0.5146
vt 0.5064 0.5157
vt 0.5145 0.5146
vt 0.5119 0.512
vt 0.171 0.0612
vt 0.1743 0.062
vt 0.1737 0.0598
vt 0.171 0.0612
vt 0.1737 0.0598
vt 0.1706 0.0589
vt 0.1743 0.0576
vt 0.171 0.0567
vt 0.1706 0.0589
vt 0.1743 0.0576
vt 0.1706 0.0589
vt 0.1737 0.0598
vt 0.5145 0.1521
vt 0.5078 0.1476
vt 0.5064 0.151
vt 0.5145 0.1521
vt 0.5064 0.151
vt 0.5119 0.1547
vt 0.5171 0.1495
vt 0.5092 0.1443
vt 0.5078 0.1476
vt 0.5078 0.1476
vt 0.5145 0.1521
vt 0.5171 0.1495
vt 0.1603 0.3923
vt 0.1607 0.3901
vt 0.1559 0.3909
vt 0.1553 0.3931
vt 0.1603 0.3923
vt 0.1559 0.3909
vt 0.1559 0.3953
vt 0.1553 0.3931
vt 0.1519 0.3939
vt 0.1527 0.3961
vt 0.1559 0.3953
vt 0.1519 0.3939
vt 0.5171 0.5171
vt 0.5223 0.5093
vt 0.519 0.5079
vt 0.5171 0.5171
vt 0.519 0.5079
vt 0.5145 0.5146
vt 0.5119 0.512
vt 0.5145 0.5146
vt 0.519 0.5079
vt 0.5119 0.512
vt 0.519 0.5079
vt 0.5156 0.5065
vt 0.4926 0.7296
vt 0.496 0.7304
vt 0.4963 0.7282
vt 0.4926 0.7296
vt 0.4963 0.7282
vt 0.4932 0.7273
vt 0.1765 0.0584
vt 0.1743 0.0576
vt 0.1737 0.0598
vt 0.1765 0.0584
vt 0.1737 0.0598
vt 0.1757 0.0606
vt 0.519 0.1588
vt 0.5145 0.1521
vt 0.5119 0.1547
vt 0.519 0.1588
vt 0.5119 0.1547
vt 0.5156 0.1602
vt 0.5223 0.1574
vt 0.5171 0.1495
vt 0.5145 0.1521
vt 0.5145 0.1521
vt 0.519 0.1588
vt 0.5223 0.1574
vt 0.178 0.7273
vt 0.1773 0.7251
vt 0.1724 0.7259
vt 0.1728 0.7282
vt 0.178 0.7273
vt 0.1724 0.7259
vt 0.1724 0.7304
vt 0.1728 0.7282
vt 0.1667 0.729
vt 0.1667 0.7313
vt 0.1724 0.7304
vt 0.1667 0.729
vt 0.5223 0.5093
vt 0.5242 0.5
vt 0.5205 0.5
vt 0.5223 0.5093
vt 0.5205 0.5
vt 0.519 0.5079
vt 0.5156 0.5065
vt 0.519 0.5079
vt 0.5205 0.5
vt 0.5156 0.5065
vt 0.5205 0.5
vt 0.5169 0.5
vt 0.496 0.7304
vt 0.5 0.7313
vt 0.5 0.729
vt 0.496 0.7304
vt 0.5 0.729
vt 0.4963 0.7282
vt 0.5 0.7267
vt 0.496 0.7259
vt 0.4963 0.7282
vt 0.5 0.7267
vt 0.4963 0.7282
vt 0.5 0.729
vt 0.5205 0.1667
vt 0.519 0.1588
vt 0.5156 0.1602
vt 0.5205 0.1667
vt 0.5156 0.1602
vt 0.5169 0.1667
vt 0.5242 0.1667
vt 0.5223 0.1574
vt 0.519 0.1588
vt 0.519 0.1588
vt 0.5205 0.1667
vt 0.5242 0.1667
vt 0.1728 0.7282
vt 0.1724 0.7259
vt 0.1667 0.7267
vt 0.1667 0.729
vt 0.1728 0.7282
vt 0.1667 0.7267
vt 0.1667 0.7313
vt 0.1667 0.729
vt 0.1606 0.7298
vt 0.1609 0.7321
vt 0.1667 0.7313
vt 0.1606 0.7298
vt 0.5242 0.5
vt 0.5223 0.4907
vt 0.519 0.4921
vt 0.5242 0.5
vt 0.519 0.4921
vt 0.5205 0.5
vt 0.5169 0.5
vt 0.5205 0.5
vt 0.519 0.4921
vt 0.5169 0.5
vt 0.519 0.4921
vt 0.5156 0.4935
vt 0.5 0.7313
vt 0.504 0.7321
vt 0.5037 0.7298
vt 0.5 0.7313
vt 0.5037 0.7298
vt 0.5 0.729
vt 0.504 0.7276
vt 0.5 0.7267
vt 0.5 0.729
vt 0.504 0.7276
vt 0.5 0.729
vt 0.5037 0.7298
vt 0.519 0.1745
vt 0.5205 0.1667
vt 0.5169 0.1667
vt 0.519 0.1745
vt 0.5169 0.1667
vt 0.5156 0.1732
vt 0.5223 0.1759
vt 0.5242 0.1667
vt 0.5205 0.1667
vt 0.5205 0.1667
vt 0.519 0.1745
vt 0.5223 0.1759
vt 0.1667 0.729
vt 0.1667 0.7267
vt 0.1609 0.7276
vt 0.1606 0.7298
vt 0.1667 0.729
vt 0.1609 0.7276
vt 0.1609 0.7321
vt 0.1606 0.7298
vt 0.1554 0.731
vt 0.156 0.7333
vt 0.1609 0.7321
vt 0.1554 0.731
vt 0.5223 0.4907
vt 0.5171 0.4829
vt 0.5145 0.4854
vt 0.5223 0.4907
vt 0.5145 0.4854
vt 0.519 0.4921
vt 0.5156 0.4935
vt 0.519 0.4921
vt 0.5145 0.4854
vt 0.5156 0.4935
vt 0.5145 0.4854
vt 0.5119 0.488
vt 0.1568 0.3978
vt 0.159 0.3989
vt 0.1597 0.3967
vt 0.1568 0.3978
vt 0.1597 0.3967
vt 0.1576 0.3956
vt 0.5074 0.7288
vt 0.504 0.7276
vt 0.5037 0.7298
vt 0.5074 0.7288
vt 0.5037 0.7298
vt 0.5068 0.731
vt 0.5145 0.1812
vt 0.519 0.1745
vt 0.5156 0.1732
vt 0.5145 0.1812
vt 0.5156 0.1732
vt 0.5119 0.1787
vt 0.5171 0.1838
vt 0.5223 0.1759
vt 0.519 0.1745
vt 0.519 0.1745
vt 0.5145 0.1812
vt 0.5171 0.1838
vt 0.1815 0.0622
vt 0.1806 0.06
vt 0.1774 0.0612
vt 0.1781 0.0634
vt 0.1815 0.0622
vt 0.1774 0.0612
vt 0.1774 0.0656
vt 0.1781 0.0634
vt 0.173 0.0639
vt 0.1727 0.0661
vt 0.1774 0.0656
vt 0.173 0.0639
vt 0.5171 0.4829
vt 0.5092 0.4776
vt 0.5078 0.481
vt 0.5171 0.4829
vt 0.5078 0.481
vt 0.5145 0.4854
vt 0.5119 0.488
vt 0.5145 0.4854
vt 0.5078 0.481
vt 0.5119 0.488
vt 0.5078 0.481
vt 0.5064 0.4843
vt 0.159 0.3989
vt 0.1624 0.3994
vt 0.1627 0.3972
vt 0.159 0.3989
vt 0.1627 0.3972
vt 0.1597 0.3967
vt 0.1624 0.395
vt 0.159 0.3945
vt 0.1597 0.3967
vt 0.1624 0.395
vt 0.1597 0.3967
vt 0.1627 0.3972
vt 0.5078 0.1857
vt 0.5145 0.1812
vt 0.5119 0.1787
vt 0.5078 0.1857
vt 0.5119 0.1787
vt 0.5064 0.1823
vt 0.5092 0.1891
vt 0.5171 0.1838
vt 0.5145 0.1812
vt 0.5145 0.1812
vt 0.5078 0.1857
vt 0.5092 0.1891
vt 0.1781 0.0634
vt 0.1774 0.0612
vt 0.1727 0.0617
vt 0.173 0.0639
vt 0.1781 0.0634
vt 0.1727 0.0617
vt 0.1727 0.0661
vt 0.173 0.0639
vt 0.167 0.0647
vt 0.167 0.0669
vt 0.1727 0.0661
vt 0.167 0.0647
vt 0.5092 0.4776
vt 0.4999 0.4758
vt 0.4999 0.4794
vt 0.5092 0.4776
vt 0.4999 0.4794
vt 0.5078 0.481
vt 0.5064 0.4843
vt 0.5078 0.481
vt 0.4999 0.4794
vt 0.5064 0.4843
vt 0.4999 0.4794
vt 0.4999 0.483
vt 0.1624 0.3994
vt 0.1663 0.4003
vt 0.1663 0.398
vt 0.1624 0.3994
vt 0.1663 0.398
vt 0.1627 0.3972
vt 0.1663 0.3958
vt 0.1624 0.395
vt 0.1627 0.3972
vt 0.1663 0.3958
vt 0.1627 0.3972
vt 0.1663 0.398
vt 0.4999 0.1873
vt 0.5078 0.1857
vt 0.5064 0.1823
vt 0.4999 0.1873
vt 0.5064 0.1823
vt 0.4999 0.1836
vt 0.4999 0.1909
vt 0.5092 0.1891
vt 0.5078 0.1857
vt 0.5078 0.1857
vt 0.4999 0.1873
vt 0.4999 0.1909
vt 0.173 0.0639
vt 0.1727 0.0617
vt 0.167 0.0625
vt 0.167 0.0647
vt 0.173 0.0639
vt 0.167 0.0625
vt 0.1626 0.7371
vt 0.1666 0.738
vt 0.1666 0.7357
vt 0.1626 0.7371
vt 0.1666 0.7357
vt 0.163 0.7349
vt 0.1666 0.7335
vt 0.1626 0.7326
vt 0.163 0.7349
vt 0.1666 0.7335
vt 0.163 0.7349
vt 0.1666 0.7357
vt 0.483 0.1668
vt 0.4794 0.1668
vt 0.4809 0.1745
vt 0.483 0.1668
vt 0.4809 0.1745
vt 0.4843 0.1732
vt 0.4757 0.1668
vt 0.4775 0.1759
vt 0.4809 0.1745
vt 0.4757 0.1668
vt 0.4809 0.1745
vt 0.4794 0.1668
vt 0.5001 0.7335
vt 0.5001 0.7357
vt 0.5061 0.7349
vt 0.5058 0.7326
vt 0.5001 0.7335
vt 0.5061 0.7349
vt 0.5001 0.7357
vt 0.5001 0.738
vt 0.5058 0.7371
vt 0.5061 0.7349
vt 0.5001 0.7357
vt 0.5058 0.7371
vt 0.4809 0.4921
vt 0.4775 0.4907
vt 0.4757 0.4999
vt 0.4794 0.4999
vt 0.4809 0.4921
vt 0.4757 0.4999
vt 0.4809 0.4921
vt 0.4794 0.4999
vt 0.483 0.4999
vt 0.4809 0.4921
vt 0.483 0.4999
vt 0.4843 0.4935
vt 0.181 0.4035
vt 0.182 0.4013
vt 0.181 0.3991
vt 0.1788 0.4045
vt 0.181 0.4035
vt 0.181 0.3991
vt 0.1766 0.4035
vt 0.1788 0.4045
vt 0.181 0.3991
vt 0.1757 0.4013
vt 0.1766 0.4035
vt 0.181 0.3991
vt 0.1766 0.3991
vt 0.1757 0.4013
vt 0.181 0.3991
vt 0.181 0.3991
vt 0.1788 0.3982
vt 0.1766 0.3991
vt 0.1567 0.0526
vt 0.1545 0.0517
vt 0.1523 0.0526
vt 0.1576 0.0548
vt 0.1567 0.0526
vt 0.1523 0.0526
vt 0.1567 0.0571
vt 0.1576 0.0548
vt 0.1523 0.0526
vt 0.1545 0.058
vt 0.1567 0.0571
vt 0.1523 0.0526
vt 0.1523 0.0571
vt 0.1545 0.058
vt 0.1523 0.0526
vt 0.1523 0.0526
vt 0.1514 0.0548
vt 0.1523 0.0571
vt 0.5092 0.8261
vt 0.5092 0.818
vt 0.5054 0.818
vt 0.5054 0.8261
vt 0.5092 0.8261
vt 0.5054 0.818
vt 0.5122 0.818
vt 0.5092 0.818
vt 0.5092 0.8261
vt 0.5122 0.8261
vt 0.5122 0.818
vt 0.5092 0.8261
vt 0.1544 0.1486
vt 0.1523 0.1486
vt 0.1523 0.1566
vt 0.1544 0.1566
vt 0.1544 0.1486
vt 0.1523 0.1566
vt 0.1573 0.1486
vt 0.1544 0.1486
vt 0.1544 0.1566
vt 0.1573 0.1566
vt 0.1573 0.1486
vt 0.1544 0.1566
vt 0.161 0.1486
vt 0.1573 0.1486
vt 0.1573 0.1566
vt 0.161 0.1566
vt 0.161 0.1486
vt 0.1573 0.1566
vt 0.1574 0.818
vt 0.1574 0.8261
vt 0.1612 0.8261
vt 0.1612 0.818
vt 0.1574 0.818
vt 0.1612 0.8261
vt 0.1545 0.8261
vt 0.1574 0.8261
vt 0.1574 0.818
vt 0.1545 0.818
vt 0.1545 0.8261
vt 0.1574 0.818
vt 0.1795 0.1486
vt 0.1795 0.1566
vt 0.1815 0.1566
vt 0.1815 0.1486
vt 0.1795 0.1486
vt 0.1815 0.1566
vt 0.1766 0.1566
vt 0.1795 0.1566
vt 0.1795 0.1486
vt 0.1766 0.1486
vt 0.1766 0.1566
vt 0.1795 0.1486
vt 0.1729 0.1566
vt 0.1766 0.1566
vt 0.1766 0.1486
vt 0.1729 0.1486
vt 0.1729 0.1566
vt 0.1766 0.1486
vt 0.2083 0.818
vt 0.2045 0.818
vt 0.2045 0.8261
vt 0.2083 0.8261
vt 0.2083 0.818
vt 0.2045 0.8261
vt 0.2112 0.818
vt 0.2083 0.818
vt 0.2083 0.8261
vt 0.2112 0.8261
vt 0.2112 0.818
vt 0.2083 0.8261
vt 0.1539 0.4899
vt 0.1539 0.482
vt 0.1518 0.482
vt 0.1518 0.4899
vt 0.1539 0.4899
vt 0.1518 0.482
vt 0.1568 0.482
vt 0.1539 0.482
vt 0.1539 0.4899
vt 0.1568 0.4899
vt 0.1568 0.482
vt 0.1539 0.4899
vt 0.1605 0.482
vt 0.1568 0.482
vt 0.1568 0.4899
vt 0.1605 0.4899
vt 0.1605 0.482
vt 0.1568 0.4899
vt 0.4584 0.8261
vt 0.4622 0.8261
vt 0.4622 0.818
vt 0.4584 0.818
vt 0.4584 0.8261
vt 0.4622 0.818
vt 0.4555 0.8261
vt 0.4584 0.8261
vt 0.4584 0.818
vt 0.4555 0.818
vt 0.4555 0.8261
vt 0.4584 0.818
vt 0.1789 0.4899
vt 0.181 0.4899
vt 0.181 0.482
vt 0.1789 0.482
vt 0.1789 0.4899
vt 0.181 0.482
vt 0.176 0.4899
vt 0.1789 0.4899
vt 0.1789 0.482
vt 0.176 0.482
vt 0.176 0.4899
vt 0.1789 0.482
vt 0.1723 0.4899
vt 0.176 0.4899
vt 0.176 0.482
vt 0.1723 0.482
vt 0.1723 0.4899
vt 0.176 0.482
vt 0.1729 0.1566
vt 0.1729 0.1486
vt 0.161 0.1486
vt 0.161 0.1566
vt 0.1729 0.1566
vt 0.161 0.1486
vt 0.4792 0.0915
vt 0.4758 0.0949
vt 0.4738 0.0996
vt 0.4839 0.0894
vt 0.4792 0.0915
vt 0.4738 0.0996
vt 0.5204 0.0915
vt 0.5157 0.0894
vt 0.5096 0.0888
vt 0.5258 0.0996
vt 0.5238 0.0949
vt 0.5204 0.0915
vt 0.5265 0.1057
vt 0.5258 0.0996
vt 0.5204 0.0915
vt 0.5265 0.1754
vt 0.5265 0.1057
vt 0.5204 0.0915
vt 0.5258 0.1815
vt 0.5265 0.1754
vt 0.5204 0.0915
vt 0.5238 0.1863
vt 0.5258 0.1815
vt 0.5204 0.0915
vt 0.5204 0.1897
vt 0.5238 0.1863
vt 0.5204 0.0915
vt 0.5096 0.1924
vt 0.5157 0.1917
vt 0.5204 0.1897
vt 0.4792 0.1897
vt 0.4839 0.1917
vt 0.49 0.1924
vt 0.4738 0.1815
vt 0.4758 0.1863
vt 0.4792 0.1897
vt 0.4731 0.1754
vt 0.4738 0.1815
vt 0.4792 0.1897
vt 0.4731 0.1057
vt 0.4731 0.1754
vt 0.4792 0.1897
vt 0.4738 0.0996
vt 0.4731 0.1057
vt 0.4792 0.1897
vt 0.49 0.0888
vt 0.4839 0.0894
vt 0.4738 0.0996
vt 0.5096 0.0888
vt 0.49 0.0888
vt 0.4738 0.0996
vt 0.5204 0.0915
vt 0.5096 0.0888
vt 0.4738 0.0996
vt 0.5096 0.1924
vt 0.5204 0.1897
vt 0.5204 0.0915
vt 0.49 0.1924
vt 0.5096 0.1924
vt 0.5204 0.0915
vt 0.4792 0.1897
vt 0.49 0.1924
vt 0.5204 0.0915
vt 0.4738 0.0996
vt 0.4792 0.1897
vt 0.5204 0.0915
vt 0.4622 0.818
vt 0.4622 0.8261
vt 0.5054 0.8261
vt 0.5054 0.818
vt 0.4622 0.818
vt 0.5054 0.8261
vt 0.5204 0.5752
vt 0.5238 0.5718
vt 0.5258 0.567
vt 0.5157 0.5772
vt 0.5204 0.5752
vt 0.5258 0.567
vt 0.4792 0.5752
vt 0.4839 0.5772
vt 0.49 0.5779
vt 0.4738 0.567
vt 0.4758 0.5718
vt 0.4792 0.5752
vt 0.4731 0.561
vt 0.4738 0.567
vt 0.4792 0.5752
vt 0.4731 0.4912
vt 0.4731 0.561
vt 0.4792 0.5752
vt 0.4738 0.4851
vt 0.4731 0.4912
vt 0.4792 0.5752
vt 0.4758 0.4804
vt 0.4738 0.4851
vt 0.4792 0.5752
vt 0.4792 0.477
vt 0.4758 0.4804
vt 0.4792 0.5752
vt 0.49 0.4743
vt 0.4839 0.475
vt 0.4792 0.477
vt 0.5204 0.477
vt 0.5157 0.475
vt 0.5096 0.4743
vt 0.5258 0.4851
vt 0.5238 0.4804
vt 0.5204 0.477
vt 0.5265 0.4912
vt 0.5258 0.4851
vt 0.5204 0.477
vt 0.5265 0.561
vt 0.5265 0.4912
vt 0.5204 0.477
vt 0.5258 0.567
vt 0.5265 0.561
vt 0.5204 0.477
vt 0.5096 0.5779
vt 0.5157 0.5772
vt 0.5258 0.567
vt 0.49 0.5779
vt 0.5096 0.5779
vt 0.5258 0.567
vt 0.4792 0.5752
vt 0.49 0.5779
vt 0.5258 0.567
vt 0.49 0.4743
vt 0.4792 0.477
vt 0.4792 0.5752
vt 0.5096 0.4743
vt 0.49 0.4743
vt 0.4792 0.5752
vt 0.5204 0.477
vt 0.5096 0.4743
vt 0.4792 0.5752
vt 0.5258 0.567
vt 0.5204 0.477
vt 0.4792 0.5752
vt 0.2045 0.8261
vt 0.2045 0.818
vt 0.1612 0.818
vt 0.1612 0.8261
vt 0.2045 0.8261
vt 0.1612 0.818
vt 0.1723 0.4899
vt 0.1723 0.482
vt 0.1605 0.482
vt 0.1605 0.4899
vt 0.1723 0.4899
vt 0.1605 0.482
vt 0.1736 0.6968
vt 0.1736 0.7094
vt 0.1807 0.7034
vt 0.1815 0.6968
vt 0.1736 0.6968
vt 0.1807 0.7034
vt 0.493 0.7094
vt 0.493 0.6968
vt 0.486 0.7034
vt 0.493 0.6968
vt 0.4852 0.6968
vt 0.486 0.7034
vt 0.166 0.3756
vt 0.1667 0.3756
vt 0.1667 0.3696
vt 0.166 0.3696
vt 0.166 0.3756
vt 0.1667 0.3696
vt 0.1673 0.0299
vt 0.1666 0.0299
vt 0.1666 0.0422
vt 0.1673 0.0422
vt 0.1673 0.0299
vt 0.1666 0.0422
vt 0.5005 0.1428
vt 0.4993 0.1428
vt 0.4993 0.1555
vt 0.5005 0.1555
vt 0.5005 0.1428
vt 0.4993 0.1555
vt 0.166 0.3696
vt 0.1667 0.3696
vt 0.1667 0.3632
vt 0.166 0.3632
vt 0.166 0.3696
vt 0.1667 0.3632
vt 0.4948 0.1755
vt 0.5 0.1769
vt 0.5 0.1665
vt 0.1671 0.1501
vt 0.1671 0.0289
vt 0.1633 0.0289
vt 0.1633 0.0289
vt 0.1629 0.1501
vt 0.1671 0.1501
vt 0.5 0.1769
vt 0.5052 0.1755
vt 0.5 0.1665
vt 0.1712 0.1501
vt 0.1708 0.0289
vt 0.1671 0.0289
vt 0.1671 0.0289
vt 0.1671 0.1501
vt 0.1712 0.1501
vt 0.5052 0.1755
vt 0.509 0.1717
vt 0.5 0.1665
vt 0.1742 0.1501
vt 0.1736 0.0289
vt 0.1708 0.0289
vt 0.1708 0.0289
vt 0.1712 0.1501
vt 0.1742 0.1501
vt 0.509 0.1717
vt 0.5104 0.1665
vt 0.5 0.1665
vt 0.1668 0.8195
vt 0.1668 0.6958
vt 0.1629 0.6958
vt 0.1629 0.6958
vt 0.1626 0.8195
vt 0.1668 0.8195
vt 0.5104 0.1665
vt 0.509 0.1614
vt 0.5 0.1665
vt 0.1709 0.8195
vt 0.1706 0.6958
vt 0.1668 0.6958
vt 0.1668 0.6958
vt 0.1668 0.8195
vt 0.1709 0.8195
vt 0.509 0.1614
vt 0.5052 0.1576
vt 0.5 0.1665
vt 0.1622 0.4834
vt 0.1625 0.3622
vt 0.1597 0.3622
vt 0.1597 0.3622
vt 0.1592 0.4834
vt 0.1622 0.4834
vt 0.5052 0.1576
vt 0.5 0.1562
vt 0.5 0.1665
vt 0.1663 0.4834
vt 0.1663 0.3622
vt 0.1625 0.3622
vt 0.1625 0.3622
vt 0.1622 0.4834
vt 0.1663 0.4834
vt 0.5 0.1562
vt 0.4948 0.1576
vt 0.5 0.1665
vt 0.1704 0.4834
vt 0.1701 0.3622
vt 0.1663 0.3622
vt 0.1663 0.3622
vt 0.1663 0.4834
vt 0.1704 0.4834
vt 0.4948 0.1576
vt 0.491 0.1614
vt 0.5 0.1665
vt 0.1734 0.4834
vt 0.1728 0.3622
vt 0.1701 0.3622
vt 0.1701 0.3622
vt 0.1704 0.4834
vt 0.1734 0.4834
vt 0.491 0.1614
vt 0.4896 0.1665
vt 0.5 0.1665
vt 0.4999 0.8195
vt 0.4999 0.6958
vt 0.4961 0.6958
vt 0.4961 0.6958
vt 0.4957 0.8195
vt 0.4999 0.8195
vt 0.4896 0.1665
vt 0.491 0.1717
vt 0.5 0.1665
vt 0.5041 0.8195
vt 0.5038 0.6958
vt 0.4999 0.6958
vt 0.4999 0.6958
vt 0.4999 0.8195
vt 0.5041 0.8195
vt 0.1629 0.1501
vt 0.1633 0.0289
vt 0.1605 0.0289
vt 0.1605 0.0289
vt 0.1599 0.1501
vt 0.1629 0.1501
vt 0.491 0.1717
vt 0.4948 0.1755
vt 0.5 0.1665
vt 0.4938 0.4894
vt 0.4929 0.4879
vt 0.4877 0.4931
vt 0.4892 0.4939
vt 0.4938 0.4894
vt 0.4877 0.4931
vt 0.5 0.4877
vt 0.5 0.486
vt 0.4929 0.4879
vt 0.4938 0.4894
vt 0.5 0.4877
vt 0.4929 0.4879
vt 0.5062 0.4894
vt 0.5071 0.4879
vt 0.5 0.486
vt 0.5 0.4877
vt 0.5062 0.4894
vt 0.5 0.486
vt 0.5108 0.4939
vt 0.5123 0.4931
vt 0.5071 0.4879
vt 0.5062 0.4894
vt 0.5108 0.4939
vt 0.5071 0.4879
vt 0.5124 0.5002
vt 0.5142 0.5002
vt 0.5123 0.4931
vt 0.5108 0.4939
vt 0.5124 0.5002
vt 0.5123 0.4931
vt 0.5108 0.5064
vt 0.5123 0.5072
vt 0.5142 0.5002
vt 0.5124 0.5002
vt 0.5108 0.5064
vt 0.5142 0.5002
vt 0.5062 0.5109
vt 0.5071 0.5124
vt 0.5123 0.5072
vt 0.5108 0.5064
vt 0.5062 0.5109
vt 0.5123 0.5072
vt 0.5 0.5126
vt 0.5 0.5143
vt 0.5071 0.5124
vt 0.5062 0.5109
vt 0.5 0.5126
vt 0.5071 0.5124
vt 0.4938 0.5109
vt 0.4929 0.5124
vt 0.5 0.5143
vt 0.5 0.5126
vt 0.4938 0.5109
vt 0.5 0.5143
vt 0.4892 0.5064
vt 0.4877 0.5072
vt 0.4929 0.5124
vt 0.4938 0.5109
vt 0.4892 0.5064
vt 0.4929 0.5124
vt 0.4876 0.5002
vt 0.4858 0.5002
vt 0.4877 0.5072
vt 0.4892 0.5064
vt 0.4876 0.5002
vt 0.4877 0.5072
vt 0.4892 0.4939
vt 0.4877 0.4931
vt 0.4858 0.5002
vt 0.4876 0.5002
vt 0.4892 0.4939
vt 0.4858 0.5002
vt 0.1627 0.0289
vt 0.162 0.0204
vt 0.1583 0.0204
vt 0.1596 0.0289
vt 0.1627 0.0289
vt 0.1583 0.0204
vt 0.1671 0.0289
vt 0.1671 0.0204
vt 0.162 0.0204
vt 0.1627 0.0289
vt 0.1671 0.0289
vt 0.162 0.0204
vt 0.1714 0.0289
vt 0.1721 0.0204
vt 0.1671 0.0204
vt 0.1671 0.0289
vt 0.1714 0.0289
vt 0.1671 0.0204
vt 0.1745 0.0289
vt 0.1758 0.0204
vt 0.1721 0.0204
vt 0.1714 0.0289
vt 0.1745 0.0289
vt 0.1721 0.0204
vt 0.1668 0.6958
vt 0.1668 0.6871
vt 0.1616 0.6871
vt 0.1624 0.6958
vt 0.1668 0.6958
vt 0.1616 0.6871
vt 0.1712 0.6958
vt 0.1719 0.6871
vt 0.1668 0.6871
vt 0.1668 0.6958
vt 0.1712 0.6958
vt 0.1668 0.6871
vt 0.162 0.3622
vt 0.1613 0.3537
vt 0.1576 0.3537
vt 0.1588 0.3622
vt 0.162 0.3622
vt 0.1576 0.3537
vt 0.1663 0.3622
vt 0.1663 0.3537
vt 0.1613 0.3537
vt 0.162 0.3622
vt 0.1663 0.3622
vt 0.1613 0.3537
vt 0.1706 0.3622
vt 0.1713 0.3537
vt 0.1663 0.3537
vt 0.1663 0.3622
vt 0.1706 0.3622
vt 0.1663 0.3537
vt 0.1738 0.3622
vt 0.175 0.3537
vt 0.1713 0.3537
vt 0.1706 0.3622
vt 0.1738 0.3622
vt 0.1713 0.3537
vt 0.4999 0.6958
vt 0.4999 0.6871
vt 0.4948 0.6871
vt 0.4955 0.6958
vt 0.4999 0.6958
vt 0.4948 0.6871
vt 0.5043 0.6958
vt 0.505 0.6871
vt 0.4999 0.6871
vt 0.4999 0.6958
vt 0.5043 0.6958
vt 0.4999 0.6871
vt 0.491 0.1717
vt 0.4896 0.1665
vt 0.4869 0.1665
vt 0.491 0.1717
vt 0.4869 0.1665
vt 0.4887 0.173
vt 0.487 0.174
vt 0.4887 0.173
vt 0.4869 0.1665
vt 0.485 0.1665
vt 0.487 0.174
vt 0.4869 0.1665
vt 0.485 0.1665
vt 0.4838 0.1665
vt 0.486 0.1746
vt 0.485 0.1665
vt 0.486 0.1746
vt 0.487 0.174
vt 0.4999 0.6871
vt 0.505 0.6871
vt 0.5049 0.6855
vt 0.4999 0.6855
vt 0.4999 0.6871
vt 0.5049 0.6855
vt 0.4948 0.1755
vt 0.491 0.1717
vt 0.4887 0.173
vt 0.4948 0.1755
vt 0.4887 0.173
vt 0.4934 0.1778
vt 0.4925 0.1795
vt 0.4934 0.1778
vt 0.4887 0.173
vt 0.487 0.174
vt 0.4925 0.1795
vt 0.4887 0.173
vt 0.1591 0.0177
vt 0.1585 0.0188
vt 0.1621 0.0188
vt 0.1591 0.0177
vt 0.1621 0.0188
vt 0.1625 0.0177
vt 0.1583 0.0204
vt 0.162 0.0204
vt 0.1621 0.0188
vt 0.1585 0.0188
vt 0.1583 0.0204
vt 0.1621 0.0188
vt 0.5 0.1769
vt 0.4948 0.1755
vt 0.4934 0.1778
vt 0.5 0.1769
vt 0.4934 0.1778
vt 0.5 0.1796
vt 0.1671 0.0177
vt 0.1671 0.0169
vt 0.1631 0.0169
vt 0.1625 0.0177
vt 0.1671 0.0177
vt 0.1631 0.0169
vt 0.1625 0.0177
vt 0.1621 0.0188
vt 0.1671 0.0188
vt 0.1625 0.0177
vt 0.1671 0.0188
vt 0.1671 0.0177
vt 0.162 0.0204
vt 0.1671 0.0204
vt 0.1671 0.0188
vt 0.1621 0.0188
vt 0.162 0.0204
vt 0.1671 0.0188
vt 0.5052 0.1755
vt 0.5 0.1769
vt 0.5 0.1796
vt 0.5052 0.1755
vt 0.5 0.1796
vt 0.5066 0.1778
vt 0.1716 0.0177
vt 0.171 0.0169
vt 0.1671 0.0169
vt 0.1671 0.0177
vt 0.1716 0.0177
vt 0.1671 0.0169
vt 0.1671 0.0177
vt 0.1671 0.0188
vt 0.172 0.0188
vt 0.1671 0.0177
vt 0.172 0.0188
vt 0.1716 0.0177
vt 0.1671 0.0204
vt 0.1721 0.0204
vt 0.172 0.0188
vt 0.1671 0.0188
vt 0.1671 0.0204
vt 0.172 0.0188
vt 0.509 0.1717
vt 0.5052 0.1755
vt 0.5066 0.1778
vt 0.509 0.1717
vt 0.5066 0.1778
vt 0.5113 0.173
vt 0.513 0.174
vt 0.5113 0.173
vt 0.5066 0.1778
vt 0.5075 0.1795
vt 0.513 0.174
vt 0.5066 0.1778
vt 0.1716 0.0177
vt 0.172 0.0188
vt 0.1756 0.0188
vt 0.1716 0.0177
vt 0.1756 0.0188
vt 0.175 0.0177
vt 0.1721 0.0204
vt 0.1758 0.0204
vt 0.1756 0.0188
vt 0.172 0.0188
vt 0.1721 0.0204
vt 0.1756 0.0188
vt 0.5104 0.1665
vt 0.509 0.1717
vt 0.5113 0.173
vt 0.5104 0.1665
vt 0.5113 0.173
vt 0.5131 0.1665
vt 0.515 0.1665
vt 0.5131 0.1665
vt 0.5113 0.173
vt 0.513 0.174
vt 0.515 0.1665
vt 0.5113 0.173
vt 0.513 0.174
vt 0.514 0.1746
vt 0.5162 0.1665
vt 0.513 0.174
vt 0.5162 0.1665
vt 0.515 0.1665
vt 0.1616 0.6871
vt 0.1668 0.6871
vt 0.1668 0.6855
vt 0.1617 0.6855
vt 0.1616 0.6871
vt 0.1668 0.6855
vt 0.509 0.1614
vt 0.5104 0.1665
vt 0.5131 0.1665
vt 0.509 0.1614
vt 0.5131 0.1665
vt 0.5113 0.16
vt 0.513 0.159
vt 0.5113 0.16
vt 0.5131 0.1665
vt 0.515 0.1665
vt 0.513 0.159
vt 0.5131 0.1665
vt 0.515 0.1665
vt 0.5162 0.1665
vt 0.514 0.1584
vt 0.515 0.1665
vt 0.514 0.1584
vt 0.513 0.159
vt 0.1668 0.6871
vt 0.1719 0.6871
vt 0.1718 0.6855
vt 0.1668 0.6855
vt 0.1668 0.6871
vt 0.1718 0.6855
vt 0.5052 0.1576
vt 0.509 0.1614
vt 0.5113 0.16
vt 0.5052 0.1576
vt 0.5113 0.16
vt 0.5066 0.1552
vt 0.5075 0.1535
vt 0.5066 0.1552
vt 0.5113 0.16
vt 0.513 0.159
vt 0.5075 0.1535
vt 0.5113 0.16
vt 0.1584 0.351
vt 0.1578 0.3521
vt 0.1614 0.3521
vt 0.1584 0.351
vt 0.1614 0.3521
vt 0.1617 0.351
vt 0.1576 0.3537
vt 0.1613 0.3537
vt 0.1614 0.3521
vt 0.1578 0.3521
vt 0.1576 0.3537
vt 0.1614 0.3521
vt 0.5 0.1562
vt 0.5052 0.1576
vt 0.5066 0.1552
vt 0.5 0.1562
vt 0.5066 0.1552
vt 0.5 0.1535
vt 0.1663 0.351
vt 0.1663 0.3503
vt 0.1623 0.3503
vt 0.1617 0.351
vt 0.1663 0.351
vt 0.1623 0.3503
vt 0.1617 0.351
vt 0.1614 0.3521
vt 0.1663 0.3521
vt 0.1617 0.351
vt 0.1663 0.3521
vt 0.1663 0.351
vt 0.1613 0.3537
vt 0.1663 0.3537
vt 0.1663 0.3521
vt 0.1614 0.3521
vt 0.1613 0.3537
vt 0.1663 0.3521
vt 0.4948 0.1576
vt 0.5 0.1562
vt 0.5 0.1535
vt 0.4948 0.1576
vt 0.5 0.1535
vt 0.4934 0.1552
vt 0.1709 0.351
vt 0.1703 0.3503
vt 0.1663 0.3503
vt 0.1663 0.351
vt 0.1709 0.351
vt 0.1663 0.3503
vt 0.1663 0.351
vt 0.1663 0.3521
vt 0.1712 0.3521
vt 0.1663 0.351
vt 0.1712 0.3521
vt 0.1709 0.351
vt 0.1663 0.3537
vt 0.1713 0.3537
vt 0.1712 0.3521
vt 0.1663 0.3521
vt 0.1663 0.3537
vt 0.1712 0.3521
vt 0.491 0.1614
vt 0.4948 0.1576
vt 0.4934 0.1552
vt 0.491 0.1614
vt 0.4934 0.1552
vt 0.4887 0.16
vt 0.487 0.159
vt 0.4887 0.16
vt 0.4934 0.1552
vt 0.4925 0.1535
vt 0.487 0.159
vt 0.4934 0.1552
vt 0.1709 0.351
vt 0.1712 0.3521
vt 0.1748 0.3521
vt 0.1709 0.351
vt 0.1748 0.3521
vt 0.1742 0.351
vt 0.1713 0.3537
vt 0.175 0.3537
vt 0.1748 0.3521
vt 0.1712 0.3521
vt 0.1713 0.3537
vt 0.1748 0.3521
vt 0.4896 0.1665
vt 0.491 0.1614
vt 0.4887 0.16
vt 0.4896 0.1665
vt 0.4887 0.16
vt 0.4869 0.1665
vt 0.485 0.1665
vt 0.4869 0.1665
vt 0.4887 0.16
vt 0.487 0.159
vt 0.485 0.1665
vt 0.4887 0.16
vt 0.487 0.159
vt 0.486 0.1584
vt 0.4838 0.1665
vt 0.487 0.159
vt 0.4838 0.1665
vt 0.485 0.1665
vt 0.4948 0.6871
vt 0.4999 0.6871
vt 0.4999 0.6855
vt 0.4949 0.6855
vt 0.4948 0.6871
vt 0.4999 0.6855
vt 0.1636 0.6833
vt 0.1636 0.7266
vt 0.1668 0.7266
vt 0.1668 0.6833
vt 0.1636 0.6833
vt 0.1668 0.7266
vt 0.1668 0.6833
vt 0.1668 0.7266
vt 0.17 0.7266
vt 0.17 0.6833
vt 0.1668 0.6833
vt 0.17 0.7266
vt 0.1616 0.0167
vt 0.1616 0.059
vt 0.1639 0.059
vt 0.1639 0.0167
vt 0.1616 0.0167
vt 0.1639 0.059
vt 0.1639 0.0167
vt 0.1639 0.059
vt 0.1671 0.059
vt 0.1671 0.0167
vt 0.1639 0.0167
vt 0.1671 0.059
vt 0.1671 0.0167
vt 0.1671 0.059
vt 0.1702 0.059
vt 0.1702 0.0167
vt 0.1671 0.0167
vt 0.1702 0.059
vt 0.1702 0.0167
vt 0.1702 0.059
vt 0.1725 0.059
vt 0.1725 0.0167
vt 0.1702 0.0167
vt 0.1725 0.059
vt 0.4967 0.6833
vt 0.4967 0.7266
vt 0.4999 0.7266
vt 0.4999 0.6833
vt 0.4967 0.6833
vt 0.4999 0.7266
vt 0.4999 0.6833
vt 0.4999 0.7266
vt 0.5031 0.7266
vt 0.5031 0.6833
vt 0.4999 0.6833
vt 0.5031 0.7266
vt 0.1608 0.35
vt 0.1608 0.3924
vt 0.1631 0.3924
vt 0.1631 0.35
vt 0.1608 0.35
vt 0.1631 0.3924
vt 0.1631 0.35
vt 0.1631 0.3924
vt 0.1663 0.3924
vt 0.1663 0.35
vt 0.1631 0.35
vt 0.1663 0.3924
vt 0.1663 0.35
vt 0.1663 0.3924
vt 0.1695 0.3924
vt 0.1695 0.35
vt 0.1663 0.35
vt 0.1695 0.3924
vt 0.1695 0.35
vt 0.1695 0.3924
vt 0.1718 0.3924
vt 0.1718 0.35
vt 0.1695 0.35
vt 0.1718 0.3924
vt 0.1734 0.6189
vt 0.1663 0.617
vt 0.1663 0.6312
vt 0.4883 0.1901
vt 0.5 0.1901
vt 0.5 0.1434
vt 0.5 0.1434
vt 0.4883 0.1434
vt 0.4883 0.1901
vt 0.1786 0.6241
vt 0.1734 0.6189
vt 0.1663 0.6312
vt 0.4798 0.1901
vt 0.4883 0.1901
vt 0.4883 0.1434
vt 0.4883 0.1434
vt 0.4798 0.1434
vt 0.4798 0.1901
vt 0.1663 0.6312
vt 0.1805 0.6312
vt 0.1786 0.6241
vt 0.5145 0.9703
vt 0.5145 0.963
vt 0.4856 0.963
vt 0.4856 0.963
vt 0.4856 0.9703
vt 0.5145 0.9703
vt 0.1786 0.6383
vt 0.1805 0.6312
vt 0.1663 0.6312
vt 0.5145 0.9775
vt 0.5145 0.9703
vt 0.4856 0.9703
vt 0.4856 0.9703
vt 0.4856 0.9775
vt 0.5145 0.9775
vt 0.1663 0.6312
vt 0.1734 0.6435
vt 0.1786 0.6383
vt 0.4883 0.4766
vt 0.4798 0.4766
vt 0.4798 0.5232
vt 0.4798 0.5232
vt 0.4883 0.5232
vt 0.4883 0.4766
vt 0.1663 0.6454
vt 0.1734 0.6435
vt 0.1663 0.6312
vt 0.5 0.4766
vt 0.4883 0.4766
vt 0.4883 0.5232
vt 0.4883 0.5232
vt 0.5 0.5232
vt 0.5 0.4766
vt 0.1663 0.6312
vt 0.1592 0.6435
vt 0.1663 0.6454
vt 0.5117 0.4766
vt 0.5 0.4766
vt 0.5 0.5232
vt 0.5 0.5232
vt 0.5117 0.5232
vt 0.5117 0.4766
vt 0.1663 0.6312
vt 0.154 0.6383
vt 0.1592 0.6435
vt 0.5202 0.4766
vt 0.5117 0.4766
vt 0.5117 0.5232
vt 0.5117 0.5232
vt 0.5202 0.5232
vt 0.5202 0.4766
vt 0.1663 0.6312
vt 0.1521 0.6312
vt 0.154 0.6383
vt 0.1521 0.9703
vt 0.1521 0.9775
vt 0.1811 0.9775
vt 0.1811 0.9775
vt 0.1811 0.9703
vt 0.1521 0.9703
vt 0.1663 0.6312
vt 0.154 0.6241
vt 0.1521 0.6312
vt 0.1521 0.963
vt 0.1521 0.9703
vt 0.1811 0.9703
vt 0.1811 0.9703
vt 0.1811 0.963
vt 0.1521 0.963
vt 0.1592 0.6189
vt 0.154 0.6241
vt 0.1663 0.6312
vt 0.5117 0.1901
vt 0.5202 0.1901
vt 0.5202 0.1434
vt 0.5202 0.1434
vt 0.5117 0.1434
vt 0.5117 0.1901
vt 0.1663 0.6312
vt 0.1663 0.617
vt 0.1592 0.6189
vt 0.5 0.1901
vt 0.5117 0.1901
vt 0.5117 0.1434
vt 0.5117 0.1434
vt 0.5 0.1434
vt 0.5 0.1901
vt 0.1741 0.2856
vt 0.167 0.2837
vt 0.167 0.2978
vt 0.167 0.2837
vt 0.16 0.2856
vt 0.167 0.2978
vt 0.16 0.2856
vt 0.1548 0.2908
vt 0.167 0.2978
vt 0.1548 0.2908
vt 0.1529 0.2978
vt 0.167 0.2978
vt 0.1529 0.2978
vt 0.1548 0.3049
vt 0.167 0.2978
vt 0.1548 0.3049
vt 0.16 0.3101
vt 0.167 0.2978
vt 0.16 0.3101
vt 0.167 0.312
vt 0.167 0.2978
vt 0.167 0.312
vt 0.1741 0.3101
vt 0.167 0.2978
vt 0.1741 0.3101
vt 0.1793 0.3049
vt 0.167 0.2978
vt 0.1793 0.3049
vt 0.1812 0.2978
vt 0.167 0.2978
vt 0.1812 0.2978
vt 0.1793 0.2908
vt 0.167 0.2978
vt 0.1793 0.2908
vt 0.1741 0.2856
vt 0.167 0.2978
vt 0.5 0.1111
vt 0.5 0.1367
vt 0.5073 0.1111
vt 0.5 0.1367
vt 0.5073 0.1367
vt 0.5073 0.1111
vt 0.4926 0.1111
vt 0.4926 0.1367
vt 0.5 0.1111
vt 0.4926 0.1367
vt 0.5 0.1367
vt 0.5 0.1111
vt 0.4872 0.1111
vt 0.4872 0.1367
vt 0.4926 0.1111
vt 0.4872 0.1367
vt 0.4926 0.1367
vt 0.4926 0.1111
vt 0.4655 0.9783
vt 0.4814 0.9719
vt 0.4655 0.9737
vt 0.4814 0.9719
vt 0.4814 0.9674
vt 0.4655 0.9737
vt 0.4655 0.9828
vt 0.4814 0.9765
vt 0.4655 0.9783
vt 0.4814 0.9765
vt 0.4814 0.9719
vt 0.4655 0.9783
vt 0.4926 0.5556
vt 0.4926 0.53
vt 0.4872 0.5556
vt 0.4926 0.53
vt 0.4872 0.53
vt 0.4872 0.5556
vt 0.5 0.5556
vt 0.5 0.53
vt 0.4926 0.5556
vt 0.5 0.53
vt 0.4926 0.53
vt 0.4926 0.5556
vt 0.5073 0.5556
vt 0.5073 0.53
vt 0.5 0.5556
vt 0.5073 0.53
vt 0.5 0.53
vt 0.5 0.5556
vt 0.5127 0.5556
vt 0.5127 0.53
vt 0.5073 0.5556
vt 0.5127 0.53
vt 0.5073 0.53
vt 0.5073 0.5556
vt 0.2011 0.9783
vt 0.1853 0.9719
vt 0.2011 0.9828
vt 0.1853 0.9719
vt 0.1853 0.9765
vt 0.2011 0.9828
vt 0.2011 0.9737
vt 0.1853 0.9674
vt 0.2011 0.9783
vt 0.1853 0.9674
vt 0.1853 0.9719
vt 0.2011 0.9783
vt 0.5073 0.1111
vt 0.5073 0.1367
vt 0.5127 0.1111
vt 0.5073 0.1367
vt 0.5127 0.1367
vt 0.5127 0.1111
vt 0.5 0.0197
vt 0.5 0.1111
vt 0.5073 0.0197
vt 0.5 0.1111
vt 0.5073 0.1111
vt 0.5073 0.0197
vt 0.4926 0.0197
vt 0.4926 0.1111
vt 0.5 0.0197
vt 0.4926 0.1111
vt 0.5 0.1111
vt 0.5 0.0197
vt 0.4872 0.0197
vt 0.4872 0.1111
vt 0.4926 0.0197
vt 0.4872 0.1111
vt 0.4926 0.1111
vt 0.4926 0.0197
vt 0.4088 0.9783
vt 0.4655 0.9783
vt 0.4088 0.9737
vt 0.4655 0.9783
vt 0.4655 0.9737
vt 0.4088 0.9737
vt 0.4088 0.9828
vt 0.4655 0.9828
vt 0.4088 0.9783
vt 0.4655 0.9828
vt 0.4655 0.9783
vt 0.4088 0.9783
vt 0.4926 0.647
vt 0.4926 0.5556
vt 0.4872 0.647
vt 0.4926 0.5556
vt 0.4872 0.5556
vt 0.4872 0.647
vt 0.5 0.647
vt 0.5 0.5556
vt 0.4926 0.647
vt 0.5 0.5556
vt 0.4926 0.5556
vt 0.4926 0.647
vt 0.5073 0.647
vt 0.5073 0.5556
vt 0.5 0.647
vt 0.5073 0.5556
vt 0.5 0.5556
vt 0.5 0.647
vt 0.5127 0.647
vt 0.5127 0.5556
vt 0.5073 0.647
vt 0.5127 0.5556
vt 0.5073 0.5556
vt 0.5073 0.647
vt 0.2578 0.9783
vt 0.2011 0.9783
vt 0.2578 0.9828
vt 0.2011 0.9783
vt 0.2011 0.9828
vt 0.2578 0.9828
vt 0.2578 0.9737
vt 0.2011 0.9737
vt 0.2578 0.9783
vt 0.2011 0.9737
vt 0.2011 0.9783
vt 0.2578 0.9783
vt 0.5073 0.0197
vt 0.5073 0.1111
vt 0.5127 0.0197
vt 0.5073 0.1111
vt 0.5127 0.1111
vt 0.5127 0.0197
vt 0.1797 0.6312
vt 0.1779 0.6245
vt 0.1777 0.6313
vt 0.1777 0.6313
vt 0.1779 0.6245
vt 0.1762 0.6256
vt 0.1762 0.6256
vt 0.175 0.6266
vt 0.1777 0.6313
vt 0.1777 0.6313
vt 0.175 0.6266
vt 0.1764 0.6316
vt 0.175 0.6266
vt 0.1743 0.6275
vt 0.1764 0.6316
vt 0.1743 0.6275
vt 0.1755 0.6321
vt 0.1764 0.6316
vt 0.4832 0.9665
vt 0.4814 0.9674
vt 0.4832 0.9712
vt 0.4814 0.9719
vt 0.4832 0.9712
vt 0.4814 0.9674
vt 0.1779 0.6245
vt 0.173 0.6196
vt 0.1762 0.6256
vt 0.172 0.6214
vt 0.1762 0.6256
vt 0.173 0.6196
vt 0.172 0.6214
vt 0.1713 0.6229
vt 0.1762 0.6256
vt 0.175 0.6266
vt 0.1762 0.6256
vt 0.1713 0.6229
vt 0.1713 0.6229
vt 0.1709 0.6241
vt 0.175 0.6266
vt 0.1743 0.6275
vt 0.175 0.6266
vt 0.1709 0.6241
vt 0.4924 0.1396
vt 0.4926 0.1367
vt 0.4868 0.1396
vt 0.4872 0.1367
vt 0.4868 0.1396
vt 0.4926 0.1367
vt 0.173 0.6196
vt 0.1663 0.6178
vt 0.172 0.6214
vt 0.1663 0.6178
vt 0.1663 0.6199
vt 0.172 0.6214
vt 0.1663 0.6199
vt 0.1663 0.6215
vt 0.172 0.6214
vt 0.172 0.6214
vt 0.1663 0.6215
vt 0.1713 0.6229
vt 0.1663 0.6215
vt 0.1663 0.6229
vt 0.1713 0.6229
vt 0.1713 0.6229
vt 0.1663 0.6229
vt 0.1709 0.6241
vt 0.5 0.1396
vt 0.5 0.1367
vt 0.4924 0.1396
vt 0.4924 0.1396
vt 0.5 0.1367
vt 0.4926 0.1367
vt 0.1663 0.6178
vt 0.1596 0.6196
vt 0.1663 0.6199
vt 0.1596 0.6196
vt 0.1606 0.6214
vt 0.1663 0.6199
vt 0.1663 0.6199
vt 0.1606 0.6214
vt 0.1663 0.6215
vt 0.1613 0.6229
vt 0.1663 0.6215
vt 0.1606 0.6214
vt 0.1663 0.6215
vt 0.1613 0.6229
vt 0.1663 0.6229
vt 0.1617 0.6241
vt 0.1663 0.6229
vt 0.1613 0.6229
vt 0.5 0.1367
vt 0.5 0.1396
vt 0.5073 0.1367
vt 0.5 0.1396
vt 0.5076 0.1396
vt 0.5073 0.1367
vt 0.1596 0.6196
vt 0.1547 0.6245
vt 0.1606 0.6214
vt 0.1547 0.6245
vt 0.1564 0.6256
vt 0.1606 0.6214
vt 0.1606 0.6214
vt 0.1564 0.6256
vt 0.1613 0.6229
vt 0.1613 0.6229
vt 0.1564 0.6256
vt 0.1576 0.6266
vt 0.1613 0.6229
vt 0.1576 0.6266
vt 0.1617 0.6241
vt 0.1576 0.6266
vt 0.1583 0.6275
vt 0.1617 0.6241
vt 0.5127 0.1367
vt 0.5073 0.1367
vt 0.5131 0.1396
vt 0.5073 0.1367
vt 0.5076 0.1396
vt 0.5131 0.1396
vt 0.1547 0.6245
vt 0.1529 0.6312
vt 0.1564 0.6256
vt 0.1564 0.6256
vt 0.1529 0.6312
vt 0.1549 0.6313
vt 0.1564 0.6256
vt 0.1549 0.6313
vt 0.1576 0.6266
vt 0.1562 0.6316
vt 0.1576 0.6266
vt 0.1549 0.6313
vt 0.1576 0.6266
vt 0.1562 0.6316
vt 0.1583 0.6275
vt 0.1583 0.6275
vt 0.1562 0.6316
vt 0.1571 0.6321
vt 0.1853 0.9719
vt 0.1853 0.9674
vt 0.1835 0.9712
vt 0.1853 0.9674
vt 0.1835 0.9665
vt 0.1835 0.9712
vt 0.1529 0.6312
vt 0.1547 0.6379
vt 0.1549 0.6313
vt 0.1547 0.6379
vt 0.1564 0.637
vt 0.1549 0.6313
vt 0.1549 0.6313
vt 0.1564 0.637
vt 0.1562 0.6316
vt 0.1576 0.6366
vt 0.1562 0.6316
vt 0.1564 0.637
vt 0.1822 0.9707
vt 0.1822 0.9758
vt 0.1835 0.9712
vt 0.1835 0.9759
vt 0.1835 0.9712
vt 0.1822 0.9758
vt 0.1853 0.9765
vt 0.1853 0.9719
vt 0.1835 0.9759
vt 0.1853 0.9719
vt 0.1835 0.9712
vt 0.1835 0.9759
vt 0.1547 0.6379
vt 0.1596 0.6428
vt 0.1564 0.637
vt 0.1596 0.6428
vt 0.1606 0.6412
vt 0.1564 0.637
vt 0.1564 0.637
vt 0.1606 0.6412
vt 0.1576 0.6366
vt 0.1613 0.6403
vt 0.1576 0.6366
vt 0.1606 0.6412
vt 0.5143 0.5251
vt 0.5083 0.5251
vt 0.5131 0.5271
vt 0.5083 0.5251
vt 0.5076 0.5271
vt 0.5131 0.5271
vt 0.5131 0.5271
vt 0.5076 0.5271
vt 0.5127 0.53
vt 0.5127 0.53
vt 0.5076 0.5271
vt 0.5073 0.53
vt 0.1596 0.6428
vt 0.1663 0.6446
vt 0.1606 0.6412
vt 0.1663 0.6427
vt 0.1606 0.6412
vt 0.1663 0.6446
vt 0.1606 0.6412
vt 0.1663 0.6427
vt 0.1613 0.6403
vt 0.1663 0.6417
vt 0.1613 0.6403
vt 0.1663 0.6427
vt 0.5083 0.5251
vt 0.5 0.5251
vt 0.5076 0.5271
vt 0.5 0.5251
vt 0.5 0.5271
vt 0.5076 0.5271
vt 0.5076 0.5271
vt 0.5 0.5271
vt 0.5073 0.53
vt 0.5073 0.53
vt 0.5 0.5271
vt 0.5 0.53
vt 0.173 0.6428
vt 0.172 0.6412
vt 0.1663 0.6446
vt 0.1663 0.6446
vt 0.172 0.6412
vt 0.1663 0.6427
vt 0.172 0.6412
vt 0.1713 0.6403
vt 0.1663 0.6427
vt 0.1663 0.6427
vt 0.1713 0.6403
vt 0.1663 0.6417
vt 0.4917 0.5251
vt 0.4924 0.5271
vt 0.5 0.5251
vt 0.5 0.5251
vt 0.4924 0.5271
vt 0.5 0.5271
vt 0.4924 0.5271
vt 0.4926 0.53
vt 0.5 0.5271
vt 0.4926 0.53
vt 0.5 0.53
vt 0.5 0.5271
vt 0.1779 0.6379
vt 0.1762 0.637
vt 0.173 0.6428
vt 0.172 0.6412
vt 0.173 0.6428
vt 0.1762 0.637
vt 0.1762 0.637
vt 0.175 0.6366
vt 0.172 0.6412
vt 0.172 0.6412
vt 0.175 0.6366
vt 0.1713 0.6403
vt 0.4857 0.5251
vt 0.4868 0.5271
vt 0.4917 0.5251
vt 0.4924 0.5271
vt 0.4917 0.5251
vt 0.4868 0.5271
vt 0.4868 0.5271
vt 0.4872 0.53
vt 0.4924 0.5271
vt 0.4872 0.53
vt 0.4926 0.53
vt 0.4924 0.5271
vt 0.1797 0.6312
vt 0.1777 0.6313
vt 0.1779 0.6379
vt 0.1762 0.637
vt 0.1779 0.6379
vt 0.1777 0.6313
vt 0.1777 0.6313
vt 0.1764 0.6316
vt 0.1762 0.637
vt 0.1762 0.637
vt 0.1764 0.6316
vt 0.175 0.6366
vt 0.4845 0.9707
vt 0.4832 0.9712
vt 0.4845 0.9758
vt 0.4845 0.9758
vt 0.4832 0.9712
vt 0.4832 0.9759
vt 0.4832 0.9712
vt 0.4814 0.9719
vt 0.4832 0.9759
vt 0.4814 0.9719
vt 0.4814 0.9765
vt 0.4832 0.9759
vt 0.1711 0.6418
vt 0.1718 0.639
vt 0.1691 0.6438
vt 0.1718 0.639
vt 0.1711 0.6363
vt 0.1691 0.6438
vt 0.1711 0.6363
vt 0.1691 0.6343
vt 0.1691 0.6438
vt 0.1691 0.6343
vt 0.1663 0.6335
vt 0.1691 0.6438
vt 0.1663 0.6335
vt 0.1635 0.6342
vt 0.1691 0.6438
vt 0.1635 0.6342
vt 0.1615 0.6363
vt 0.1691 0.6438
vt 0.1615 0.6363
vt 0.1608 0.639
vt 0.1691 0.6438
vt 0.1608 0.639
vt 0.1615 0.6418
vt 0.1691 0.6438
vt 0.1615 0.6418
vt 0.1635 0.6438
vt 0.1691 0.6438
vt 0.1663 0.6445
vt 0.1691 0.6438
vt 0.1635 0.6438
vt 0.4926 0.647
vt 0.4872 0.647
vt 0.4929 0.65
vt 0.4878 0.65
vt 0.4929 0.65
vt 0.4872 0.647
vt 0.1727 0.6427
vt 0.17 0.6454
vt 0.1737 0.6433
vt 0.1706 0.6464
vt 0.1737 0.6433
vt 0.17 0.6454
vt 0.1711 0.6418
vt 0.1691 0.6438
vt 0.1727 0.6427
vt 0.1727 0.6427
vt 0.1691 0.6438
vt 0.17 0.6454
vt 0.5 0.647
vt 0.4926 0.647
vt 0.5 0.65
vt 0.4926 0.647
vt 0.4929 0.65
vt 0.5 0.65
vt 0.17 0.6454
vt 0.1663 0.6464
vt 0.1706 0.6464
vt 0.1663 0.6476
vt 0.1706 0.6464
vt 0.1663 0.6464
vt 0.1691 0.6438
vt 0.1663 0.6445
vt 0.17 0.6454
vt 0.17 0.6454
vt 0.1663 0.6445
vt 0.1663 0.6464
vt 0.5073 0.647
vt 0.5 0.647
vt 0.507 0.65
vt 0.5 0.65
vt 0.507 0.65
vt 0.5 0.647
vt 0.1663 0.6464
vt 0.1626 0.6454
vt 0.1663 0.6476
vt 0.162 0.6464
vt 0.1663 0.6476
vt 0.1626 0.6454
vt 0.1663 0.6445
vt 0.1635 0.6438
vt 0.1663 0.6464
vt 0.1663 0.6464
vt 0.1635 0.6438
vt 0.1626 0.6454
vt 0.5127 0.647
vt 0.5073 0.647
vt 0.5122 0.65
vt 0.507 0.65
vt 0.5122 0.65
vt 0.5073 0.647
vt 0.1626 0.6454
vt 0.1599 0.6427
vt 0.162 0.6464
vt 0.1589 0.6433
vt 0.162 0.6464
vt 0.1599 0.6427
vt 0.1635 0.6438
vt 0.1615 0.6418
vt 0.1626 0.6454
vt 0.1626 0.6454
vt 0.1615 0.6418
vt 0.1599 0.6427
vt 0.2578 0.9783
vt 0.2578 0.9828
vt 0.2597 0.9783
vt 0.2597 0.9826
vt 0.2597 0.9783
vt 0.2578 0.9828
vt 0.1599 0.6427
vt 0.1589 0.639
vt 0.1589 0.6433
vt 0.1577 0.639
vt 0.1589 0.6433
vt 0.1589 0.639
vt 0.1615 0.6418
vt 0.1608 0.639
vt 0.1599 0.6427
vt 0.1599 0.6427
vt 0.1608 0.639
vt 0.1589 0.639
vt 0.2578 0.9737
vt 0.2578 0.9783
vt 0.2597 0.9739
vt 0.2597 0.9783
vt 0.2597 0.9739
vt 0.2578 0.9783
vt 0.1589 0.639
vt 0.1599 0.6353
vt 0.1577 0.639
vt 0.1589 0.6347
vt 0.1577 0.639
vt 0.1599 0.6353
vt 0.1608 0.639
vt 0.1615 0.6363
vt 0.1589 0.639
vt 0.1589 0.639
vt 0.1615 0.6363
vt 0.1599 0.6353
vt 0.5073 0.0197
vt 0.5127 0.0197
vt 0.507 0.0167
vt 0.5122 0.0167
vt 0.507 0.0167
vt 0.5127 0.0197
vt 0.1599 0.6353
vt 0.1626 0.6326
vt 0.1589 0.6347
vt 0.162 0.6316
vt 0.1589 0.6347
vt 0.1626 0.6326
vt 0.1615 0.6363
vt 0.1635 0.6342
vt 0.1599 0.6353
vt 0.1599 0.6353
vt 0.1635 0.6342
vt 0.1626 0.6326
vt 0.5 0.0197
vt 0.5073 0.0197
vt 0.5 0.0167
vt 0.507 0.0167
vt 0.5 0.0167
vt 0.5073 0.0197
vt 0.1626 0.6326
vt 0.1663 0.6316
vt 0.162 0.6316
vt 0.1663 0.6305
vt 0.162 0.6316
vt 0.1663 0.6316
vt 0.1635 0.6342
vt 0.1663 0.6335
vt 0.1626 0.6326
vt 0.1626 0.6326
vt 0.1663 0.6335
vt 0.1663 0.6316
vt 0.4926 0.0197
vt 0.5 0.0197
vt 0.4929 0.0167
vt 0.5 0.0167
vt 0.4929 0.0167
vt 0.5 0.0197
vt 0.1663 0.6316
vt 0.17 0.6326
vt 0.1663 0.6305
vt 0.1706 0.6316
vt 0.1663 0.6305
vt 0.17 0.6326
vt 0.1663 0.6335
vt 0.1691 0.6343
vt 0.1663 0.6316
vt 0.1663 0.6316
vt 0.1691 0.6343
vt 0.17 0.6326
vt 0.4872 0.0197
vt 0.4926 0.0197
vt 0.4878 0.0167
vt 0.4929 0.0167
vt 0.4878 0.0167
vt 0.4926 0.0197
vt 0.17 0.6326
vt 0.1727 0.6353
vt 0.1706 0.6316
vt 0.1737 0.6347
vt 0.1706 0.6316
vt 0.1727 0.6353
vt 0.1691 0.6343
vt 0.1711 0.6363
vt 0.17 0.6326
vt 0.17 0.6326
vt 0.1711 0.6363
vt 0.1727 0.6353
vt 0.4088 0.9783
vt 0.4088 0.9737
vt 0.4069 0.9783
vt 0.4069 0.9739
vt 0.4069 0.9783
vt 0.4088 0.9737
vt 0.1727 0.6353
vt 0.1737 0.639
vt 0.1737 0.6347
vt 0.1749 0.639
vt 0.1737 0.6347
vt 0.1737 0.639
vt 0.1711 0.6363
vt 0.1718 0.639
vt 0.1727 0.6353
vt 0.1727 0.6353
vt 0.1718 0.639
vt 0.1737 0.639
vt 0.4088 0.9828
vt 0.4088 0.9783
vt 0.4069 0.9826
vt 0.4069 0.9783
vt 0.4069 0.9826
vt 0.4088 0.9783
vt 0.1737 0.639
vt 0.1727 0.6427
vt 0.1749 0.639
vt 0.1737 0.6433
vt 0.1749 0.639
vt 0.1727 0.6427
vt 0.1718 0.639
vt 0.1711 0.6418
vt 0.1737 0.639
vt 0.1737 0.639
vt 0.1711 0.6418
vt 0.1727 0.6427
vt 0.4591 0.9833
vt 0.4591 0.9821
vt 0.4142 0.9833
vt 0.4591 0.9821
vt 0.4142 0.9821
vt 0.4142 0.9833
vt 0.4838 0.5659
vt 0.4838 0.6383
vt 0.4849 0.5659
vt 0.4849 0.6383
vt 0.4849 0.5659
vt 0.4838 0.6383
vt 0.4862 0.5659
vt 0.4849 0.5659
vt 0.4862 0.6383
vt 0.4849 0.5659
vt 0.4849 0.6383
vt 0.4862 0.6383
vt 0.4901 0.5659
vt 0.4885 0.5659
vt 0.4901 0.6383
vt 0.4885 0.5659
vt 0.4885 0.6383
vt 0.4901 0.6383
vt 0.4901 0.5659
vt 0.4901 0.6383
vt 0.4918 0.5659
vt 0.4918 0.6383
vt 0.4918 0.5659
vt 0.4901 0.6383
vt 0.4938 0.5659
vt 0.4918 0.5659
vt 0.4938 0.6383
vt 0.4918 0.5659
vt 0.4918 0.6383
vt 0.4938 0.6383
vt 0.499 0.5659
vt 0.4969 0.5659
vt 0.499 0.6383
vt 0.4969 0.5659
vt 0.4969 0.6383
vt 0.499 0.6383
vt 0.499 0.5659
vt 0.499 0.6383
vt 0.501 0.5659
vt 0.501 0.6383
vt 0.501 0.5659
vt 0.499 0.6383
vt 0.503 0.5659
vt 0.501 0.5659
vt 0.503 0.6383
vt 0.501 0.5659
vt 0.501 0.6383
vt 0.503 0.6383
vt 0.5081 0.5659
vt 0.5062 0.5659
vt 0.5081 0.6383
vt 0.5062 0.5659
vt 0.5062 0.6383
vt 0.5081 0.6383
vt 0.5081 0.5659
vt 0.5081 0.6383
vt 0.5099 0.5659
vt 0.5099 0.6383
vt 0.5099 0.5659
vt 0.5081 0.6383
vt 0.5115 0.5659
vt 0.5099 0.5659
vt 0.5115 0.6383
vt 0.5099 0.5659
vt 0.5099 0.6383
vt 0.5115 0.6383
vt 0.5151 0.5659
vt 0.5138 0.5659
vt 0.5151 0.6383
vt 0.5138 0.5659
vt 0.5138 0.6383
vt 0.5151 0.6383
vt 0.5151 0.5659
vt 0.5151 0.6383
vt 0.5161 0.5659
vt 0.5161 0.6383
vt 0.5161 0.5659
vt 0.5151 0.6383
vt 0.2076 0.9821
vt 0.2076 0.9833
vt 0.2525 0.9821
vt 0.2076 0.9833
vt 0.2525 0.9833
vt 0.2525 0.9821
vt 0.2076 0.9789
vt 0.2076 0.9802
vt 0.2525 0.9789
vt 0.2076 0.9802
vt 0.2525 0.9802
vt 0.2525 0.9789
vt 0.2076 0.9789
vt 0.2525 0.9789
vt 0.2076 0.9776
vt 0.2525 0.9776
vt 0.2076 0.9776
vt 0.2525 0.9789
vt 0.2076 0.9764
vt 0.2076 0.9776
vt 0.2525 0.9764
vt 0.2076 0.9776
vt 0.2525 0.9776
vt 0.2525 0.9764
vt 0.2076 0.9732
vt 0.2076 0.9744
vt 0.2525 0.9732
vt 0.2076 0.9744
vt 0.2525 0.9744
vt 0.2525 0.9732
vt 0.5161 0.1007
vt 0.5161 0.0283
vt 0.5151 0.1007
vt 0.5151 0.0283
vt 0.5151 0.1007
vt 0.5161 0.0283
vt 0.5138 0.1007
vt 0.5151 0.1007
vt 0.5138 0.0283
vt 0.5151 0.1007
vt 0.5151 0.0283
vt 0.5138 0.0283
vt 0.5081 0.0283
vt 0.5062 0.0283
vt 0.5081 0.1007
vt 0.5062 0.0283
vt 0.5062 0.1007
vt 0.5081 0.1007
vt 0.5081 0.0283
vt 0.5081 0.1007
vt 0.5099 0.0283
vt 0.5099 0.1007
vt 0.5099 0.0283
vt 0.5081 0.1007
vt 0.5115 0.0283
vt 0.5099 0.0283
vt 0.5115 0.1007
vt 0.5099 0.0283
vt 0.5099 0.1007
vt 0.5115 0.1007
vt 0.501 0.1007
vt 0.503 0.1007
vt 0.501 0.0283
vt 0.503 0.1007
vt 0.503 0.0283
vt 0.501 0.0283
vt 0.501 0.1007
vt 0.501 0.0283
vt 0.499 0.1007
vt 0.499 0.0283
vt 0.499 0.1007
vt 0.501 0.0283
vt 0.4969 0.1007
vt 0.499 0.1007
vt 0.4969 0.0283
vt 0.499 0.1007
vt 0.499 0.0283
vt 0.4969 0.0283
vt 0.4918 0.1007
vt 0.4938 0.1007
vt 0.4918 0.0283
vt 0.4938 0.1007
vt 0.4938 0.0283
vt 0.4918 0.0283
vt 0.4918 0.1007
vt 0.4918 0.0283
vt 0.4901 0.1007
vt 0.4901 0.0283
vt 0.4901 0.1007
vt 0.4918 0.0283
vt 0.4885 0.1007
vt 0.4901 0.1007
vt 0.4885 0.0283
vt 0.4901 0.1007
vt 0.4901 0.0283
vt 0.4885 0.0283
vt 0.4849 0.1007
vt 0.4862 0.1007
vt 0.4849 0.0283
vt 0.4862 0.1007
vt 0.4862 0.0283
vt 0.4849 0.0283
vt 0.4849 0.1007
vt 0.4849 0.0283
vt 0.4838 0.1007
vt 0.4838 0.0283
vt 0.4838 0.1007
vt 0.4849 0.0283
vt 0.4591 0.9744
vt 0.4591 0.9732
vt 0.4142 0.9744
vt 0.4591 0.9732
vt 0.4142 0.9732
vt 0.4142 0.9744
vt 0.4591 0.9776
vt 0.4591 0.9764
vt 0.4142 0.9776
vt 0.4591 0.9764
vt 0.4142 0.9764
vt 0.4142 0.9776
vt 0.4591 0.9776
vt 0.4142 0.9776
vt 0.4591 0.9789
vt 0.4142 0.9789
vt 0.4591 0.9789
vt 0.4142 0.9776
vt 0.4591 0.9802
vt 0.4591 0.9789
vt 0.4142 0.9802
vt 0.4591 0.9789
vt 0.4142 0.9789
vt 0.4142 0.9802
vt 0.1765 0.6428
vt 0.1663 0.639
vt 0.1761 0.644
vt 0.1663 0.639
vt 0.1747 0.646
vt 0.1761 0.644
vt 0.1761 0.644
vt 0.1747 0.646
vt 0.1755 0.645
vt 0.1586 0.3127
vt 0.1589 0.3104
vt 0.1578 0.3117
vt 0.1589 0.3104
vt 0.1568 0.3095
vt 0.1578 0.3117
vt 0.1578 0.3117
vt 0.1568 0.3095
vt 0.1572 0.3106
vt 0.1733 0.6474
vt 0.1663 0.639
vt 0.1723 0.6482
vt 0.1663 0.639
vt 0.1701 0.6493
vt 0.1723 0.6482
vt 0.1723 0.6482
vt 0.1701 0.6493
vt 0.1713 0.6488
vt 0.1633 0.3159
vt 0.1624 0.3138
vt 0.1621 0.3155
vt 0.1624 0.3138
vt 0.1601 0.3141
vt 0.1621 0.3155
vt 0.1621 0.3155
vt 0.1601 0.3141
vt 0.161 0.3149
vt 0.1681 0.6498
vt 0.1663 0.639
vt 0.1669 0.65
vt 0.1663 0.639
vt 0.1645 0.6498
vt 0.1669 0.65
vt 0.1669 0.65
vt 0.1645 0.6498
vt 0.1657 0.65
vt 0.1689 0.3164
vt 0.167 0.315
vt 0.1677 0.3167
vt 0.167 0.315
vt 0.1652 0.3164
vt 0.1677 0.3167
vt 0.1677 0.3167
vt 0.1652 0.3164
vt 0.1664 0.3167
vt 0.1625 0.6493
vt 0.1663 0.639
vt 0.1613 0.6488
vt 0.1663 0.639
vt 0.1593 0.6474
vt 0.1613 0.6488
vt 0.1613 0.6488
vt 0.1593 0.6474
vt 0.1603 0.6482
vt 0.174 0.3141
vt 0.1717 0.3138
vt 0.1731 0.3149
vt 0.1717 0.3138
vt 0.1708 0.3159
vt 0.1731 0.3149
vt 0.1731 0.3149
vt 0.1708 0.3159
vt 0.172 0.3155
vt 0.1579 0.646
vt 0.1663 0.639
vt 0.1571 0.645
vt 0.1663 0.639
vt 0.1561 0.6428
vt 0.1571 0.645
vt 0.1571 0.645
vt 0.1561 0.6428
vt 0.1565 0.644
vt 0.1773 0.3095
vt 0.1751 0.3104
vt 0.1769 0.3106
vt 0.1751 0.3104
vt 0.1754 0.3127
vt 0.1769 0.3106
vt 0.1769 0.3106
vt 0.1754 0.3127
vt 0.1762 0.3117
vt 0.1555 0.6409
vt 0.1663 0.639
vt 0.1553 0.6396
vt 0.1663 0.639
vt 0.1555 0.6372
vt 0.1553 0.6396
vt 0.1553 0.6396
vt 0.1555 0.6372
vt 0.1553 0.6384
vt 0.1778 0.3038
vt 0.1764 0.3057
vt 0.178 0.3051
vt 0.1764 0.3057
vt 0.1778 0.3075
vt 0.178 0.3051
vt 0.178 0.3051
vt 0.1778 0.3075
vt 0.178 0.3063
vt 0.1561 0.6352
vt 0.1663 0.639
vt 0.1565 0.6341
vt 0.1663 0.639
vt 0.1579 0.632
vt 0.1565 0.6341
vt 0.1565 0.6341
vt 0.1579 0.632
vt 0.1571 0.633
vt 0.1754 0.2987
vt 0.1751 0.301
vt 0.1762 0.2997
vt 0.1751 0.301
vt 0.1773 0.3019
vt 0.1762 0.2997
vt 0.1762 0.2997
vt 0.1773 0.3019
vt 0.1769 0.3007
vt 0.1593 0.6306
vt 0.1663 0.639
vt 0.1603 0.6298
vt 0.1663 0.639
vt 0.1625 0.6288
vt 0.1603 0.6298
vt 0.1603 0.6298
vt 0.1625 0.6288
vt 0.1613 0.6292
vt 0.1708 0.2954
vt 0.1717 0.2976
vt 0.172 0.2959
vt 0.1717 0.2976
vt 0.174 0.2973
vt 0.172 0.2959
vt 0.172 0.2959
vt 0.174 0.2973
vt 0.1731 0.2965
vt 0.1645 0.6283
vt 0.1663 0.639
vt 0.1657 0.628
vt 0.1663 0.639
vt 0.1681 0.6283
vt 0.1657 0.628
vt 0.1657 0.628
vt 0.1681 0.6283
vt 0.1669 0.628
vt 0.1652 0.2949
vt 0.167 0.2963
vt 0.1664 0.2947
vt 0.167 0.2963
vt 0.1689 0.2949
vt 0.1664 0.2947
vt 0.1664 0.2947
vt 0.1689 0.2949
vt 0.1677 0.2947
vt 0.1701 0.6288
vt 0.1663 0.639
vt 0.1713 0.6292
vt 0.1663 0.639
vt 0.1733 0.6306
vt 0.1713 0.6292
vt 0.1713 0.6292
vt 0.1733 0.6306
vt 0.1723 0.6298
vt 0.1601 0.2973
vt 0.1624 0.2976
vt 0.161 0.2965
vt 0.1624 0.2976
vt 0.1633 0.2954
vt 0.161 0.2965
vt 0.161 0.2965
vt 0.1633 0.2954
vt 0.1621 0.2959
vt 0.1747 0.632
vt 0.1663 0.639
vt 0.1755 0.633
vt 0.1663 0.639
vt 0.1765 0.6352
vt 0.1755 0.633
vt 0.1755 0.633
vt 0.1765 0.6352
vt 0.1761 0.6341
vt 0.1568 0.3019
vt 0.1589 0.301
vt 0.1572 0.3007
vt 0.1589 0.301
vt 0.1586 0.2987
vt 0.1572 0.3007
vt 0.1572 0.3007
vt 0.1586 0.2987
vt 0.1578 0.2997
vt 0.1771 0.6372
vt 0.1663 0.639
vt 0.1773 0.6384
vt 0.1663 0.639
vt 0.1771 0.6409
vt 0.1773 0.6384
vt 0.1773 0.6384
vt 0.1771 0.6409
vt 0.1773 0.6396
vt 0.1563 0.3075
vt 0.1577 0.3057
vt 0.1561 0.3063
vt 0.1577 0.3057
vt 0.1563 0.3038
vt 0.1561 0.3063
vt 0.1561 0.3063
vt 0.1563 0.3038
vt 0.1561 0.3051
vt 0.4885 0.6383
vt 0.4885 0.5659
vt 0.4862 0.6383
vt 0.4885 0.5659
vt 0.4862 0.5659
vt 0.4862 0.6383
vt 0.1733 0.6474
vt 0.1747 0.646
vt 0.1663 0.639
vt 0.1765 0.6428
vt 0.1771 0.6409
vt 0.1663 0.639
vt 0.4591 0.9821
vt 0.4591 0.9802
vt 0.4142 0.9821
vt 0.4591 0.9802
vt 0.4142 0.9802
vt 0.4142 0.9821
vt 0.1577 0.3057
vt 0.1563 0.3075
vt 0.167 0.3057
vt 0.1563 0.3075
vt 0.1568 0.3095
vt 0.167 0.3057
vt 0.1568 0.3095
vt 0.1589 0.3104
vt 0.167 0.3057
vt 0.1589 0.3104
vt 0.1586 0.3127
vt 0.167 0.3057
vt 0.1586 0.3127
vt 0.1601 0.3141
vt 0.167 0.3057
vt 0.1601 0.3141
vt 0.1624 0.3138
vt 0.167 0.3057
vt 0.4969 0.5659
vt 0.4938 0.5659
vt 0.4969 0.6383
vt 0.4938 0.5659
vt 0.4938 0.6383
vt 0.4969 0.6383
vt 0.1681 0.6498
vt 0.1701 0.6493
vt 0.1663 0.639
vt 0.1624 0.3138
vt 0.1633 0.3159
vt 0.167 0.3057
vt 0.1633 0.3159
vt 0.1652 0.3164
vt 0.167 0.3057
vt 0.1652 0.3164
vt 0.167 0.315
vt 0.167 0.3057
vt 0.5062 0.6383
vt 0.5062 0.5659
vt 0.503 0.6383
vt 0.5062 0.5659
vt 0.503 0.5659
vt 0.503 0.6383
vt 0.1625 0.6493
vt 0.1645 0.6498
vt 0.1663 0.639
vt 0.167 0.315
vt 0.1689 0.3164
vt 0.167 0.3057
vt 0.1689 0.3164
vt 0.1708 0.3159
vt 0.167 0.3057
vt 0.1708 0.3159
vt 0.1717 0.3138
vt 0.167 0.3057
vt 0.5138 0.6383
vt 0.5138 0.5659
vt 0.5115 0.6383
vt 0.5138 0.5659
vt 0.5115 0.5659
vt 0.5115 0.6383
vt 0.1579 0.646
vt 0.1593 0.6474
vt 0.1663 0.639
vt 0.1717 0.3138
vt 0.174 0.3141
vt 0.167 0.3057
vt 0.174 0.3141
vt 0.1754 0.3127
vt 0.167 0.3057
vt 0.1754 0.3127
vt 0.1751 0.3104
vt 0.167 0.3057
vt 0.2525 0.9802
vt 0.2076 0.9802
vt 0.2525 0.9821
vt 0.2076 0.9802
vt 0.2076 0.9821
vt 0.2525 0.9821
vt 0.1555 0.6409
vt 0.1561 0.6428
vt 0.1663 0.639
vt 0.1751 0.3104
vt 0.1773 0.3095
vt 0.167 0.3057
vt 0.1773 0.3095
vt 0.1778 0.3075
vt 0.167 0.3057
vt 0.1778 0.3075
vt 0.1764 0.3057
vt 0.167 0.3057
vt 0.2525 0.9744
vt 0.2076 0.9744
vt 0.2525 0.9764
vt 0.2076 0.9744
vt 0.2076 0.9764
vt 0.2525 0.9764
vt 0.1561 0.6352
vt 0.1555 0.6372
vt 0.1663 0.639
vt 0.1764 0.3057
vt 0.1778 0.3038
vt 0.167 0.3057
vt 0.1778 0.3038
vt 0.1773 0.3019
vt 0.167 0.3057
vt 0.1773 0.3019
vt 0.1751 0.301
vt 0.167 0.3057
vt 0.5115 0.1007
vt 0.5138 0.1007
vt 0.5115 0.0283
vt 0.5138 0.1007
vt 0.5138 0.0283
vt 0.5115 0.0283
vt 0.1593 0.6306
vt 0.1579 0.632
vt 0.1663 0.639
vt 0.1751 0.301
vt 0.1754 0.2987
vt 0.167 0.3057
vt 0.1754 0.2987
vt 0.174 0.2973
vt 0.167 0.3057
vt 0.174 0.2973
vt 0.1717 0.2976
vt 0.167 0.3057
vt 0.503 0.0283
vt 0.503 0.1007
vt 0.5062 0.0283
vt 0.503 0.1007
vt 0.5062 0.1007
vt 0.5062 0.0283
vt 0.1645 0.6283
vt 0.1625 0.6288
vt 0.1663 0.639
vt 0.1717 0.2976
vt 0.1708 0.2954
vt 0.167 0.3057
vt 0.1708 0.2954
vt 0.1689 0.2949
vt 0.167 0.3057
vt 0.1689 0.2949
vt 0.167 0.2963
vt 0.167 0.3057
vt 0.4938 0.1007
vt 0.4969 0.1007
vt 0.4938 0.0283
vt 0.4969 0.1007
vt 0.4969 0.0283
vt 0.4938 0.0283
vt 0.1701 0.6288
vt 0.1681 0.6283
vt 0.1663 0.639
vt 0.167 0.2963
vt 0.1652 0.2949
vt 0.167 0.3057
vt 0.1652 0.2949
vt 0.1633 0.2954
vt 0.167 0.3057
vt 0.1633 0.2954
vt 0.1624 0.2976
vt 0.167 0.3057
vt 0.4862 0.0283
vt 0.4862 0.1007
vt 0.4885 0.0283
vt 0.4862 0.1007
vt 0.4885 0.1007
vt 0.4885 0.0283
vt 0.1747 0.632
vt 0.1733 0.6306
vt 0.1663 0.639
vt 0.1624 0.2976
vt 0.1601 0.2973
vt 0.167 0.3057
vt 0.1601 0.2973
vt 0.1586 0.2987
vt 0.167 0.3057
vt 0.1586 0.2987
vt 0.1589 0.301
vt 0.167 0.3057
vt 0.4591 0.9764
vt 0.4591 0.9744
vt 0.4142 0.9764
vt 0.4591 0.9744
vt 0.4142 0.9744
vt 0.4142 0.9764
vt 0.1771 0.6372
vt 0.1765 0.6352
vt 0.1663 0.639
vt 0.1589 0.301
vt 0.1568 0.3019
vt 0.167 0.3057
vt 0.1568 0.3019
vt 0.1563 0.3038
vt 0.167 0.3057
vt 0.1563 0.3038
vt 0.1577 0.3057
vt 0.167 0.3057
vt 0.4908 0.818
vt 0.4908 0.8261
vt 0.4946 0.818
vt 0.4908 0.8261
vt 0.4946 0.8261
vt 0.4946 0.818
vt 0.4908 0.818
vt 0.4878 0.818
vt 0.4908 0.8261
vt 0.4878 0.818
vt 0.4878 0.8261
vt 0.4908 0.8261
vt 0.181 0.482
vt 0.1789 0.482
vt 0.181 0.4899
vt 0.1789 0.482
vt 0.1789 0.4899
vt 0.181 0.4899
vt 0.1789 0.482
vt 0.176 0.482
vt 0.1789 0.4899
vt 0.176 0.482
vt 0.176 0.4899
vt 0.1789 0.4899
vt 0.176 0.482
vt 0.1723 0.482
vt 0.176 0.4899
vt 0.1723 0.482
vt 0.1723 0.4899
vt 0.176 0.4899
vt 0.1759 0.8261
vt 0.1759 0.818
vt 0.1721 0.8261
vt 0.1759 0.818
vt 0.1721 0.818
vt 0.1721 0.8261
vt 0.1759 0.8261
vt 0.1788 0.8261
vt 0.1759 0.818
vt 0.1788 0.8261
vt 0.1788 0.818
vt 0.1759 0.818
vt 0.1539 0.4899
vt 0.1539 0.482
vt 0.1518 0.4899
vt 0.1539 0.482
vt 0.1518 0.482
vt 0.1518 0.4899
vt 0.1539 0.4899
vt 0.1568 0.4899
vt 0.1539 0.482
vt 0.1568 0.4899
vt 0.1568 0.482
vt 0.1539 0.482
vt 0.1568 0.4899
vt 0.1605 0.4899
vt 0.1568 0.482
vt 0.1605 0.4899
vt 0.1605 0.482
vt 0.1568 0.482
vt 0.1289 0.818
vt 0.1251 0.818
vt 0.1289 0.8261
vt 0.1251 0.818
vt 0.1251 0.8261
vt 0.1289 0.8261
vt 0.1251 0.818
vt 0.1221 0.818
vt 0.1251 0.8261
vt 0.1221 0.818
vt 0.1221 0.8261
vt 0.1251 0.8261
vt 0.1795 0.1486
vt 0.1795 0.1566
vt 0.1815 0.1486
vt 0.1795 0.1566
vt 0.1815 0.1566
vt 0.1815 0.1486
vt 0.1795 0.1486
vt 0.1766 0.1486
vt 0.1795 0.1566
vt 0.1766 0.1486
vt 0.1766 0.1566
vt 0.1795 0.1566
vt 0.1766 0.1486
vt 0.1729 0.1486
vt 0.1766 0.1566
vt 0.1729 0.1486
vt 0.1729 0.1566
vt 0.1766 0.1566
vt 0.5378 0.8261
vt 0.5416 0.8261
vt 0.5378 0.818
vt 0.5416 0.8261
vt 0.5416 0.818
vt 0.5378 0.818
vt 0.5416 0.8261
vt 0.5445 0.8261
vt 0.5416 0.818
vt 0.5445 0.8261
vt 0.5445 0.818
vt 0.5416 0.818
vt 0.1523 0.1566
vt 0.1544 0.1566
vt 0.1523 0.1486
vt 0.1544 0.1566
vt 0.1544 0.1486
vt 0.1523 0.1486
vt 0.1544 0.1566
vt 0.1573 0.1566
vt 0.1544 0.1486
vt 0.1573 0.1566
vt 0.1573 0.1486
vt 0.1544 0.1486
vt 0.1573 0.1566
vt 0.161 0.1566
vt 0.1573 0.1486
vt 0.161 0.1566
vt 0.161 0.1486
vt 0.1573 0.1486
vt 0.1605 0.482
vt 0.1605 0.4899
vt 0.1723 0.482
vt 0.1605 0.4899
vt 0.1723 0.4899
vt 0.1723 0.482
vt 0.4758 0.2385
vt 0.4792 0.2419
vt 0.4738 0.2337
vt 0.4792 0.2419
vt 0.4839 0.2439
vt 0.4738 0.2337
vt 0.5157 0.2439
vt 0.5204 0.2419
vt 0.5096 0.2446
vt 0.5238 0.2385
vt 0.5258 0.2337
vt 0.5204 0.2419
vt 0.5258 0.2337
vt 0.5265 0.2276
vt 0.5204 0.2419
vt 0.5265 0.2276
vt 0.5265 0.1579
vt 0.5204 0.2419
vt 0.5265 0.1579
vt 0.5258 0.1518
vt 0.5204 0.2419
vt 0.5258 0.1518
vt 0.5238 0.1471
vt 0.5204 0.2419
vt 0.5238 0.1471
vt 0.5204 0.1437
vt 0.5204 0.2419
vt 0.5157 0.1416
vt 0.5096 0.141
vt 0.5204 0.1437
vt 0.4839 0.1416
vt 0.4792 0.1437
vt 0.49 0.141
vt 0.4758 0.1471
vt 0.4738 0.1518
vt 0.4792 0.1437
vt 0.4738 0.1518
vt 0.4731 0.1579
vt 0.4792 0.1437
vt 0.4731 0.1579
vt 0.4731 0.2276
vt 0.4792 0.1437
vt 0.4731 0.2276
vt 0.4738 0.2337
vt 0.4792 0.1437
vt 0.4839 0.2439
vt 0.49 0.2446
vt 0.4738 0.2337
vt 0.49 0.2446
vt 0.5096 0.2446
vt 0.4738 0.2337
vt 0.5096 0.2446
vt 0.5204 0.2419
vt 0.4738 0.2337
vt 0.5204 0.1437
vt 0.5096 0.141
vt 0.5204 0.2419
vt 0.5096 0.141
vt 0.49 0.141
vt 0.5204 0.2419
vt 0.49 0.141
vt 0.4792 0.1437
vt 0.5204 0.2419
vt 0.4792 0.1437
vt 0.4738 0.2337
vt 0.5204 0.2419
vt 0.5378 0.8261
vt 0.5378 0.818
vt 0.4946 0.8261
vt 0.5378 0.818
vt 0.4946 0.818
vt 0.4946 0.8261
vt 0.5238 0.4282
vt 0.5204 0.4248
vt 0.5258 0.433
vt 0.5204 0.4248
vt 0.5157 0.4228
vt 0.5258 0.433
vt 0.4839 0.4228
vt 0.4792 0.4248
vt 0.49 0.4221
vt 0.4758 0.4282
vt 0.4738 0.433
vt 0.4792 0.4248
vt 0.4738 0.433
vt 0.4731 0.439
vt 0.4792 0.4248
vt 0.4731 0.439
vt 0.4731 0.5088
vt 0.4792 0.4248
vt 0.4731 0.5088
vt 0.4738 0.5149
vt 0.4792 0.4248
vt 0.4738 0.5149
vt 0.4758 0.5196
vt 0.4792 0.4248
vt 0.4758 0.5196
vt 0.4792 0.523
vt 0.4792 0.4248
vt 0.4839 0.525
vt 0.49 0.5257
vt 0.4792 0.523
vt 0.5157 0.525
vt 0.5204 0.523
vt 0.5096 0.5257
vt 0.5238 0.5196
vt 0.5258 0.5149
vt 0.5204 0.523
vt 0.5258 0.5149
vt 0.5265 0.5088
vt 0.5204 0.523
vt 0.5265 0.5088
vt 0.5265 0.439
vt 0.5204 0.523
vt 0.5265 0.439
vt 0.5258 0.433
vt 0.5204 0.523
vt 0.5157 0.4228
vt 0.5096 0.4221
vt 0.5258 0.433
vt 0.5096 0.4221
vt 0.49 0.4221
vt 0.5258 0.433
vt 0.49 0.4221
vt 0.4792 0.4248
vt 0.5258 0.433
vt 0.4792 0.523
vt 0.49 0.5257
vt 0.4792 0.4248
vt 0.49 0.5257
vt 0.5096 0.5257
vt 0.4792 0.4248
vt 0.5096 0.5257
vt 0.5204 0.523
vt 0.4792 0.4248
vt 0.5204 0.523
vt 0.5258 0.433
vt 0.4792 0.4248
vt 0.1289 0.818
vt 0.1289 0.8261
vt 0.1721 0.818
vt 0.1289 0.8261
vt 0.1721 0.8261
vt 0.1721 0.818
vt 0.161 0.1486
vt 0.161 0.1566
vt 0.1729 0.1486
vt 0.161 0.1566
vt 0.1729 0.1566
vt 0.1729 0.1486
vn 0.0 0.3393 -0.9407
vn 0.0 0.3393 -0.9407
vn 0.0 0.3393 -0.9407
vn 0.0 0.3393 -0.9407
vn 0.0 0.3393 -0.9407
vn 0.0 0.3393 -0.9407
vn 0.0 0.5013 -0.8653
vn 0.0 0.5013 -0.8653
vn 0.0 0.5013 -0.8653
vn 0.0 0.5013 -0.8653
vn 0.0 0.5013 -0.8653
vn 0.0 0.5013 -0.8653
vn 0.0 0.6437 -0.7653
vn 0.0 0.6437 -0.7653
vn 0.0 0.6437 -0.7653
vn 0.0 0.6437 -0.7653
vn 0.0 0.6437 -0.7653
vn 0.0 0.6437 -0.7653
vn 0.0 0.7639 -0.6453
vn 0.0 0.7639 -0.6453
vn 0.0 0.7639 -0.6453
vn 0.0 0.7639 -0.6453
vn 0.0 0.7639 -0.6453
vn 0.0 0.7639 -0.6453
vn 0.0 0.8665 -0.4992
vn 0.0 0.8665 -0.4992
vn 0.0 0.8665 -0.4992
vn 0.0 0.8665 -0.4992
vn 0.0 0.8665 -0.4992
vn 0.0 0.8665 -0.4992
vn 0.0 0.9407 -0.3393
vn 0.0 0.9407 -0.3393
vn 0.0 0.9407 -0.3393
vn 0.0 0.9407 -0.3393
vn 0.0 0.9407 -0.3393
vn 0.0 0.9407 -0.3393
vn 0.0 0.9843 -0.1765
vn 0.0 0.9843 -0.1765
vn 0.0 0.9843 -0.1765
vn 0.0 0.9843 -0.1765
vn 0.0 0.9843 -0.1765
vn 0.0 0.9843 -0.1765
vn 0.0 1.0 0.0
vn 0.0 1.0 0.0
vn 0.0 1.0 0.0
vn 0.0 1.0 0.0
vn 0.0 1.0 0.0
vn 0.0 1.0 0.0
vn 0.0 0.9843 0.1765
vn 0.0 0.9843 0.1765
vn 0.0 0.9843 0.1765
vn 0.0 0.9843 0.1765
vn 0.0 0.9843 0.1765
vn 0.0 0.9843 0.1765
vn 0.0 0.9407 0.3393
vn 0.0 0.9407 0.3393
vn 0.0 0.9407 0.3393
vn 0.0 0.9407 0.3393
vn 0.0 0.9407 0.3393
vn 0.0 0.9407 0.3393
vn 0.0 0.8665 0.4992
vn 0.0 0.8665 0.4992
vn 0.0 0.8665 0.4992
vn 0.0 0.8665 0.4992
vn 0.0 0.8665 0.4992
vn 0.0 0.8665 0.4992
vn 0.0 0.7639 0.6453
vn 0.0 0.7639 0.6453
vn 0.0 0.7639 0.6453
vn 0.0 0.7639 0.6453
vn 0.0 0.7639 0.6453
vn 0.0 0.7639 0.6453
vn 0.0 0.6437 0.7653
vn 0.0 0.6437 0.7653
vn 0.0 0.6437 0.7653
vn 0.0 0.6437 0.7653
vn 0.0 0.6437 0.7653
vn 0.0 0.6437 0.7653
vn 0.0 0.5013 0.8653
vn 0.0 0.5013 0.8653
vn 0.0 0.5013 0.8653
vn 0.0 0.5013 0.8653
vn 0.0 0.5013 0.8653
vn 0.0 0.5013 0.8653
vn 0.0 0.3393 0.9407
vn 0.0 0.3393 0.9407
vn 0.0 0.3393 0.9407
vn 0.0 0.3393 0.9407
vn 0.0 0.3393 0.9407
vn 0.0 0.3393 0.9407
vn 0.0 0.1765 0.9843
vn 0.0 0.1765 0.9843
vn 0.0 0.1765 0.9843
vn 0.0 0.1765 0.9843
vn 0.0 0.1765 0.9843
vn 0.0 0.1765 0.9843
vn 0.0 0.0 1.0
vn 0.0 0.0 1.0
vn 0.0 0.0 1.0
vn 0.0 0.0 1.0
vn 0.0 0.0 1.0
vn 0.0 0.0 1.0
vn 0.0 -0.1769 0.9842
vn 0.0 -0.1769 0.9842
vn 0.0 -0.1769 0.9842
vn 0.0 -0.1769 0.9842
vn 0.0 -0.1769 0.9842
vn 0.0 -0.1769 0.9842
vn 0.0 -0.3393 0.9407
vn 0.0 -0.3393 0.9407
vn 0.0 -0.3393 0.9407
vn 0.0 -0.3393 0.9407
vn 0.0 -0.3393 0.9407
vn 0.0 -0.3393 0.9407
vn 0.0 -0.5013 0.8653
vn 0.0 -0.5013 0.8653
vn 0.0 -0.5013 0.8653
vn 0.0 -0.5013 0.8653
vn 0.0 -0.5013 0.8653
vn 0.0 -0.5013 0.8653
vn 0.0 -0.6424 0.7664
vn 0.0 -0.6424 0.7664
vn 0.0 -0.6424 0.7664
vn 0.0 -0.6424 0.7664
vn 0.0 -0.6424 0.7664
vn 0.0 -0.6424 0.7664
vn 0.0 -0.9407 0.3393
vn 0.0 -0.9407 0.3393
vn 0.0 -0.9407 0.3393
vn 0.0 -0.9407 0.3393
vn 0.0 -0.9407 0.3393
vn 0.0 -0.9407 0.3393
vn 0.0 -0.8653 0.5012
vn 0.0 -0.8653 0.5012
vn 0.0 -0.8653 0.5012
vn 0.0 -0.8653 0.5012
vn 0.0 -0.8653 0.5012
vn 0.0 -0.8653 0.5012
vn 0.0 -0.7653 0.6437
vn 0.0 -0.7653 0.6437
vn 0.0 -0.7653 0.6437
vn 0.0 -0.7653 0.6437
vn 0.0 -0.7653 0.6437
vn 0.0 -0.7653 0.6437
vn 0.0 -0.9843 0.1765
vn 0.0 -0.9843 0.1765
vn 0.0 -0.9843 0.1765
vn 0.0 -0.9843 0.1765
vn 0.0 -0.9843 0.1765
vn 0.0 -0.9843 0.1765
vn 0.0 -1.0 0.0
vn 0.0 -1.0 0.0
vn 0.0 -1.0 0.0
vn 0.0 -1.0 0.0
vn 0.0 -1.0 0.0
vn 0.0 -1.0 0.0
vn 0.0 -0.9843 -0.1765
vn 0.0 -0.9843 -0.1765
vn 0.0 -0.9843 -0.1765
vn 0.0 -0.9843 -0.1765
vn 0.0 -0.9843 -0.1765
vn 0.0 -0.9843 -0.1765
vn 0.0 -0.9407 -0.3393
vn 0.0 -0.9407 -0.3393
vn 0.0 -0.9407 -0.3393
vn 0.0 -0.9407 -0.3393
vn 0.0 -0.9407 -0.3393
vn 0.0 -0.9407 -0.3393
vn 0.0 -0.8653 -0.5012
vn 0.0 -0.8653 -0.5012
vn 0.0 -0.8653 -0.5012
vn 0.0 -0.8653 -0.5012
vn 0.0 -0.8653 -0.5012
vn 0.0 -0.8653 -0.5012
vn 0.0 -0.7653 -0.6437
vn 0.0 -0.7653 -0.6437
vn 0.0 -0.7653 -0.6437
vn 0.0 -0.7653 -0.6437
vn 0.0 -0.7653 -0.6437
vn 0.0 -0.7653 -0.6437
vn 0.0 -0.6424 -0.7664
vn 0.0 -0.6424 -0.7664
vn 0.0 -0.6424 -0.7664
vn 0.0 -0.6424 -0.7664
vn 0.0 -0.6424 -0.7664
vn 0.0 -0.6424 -0.7664
vn 0.0 -0.5013 -0.8653
vn 0.0 -0.5013 -0.8653
vn 0.0 -0.5013 -0.8653
vn 0.0 -0.5013 -0.8653
vn 0.0 -0.5013 -0.8653
vn 0.0 -0.5013 -0.8653
vn 0.0 -0.3393 -0.9407
vn 0.0 -0.3393 -0.9407
vn 0.0 -0.3393 -0.9407
vn 0.0 -0.3393 -0.9407
vn 0.0 -0.3393 -0.9407
vn 0.0 -0.3393 -0.9407
vn 0.0 -0.1769 -0.9842
vn 0.0 -0.1769 -0.9842
vn 0.0 -0.1769 -0.9842
vn 0.0 -0.1769 -0.9842
vn 0.0 -0.1769 -0.9842
vn 0.0 -0.1769 -0.9842
vn 0.0 0.0 -1.0
vn 0.0 0.0 -1.0
vn 0.0 0.0 -1.0
vn 0.0 0.0 -1.0
vn 0.0 0.0 -1.0
vn 0.0 0.0 -1.0
vn 0.0 0.1765 -0.9843
vn 0.0 0.1765 -0.9843
vn 0.0 0.1765 -0.9843
vn 0.0 0.1765 -0.9843
vn 0.0 0.1765 -0.9843
vn 0.0 0.1765 -0.9843
vn 1.0 0.0 0.0
vn 1.0 0.0 0.0
vn 1.0 0.0 0.0
vn 1.0 0.0 0.0
vn 1.0 0.0 0.0
vn 1.0 0.0 0.0
vn 1.0 0.0 0.0
vn 1.0 0.0 0.0
vn 1.0 0.0 0.0
vn -1.0 0.0 0.0
vn -1.0 0.0 0.0
vn -1.0 0.0 0.0
vn -1.0 0.0 0.0
vn -1.0 0.0 0.0
vn -1.0 0.0 0.0
vn -1.0 0.0 0.0
vn -1.0 0.0 0.0
vn -1.0 0.0 0.0
vn 1.0 0.0 0.0
vn 1.0 0.0 0.0
vn 1.0 0.0 0.0
vn 1.0 0.0 0.0
vn 1.0 0.0 0.0
vn 1.0 0.0 0.0
vn 1.0 0.0 0.0
vn 1.0 0.0 0.0
vn 1.0 0.0 0.0
vn -1.0 0.0 0.0
vn -1.0 0.0 0.0
vn -1.0 0.0 0.0
vn -1.0 0.0 0.0
vn -1.0 0.0 0.0
vn -1.0 0.0 0.0
vn -1.0 0.0 0.0
vn -1.0 0.0 0.0
vn -1.0 0.0 0.0
vn 1.0 0.0 0.0
vn 1.0 0.0 0.0
vn 1.0 0.0 0.0
vn 1.0 0.0 0.0
vn 1.0 0.0 0.0
vn 1.0 0.0 0.0
vn 1.0 0.0 0.0
vn 1.0 0.0 0.0
vn 1.0 0.0 0.0
vn -1.0 0.0 0.0
vn -1.0 0.0 0.0
vn -1.0 0.0 0.0
vn -1.0 0.0 0.0
vn -1.0 0.0 0.0
vn -1.0 0.0 0.0
vn -1.0 0.0 0.0
vn -1.0 0.0 0.0
vn -1.0 0.0 0.0
vn 1.0 0.0 0.0
vn 1.0 0.0 0.0
vn 1.0 0.0 0.0
vn 1.0 0.0 0.0
vn 1.0 0.0 0.0
vn 1.0 0.0 0.0
vn 1.0 0.0 0.0
vn 1.0 0.0 0.0
vn 1.0 0.0 0.0
vn -1.0 0.0 0.0
vn -1.0 0.0 0.0
vn -1.0 0.0 0.0
vn -1.0 0.0 0.0
vn -1.0 0.0 0.0
vn -1.0 0.0 0.0
vn -1.0 0.0 0.0
vn -1.0 0.0 0.0
vn -1.0 0.0 0.0
vn 1.0 0.0 0.0
vn 1.0 0.0 0.0
vn 1.0 0.0 0.0
vn 1.0 0.0 0.0
vn 1.0 0.0 0.0
vn 1.0 0.0 0.0
vn 1.0 0.0 0.0
vn 1.0 0.0 0.0
vn 1.0 0.0 0.0
vn -1.0 0.0 0.0
vn -1.0 0.0 0.0
vn -1.0 0.0 0.0
vn -1.0 0.0 0.0
vn -1.0 0.0 0.0
vn -1.0 0.0 0.0
vn -1.0 0.0 0.0
vn -1.0 0.0 0.0
vn -1.0 0.0 0.0
vn 1.0 0.0 0.0
vn 1.0 0.0 0.0
vn 1.0 0.0 0.0
vn 1.0 0.0 0.0
vn 1.0 0.0 0.0
vn 1.0 0.0 0.0
vn 1.0 0.0 0.0
vn 1.0 0.0 0.0
vn 1.0 0.0 0.0
vn -1.0 0.0 0.0
vn -1.0 0.0 0.0
vn -1.0 0.0 0.0
vn -1.0 0.0 0.0
vn -1.0 0.0 0.0
vn -1.0 0.0 0.0
vn -1.0 0.0 0.0
vn -1.0 0.0 0.0
vn -1.0 0.0 0.0
vn 1.0 0.0 0.0
vn 1.0 0.0 0.0
vn 1.0 0.0 0.0
vn 1.0 0.0 0.0
vn 1.0 0.0 0.0
vn 1.0 0.0 0.0
vn 1.0 0.0 0.0
vn 1.0 0.0 0.0
vn 1.0 0.0 0.0
vn -1.0 0.0 0.0
vn -1.0 0.0 0.0
vn -1.0 0.0 0.0
vn -1.0 0.0 0.0
vn -1.0 0.0 0.0
vn -1.0 0.0 0.0
vn -1.0 0.0 0.0
vn -1.0 0.0 0.0
vn -1.0 0.0 0.0
vn 1.0 0.0 0.0
vn 1.0 0.0 0.0
vn 1.0 0.0 0.0
vn 1.0 0.0 0.0
vn 1.0 0.0 0.0
vn 1.0 0.0 0.0
vn 1.0 0.0 0.0
vn 1.0 0.0 0.0
vn 1.0 0.0 0.0
vn -1.0 0.0 0.0
vn -1.0 0.0 0.0
vn -1.0 0.0 0.0
vn -1.0 0.0 0.0
vn -1.0 0.0 0.0
vn -1.0 0.0 0.0
vn -1.0 0.0 0.0
vn -1.0 0.0 0.0
vn -1.0 0.0 0.0
vn 1.0 0.0 0.0
vn 1.0 0.0 0.0
vn 1.0 0.0 0.0
vn 1.0 0.0 0.0
vn 1.0 0.0 0.0
vn 1.0 0.0 0.0
vn 1.0 0.0 0.0
vn 1.0 0.0 0.0
vn 1.0 0.0 0.0
vn -1.0 0.0 0.0
vn -1.0 0.0 0.0
vn -1.0 0.0 0.0
vn -1.0 0.0 0.0
vn -1.0 0.0 0.0
vn -1.0 0.0 0.0
vn -1.0 0.0 0.0
vn -1.0 0.0 0.0
vn -1.0 0.0 0.0
vn 1.0 0.0 0.0
vn 1.0 0.0 0.0
vn 1.0 0.0 0.0
vn 1.0 0.0 0.0
vn 1.0 0.0 0.0
vn 1.0 0.0 0.0
vn 1.0 0.0 0.0
vn 1.0 0.0 0.0
vn 1.0 0.0 0.0
vn -1.0 0.0 0.0
vn -1.0 0.0 0.0
vn -1.0 0.0 0.0
vn -1.0 0.0 0.0
vn -1.0 0.0 0.0
vn -1.0 0.0 0.0
vn -1.0 0.0 0.0
vn -1.0 0.0 0.0
vn -1.0 0.0 0.0
vn 1.0 0.0 0.0
vn 1.0 0.0 0.0
vn 1.0 0.0 0.0
vn 1.0 0.0 0.0
vn 1.0 0.0 0.0
vn 1.0 0.0 0.0
vn 1.0 0.0 0.0
vn 1.0 0.0 0.0
vn 1.0 0.0 0.0
vn -1.0 0.0 0.0
vn -1.0 0.0 0.0
vn -1.0 0.0 0.0
vn -1.0 0.0 0.0
vn -1.0 0.0 0.0
vn -1.0 0.0 0.0
vn -1.0 0.0 0.0
vn -1.0 0.0 0.0
vn -1.0 0.0 0.0
vn 1.0 0.0 0.0
vn 1.0 0.0 0.0
vn 1.0 0.0 0.0
vn 1.0 0.0 0.0
vn 1.0 0.0 0.0
vn 1.0 0.0 0.0
vn 1.0 0.0 0.0
vn 1.0 0.0 0.0
vn 1.0 0.0 0.0
vn -1.0 0.0 0.0
vn -1.0 0.0 0.0
vn -1.0 0.0 0.0
vn -1.0 0.0 0.0
vn -1.0 0.0 0.0
vn -1.0 0.0 0.0
vn -1.0 0.0 0.0
vn -1.0 0.0 0.0
vn -1.0 0.0 0.0
vn 0.0 0.7071 -0.7071
vn 0.0 0.7071 -0.7071
vn 0.0 0.7071 -0.7071
vn 0.0 0.7071 -0.7071
vn 0.0 0.7071 -0.7071
vn 0.0 0.7071 -0.7071
vn 1.0 0.0 0.0
vn 1.0 0.0 0.0
vn 1.0 0.0 0.0
vn 1.0 0.0 0.0
vn 1.0 0.0 0.0
vn 1.0 0.0 0.0
vn 0.0 0.2587 -0.9659
vn 0.0 0.2587 -0.9659
vn 0.0 0.2587 -0.9659
vn 0.0 0.2587 -0.9659
vn 0.0 0.2587 -0.9659
vn 0.0 0.2587 -0.9659
vn -1.0 0.0 0.0
vn -1.0 0.0 0.0
vn -1.0 0.0 0.0
vn -1.0 0.0 0.0
vn -1.0 0.0 0.0
vn -1.0 0.0 0.0
vn -1.0 0.0 0.0
vn -1.0 0.0 0.0
vn -1.0 0.0 0.0
vn -1.0 0.0 0.0
vn -1.0 0.0 0.0
vn -1.0 0.0 0.0
vn -1.0 0.0 0.0
vn -1.0 0.0 0.0
vn -1.0 0.0 0.0
vn -1.0 0.0 0.0
vn -1.0 0.0 0.0
vn -1.0 0.0 0.0
vn 0.0 0.9659 -0.2587
vn 0.0 0.9659 -0.2587
vn 0.0 0.9659 -0.2587
vn 0.0 0.9659 -0.2587
vn 0.0 0.9659 -0.2587
vn 0.0 0.9659 -0.2587
vn 1.0 0.0 0.0
vn 1.0 0.0 0.0
vn 1.0 0.0 0.0
vn -1.0 0.0 0.0
vn -1.0 0.0 0.0
vn -1.0 0.0 0.0
vn -1.0 0.0 0.0
vn -1.0 0.0 0.0
vn -1.0 0.0 0.0
vn -1.0 0.0 0.0
vn -1.0 0.0 0.0
vn -1.0 0.0 0.0
vn 0.0 0.9659 0.2587
vn 0.0 0.9659 0.2587
vn 0.0 0.9659 0.2587
vn 0.0 0.9659 0.2587
vn 0.0 0.9659 0.2587
vn 0.0 0.9659 0.2587
vn 1.0 0.0 0.0
vn 1.0 0.0 0.0
vn 1.0 0.0 0.0
vn -1.0 0.0 0.0
vn -1.0 0.0 0.0
vn -1.0 0.0 0.0
vn -1.0 0.0 0.0
vn -1.0 0.0 0.0
vn -1.0 0.0 0.0
vn -1.0 0.0 0.0
vn -1.0 0.0 0.0
vn -1.0 0.0 0.0
vn 0.0 0.7071 0.7071
vn 0.0 0.7071 0.7071
vn 0.0 0.7071 0.7071
vn 0.0 0.7071 0.7071
vn 0.0 0.7071 0.7071
vn 0.0 0.7071 0.7071
vn 1.0 0.0 0.0
vn 1.0 0.0 0.0
vn 1.0 0.0 0.0
vn -1.0 0.0 0.0
vn -1.0 0.0 0.0
vn -1.0 0.0 0.0
vn -1.0 0.0 0.0
vn -1.0 0.0 0.0
vn -1.0 0.0 0.0
vn -1.0 0.0 0.0
vn -1.0 0.0 0.0
vn -1.0 0.0 0.0
vn 0.0 0.2587 0.9659
vn 0.0 0.2587 0.9659
vn 0.0 0.2587 0.9659
vn 0.0 0.2587 0.9659
vn 0.0 0.2587 0.9659
vn 0.0 0.2587 0.9659
vn 1.0 0.0 0.0
vn 1.0 0.0 0.0
vn 1.0 0.0 0.0
vn -1.0 0.0 0.0
vn -1.0 0.0 0.0
vn -1.0 0.0 0.0
vn -1.0 0.0 0.0
vn -1.0 0.0 0.0
vn -1.0 0.0 0.0
vn -1.0 0.0 0.0
vn -1.0 0.0 0.0
vn -1.0 0.0 0.0
vn 0.0 -0.2587 0.9659
vn 0.0 -0.2587 0.9659
vn 0.0 -0.2587 0.9659
vn 0.0 -0.2587 0.9659
vn 0.0 -0.2587 0.9659
vn 0.0 -0.2587 0.9659
vn 1.0 0.0 0.0
vn 1.0 0.0 0.0
vn 1.0 0.0 0.0
vn -1.0 0.0 0.0
vn -1.0 0.0 0.0
vn -1.0 0.0 0.0
vn -1.0 0.0 0.0
vn -1.0 0.0 0.0
vn -1.0 0.0 0.0
vn -1.0 0.0 0.0
vn -1.0 0.0 0.0
vn -1.0 0.0 0.0
vn 0.0 -0.7071 0.7071
vn 0.0 -0.7071 0.7071
vn 0.0 -0.7071 0.7071
vn 0.0 -0.7071 0.7071
vn 0.0 -0.7071 0.7071
vn 0.0 -0.7071 0.7071
vn 1.0 0.0 0.0
vn 1.0 0.0 0.0
vn 1.0 0.0 0.0
vn -1.0 0.0 0.0
vn -1.0 0.0 0.0
vn -1.0 0.0 0.0
vn -1.0 0.0 0.0
vn -1.0 0.0 0.0
vn -1.0 0.0 0.0
vn -1.0 0.0 0.0
vn -1.0 0.0 0.0
vn -1.0 0.0 0.0
vn 0.0 -0.966 0.2587
vn 0.0 -0.966 0.2587
vn 0.0 -0.966 0.2587
vn 0.0 -0.966 0.2587
vn 0.0 -0.966 0.2587
vn 0.0 -0.966 0.2587
vn 1.0 0.0 0.0
vn 1.0 0.0 0.0
vn 1.0 0.0 0.0
vn -1.0 0.0 0.0
vn -1.0 0.0 0.0
vn -1.0 0.0 0.0
vn -1.0 0.0 0.0
vn -1.0 0.0 0.0
vn -1.0 0.0 0.0
vn -1.0 0.0 0.0
vn -1.0 0.0 0.0
vn -1.0 0.0 0.0
vn 0.0 -0.966 -0.2587
vn 0.0 -0.966 -0.2587
vn 0.0 -0.966 -0.2587
vn 0.0 -0.966 -0.2587
vn 0.0 -0.966 -0.2587
vn 0.0 -0.966 -0.2587
vn 1.0 0.0 0.0
vn 1.0 0.0 0.0
vn 1.0 0.0 0.0
vn -1.0 0.0 0.0
vn -1.0 0.0 0.0
vn -1.0 0.0 0.0
vn -1.0 0.0 0.0
vn -1.0 0.0 0.0
vn -1.0 0.0 0.0
vn -1.0 0.0 0.0
vn -1.0 0.0 0.0
vn -1.0 0.0 0.0
vn 0.0 -0.7071 -0.7071
vn 0.0 -0.7071 -0.7071
vn 0.0 -0.7071 -0.7071
vn 0.0 -0.7071 -0.7071
vn 0.0 -0.7071 -0.7071
vn 0.0 -0.7071 -0.7071
vn 1.0 0.0 0.0
vn 1.0 0.0 0.0
vn 1.0 0.0 0.0
vn -1.0 0.0 0.0
vn -1.0 0.0 0.0
vn -1.0 0.0 0.0
vn -1.0 0.0 0.0
vn -1.0 0.0 0.0
vn -1.0 0.0 0.0
vn -1.0 0.0 0.0
vn -1.0 0.0 0.0
vn -1.0 0.0 0.0
vn 0.0 -0.2587 -0.9659
vn 0.0 -0.2587 -0.9659
vn 0.0 -0.2587 -0.9659
vn 0.0 -0.2587 -0.9659
vn 0.0 -0.2587 -0.9659
vn 0.0 -0.2587 -0.9659
vn 1.0 0.0 0.0
vn 1.0 0.0 0.0
vn 1.0 0.0 0.0
vn -1.0 0.0 0.0
vn -1.0 0.0 0.0
vn -1.0 0.0 0.0
vn -1.0 0.0 0.0
vn -1.0 0.0 0.0
vn -1.0 0.0 0.0
vn -1.0 0.0 0.0
vn -1.0 0.0 0.0
vn -1.0 0.0 0.0
vn 0.3604 -0.9009 0.2419
vn 0.3604 -0.9009 0.2419
vn 0.3604 -0.9009 0.2419
vn 0.3606 -0.901 0.2412
vn 0.3606 -0.901 0.2412
vn 0.3606 -0.901 0.2412
vn 0.3606 -0.9009 -0.2417
vn 0.3606 -0.9009 -0.2417
vn 0.3606 -0.9009 -0.2417
vn 0.3605 -0.9011 -0.2411
vn 0.3605 -0.9011 -0.2411
vn 0.3605 -0.9011 -0.2411
vn 0.2723 -0.6804 -0.6804
vn 0.2723 -0.6804 -0.6804
vn 0.2723 -0.6804 -0.6804
vn 0.2723 -0.6804 -0.6804
vn 0.2723 -0.6804 -0.6804
vn 0.2723 -0.6804 -0.6804
vn 0.103 -0.2573 -0.9608
vn 0.103 -0.2573 -0.9608
vn 0.103 -0.2573 -0.9608
vn 0.103 -0.2573 -0.9608
vn 0.103 -0.2573 -0.9608
vn 0.103 -0.2573 -0.9608
vn -0.1029 0.2573 -0.9608
vn -0.1029 0.2573 -0.9608
vn -0.1029 0.2573 -0.9608
vn -0.1029 0.2571 -0.9609
vn -0.1029 0.2571 -0.9609
vn -0.1029 0.2571 -0.9609
vn -0.2723 0.6804 -0.6804
vn -0.2723 0.6804 -0.6804
vn -0.2723 0.6804 -0.6804
vn -0.2723 0.6807 -0.68
vn -0.2723 0.6807 -0.68
vn -0.2723 0.6807 -0.68
vn -0.3605 0.9011 -0.2411
vn -0.3605 0.9011 -0.2411
vn -0.3605 0.9011 -0.2411
vn -0.3606 0.9009 -0.2417
vn -0.3606 0.9009 -0.2417
vn -0.3606 0.9009 -0.2417
vn -0.3606 0.901 0.2412
vn -0.3606 0.901 0.2412
vn -0.3606 0.901 0.2412
vn -0.3604 0.9009 0.2419
vn -0.3604 0.9009 0.2419
vn -0.3604 0.9009 0.2419
vn -0.2722 0.6804 0.6804
vn -0.2722 0.6804 0.6804
vn -0.2722 0.6804 0.6804
vn -0.2725 0.6807 0.68
vn -0.2725 0.6807 0.68
vn -0.2725 0.6807 0.68
vn -0.103 0.2573 0.9608
vn -0.103 0.2573 0.9608
vn -0.103 0.2573 0.9608
vn -0.1028 0.2571 0.9609
vn -0.1028 0.2571 0.9609
vn -0.1028 0.2571 0.9609
vn 0.103 -0.2573 0.9608
vn 0.103 -0.2573 0.9608
vn 0.103 -0.2573 0.9608
vn 0.103 -0.2573 0.9608
vn 0.103 -0.2573 0.9608
vn 0.103 -0.2573 0.9608
vn 0.2723 -0.6804 0.6804
vn 0.2723 -0.6804 0.6804
vn 0.2723 -0.6804 0.6804
vn 0.2723 -0.6804 0.6804
vn 0.2723 -0.6804 0.6804
vn 0.2723 -0.6804 0.6804
vn 0.0 -0.9658 0.2593
vn 0.0 -0.9658 0.2593
vn 0.0 -0.9658 0.2593
vn 0.0 -0.9658 0.2593
vn 0.0 -0.9658 0.2593
vn 0.0 -0.9658 0.2593
vn 0.0 -0.9658 -0.2591
vn 0.0 -0.9658 -0.2591
vn 0.0 -0.9658 -0.2591
vn 0.0 -0.9658 -0.2591
vn 0.0 -0.9658 -0.2591
vn 0.0 -0.9658 -0.2591
vn 0.0 -0.7071 -0.7071
vn 0.0 -0.7071 -0.7071
vn 0.0 -0.7071 -0.7071
vn 0.0 -0.7071 -0.7071
vn 0.0 -0.7071 -0.7071
vn 0.0 -0.7071 -0.7071
vn 0.0 -0.2586 -0.966
vn 0.0 -0.2586 -0.966
vn 0.0 -0.2586 -0.966
vn 0.0 -0.2586 -0.966
vn 0.0 -0.2586 -0.966
vn 0.0 -0.2586 -0.966
vn 0.0 0.2586 -0.966
vn 0.0 0.2586 -0.966
vn 0.0 0.2586 -0.966
vn 0.0 0.2586 -0.966
vn 0.0 0.2586 -0.966
vn 0.0 0.2586 -0.966
vn 0.0 0.7071 -0.7071
vn 0.0 0.7071 -0.7071
vn 0.0 0.7071 -0.7071
vn 0.0 0.7071 -0.7071
vn 0.0 0.7071 -0.7071
vn 0.0 0.7071 -0.7071
vn 0.0 0.966 -0.2585
vn 0.0 0.966 -0.2585
vn 0.0 0.966 -0.2585
vn 0.0 0.966 -0.2585
vn 0.0 0.966 -0.2585
vn 0.0 0.966 -0.2585
vn 0.0 0.966 0.2586
vn 0.0 0.966 0.2586
vn 0.0 0.966 0.2586
vn 0.0 0.966 0.2586
vn 0.0 0.966 0.2586
vn 0.0 0.966 0.2586
vn 0.0 0.7071 0.7071
vn 0.0 0.7071 0.7071
vn 0.0 0.7071 0.7071
vn 0.0 0.7071 0.7071
vn 0.0 0.7071 0.7071
vn 0.0 0.7071 0.7071
vn 0.0 0.2586 0.966
vn 0.0 0.2586 0.966
vn 0.0 0.2586 0.966
vn 0.0 0.2586 0.966
vn 0.0 0.2586 0.966
vn 0.0 0.2586 0.966
vn 0.0 -0.2586 0.966
vn 0.0 -0.2586 0.966
vn 0.0 -0.2586 0.966
vn 0.0 -0.2586 0.966
vn 0.0 -0.2586 0.966
vn 0.0 -0.2586 0.966
vn 0.0 -0.7071 0.7071
vn 0.0 -0.7071 0.7071
vn 0.0 -0.7071 0.7071
vn 0.0 -0.7071 0.7071
vn 0.0 -0.7071 0.7071
vn 0.0 -0.7071 0.7071
vn 0.9915 -0.0336 -0.1255
vn 0.9915 -0.0336 -0.1255
vn 0.9915 -0.0336 -0.1255
vn 0.9915 -0.0336 -0.1255
vn 0.9915 -0.0336 -0.1255
vn 0.9915 -0.0336 -0.1255
vn 0.8849 -0.1205 -0.4499
vn 0.8849 -0.1205 -0.4499
vn 0.8849 -0.1205 -0.4499
vn 0.8845 -0.1209 -0.4505
vn 0.8845 -0.1209 -0.4505
vn 0.8845 -0.1209 -0.4505
vn 0.6005 -0.2073 -0.7723
vn 0.6005 -0.2073 -0.7723
vn 0.6005 -0.2073 -0.7723
vn 0.6012 -0.2068 -0.7719
vn 0.6012 -0.2068 -0.7719
vn 0.6012 -0.2068 -0.7719
vn 0.248 -0.2507 -0.9357
vn 0.248 -0.2507 -0.9357
vn 0.248 -0.2507 -0.9357
vn 0.2484 -0.2505 -0.9357
vn 0.2484 -0.2505 -0.9357
vn 0.2484 -0.2505 -0.9357
vn 0.9919 -0.0898 -0.0898
vn 0.9919 -0.0898 -0.0898
vn 0.9919 -0.0898 -0.0898
vn 0.9919 -0.0898 -0.0898
vn 0.9919 -0.0898 -0.0898
vn 0.9919 -0.0898 -0.0898
vn 0.9012 -0.3065 -0.3065
vn 0.9012 -0.3065 -0.3065
vn 0.9012 -0.3065 -0.3065
vn 0.9012 -0.3065 -0.3065
vn 0.9012 -0.3065 -0.3065
vn 0.9012 -0.3065 -0.3065
vn 0.6809 -0.5179 -0.5179
vn 0.6809 -0.5179 -0.5179
vn 0.6809 -0.5179 -0.5179
vn 0.6816 -0.5171 -0.5176
vn 0.6816 -0.5171 -0.5176
vn 0.6816 -0.5171 -0.5176
vn 0.3998 -0.6478 -0.6485
vn 0.3998 -0.6478 -0.6485
vn 0.3998 -0.6478 -0.6485
vn 0.3988 -0.6484 -0.6484
vn 0.3988 -0.6484 -0.6484
vn 0.3988 -0.6484 -0.6484
vn 0.9921 -0.1211 -0.0324
vn 0.9921 -0.1211 -0.0324
vn 0.9921 -0.1211 -0.0324
vn 0.9921 -0.1211 -0.0324
vn 0.9921 -0.1211 -0.0324
vn 0.9921 -0.1211 -0.0324
vn 0.9091 -0.4024 -0.1078
vn 0.9091 -0.4024 -0.1078
vn 0.9091 -0.4024 -0.1078
vn 0.909 -0.4025 -0.1077
vn 0.909 -0.4025 -0.1077
vn 0.909 -0.4025 -0.1077
vn 0.7186 -0.6718 -0.1798
vn 0.7186 -0.6718 -0.1798
vn 0.7186 -0.6718 -0.1798
vn 0.7187 -0.6717 -0.1798
vn 0.7187 -0.6717 -0.1798
vn 0.7187 -0.6717 -0.1798
vn 0.4755 -0.8498 -0.2275
vn 0.4755 -0.8498 -0.2275
vn 0.4755 -0.8498 -0.2275
vn 0.4751 -0.85 -0.2274
vn 0.4751 -0.85 -0.2274
vn 0.4751 -0.85 -0.2274
vn 0.9921 -0.1211 0.0324
vn 0.9921 -0.1211 0.0324
vn 0.9921 -0.1211 0.0324
vn 0.9921 -0.1211 0.0324
vn 0.9921 -0.1211 0.0324
vn 0.9921 -0.1211 0.0324
vn 0.9091 -0.4024 0.1078
vn 0.9091 -0.4024 0.1078
vn 0.9091 -0.4024 0.1078
vn 0.909 -0.4025 0.1078
vn 0.909 -0.4025 0.1078
vn 0.909 -0.4025 0.1078
vn 0.7186 -0.6718 0.1799
vn 0.7186 -0.6718 0.1799
vn 0.7186 -0.6718 0.1799
vn 0.7187 -0.6716 0.18
vn 0.7187 -0.6716 0.18
vn 0.7187 -0.6716 0.18
vn 0.4755 -0.8498 0.2275
vn 0.4755 -0.8498 0.2275
vn 0.4755 -0.8498 0.2275
vn 0.4751 -0.85 0.2278
vn 0.4751 -0.85 0.2278
vn 0.4751 -0.85 0.2278
vn 0.9919 -0.0898 0.0898
vn 0.9919 -0.0898 0.0898
vn 0.9919 -0.0898 0.0898
vn 0.9919 -0.0898 0.0898
vn 0.9919 -0.0898 0.0898
vn 0.9919 -0.0898 0.0898
vn 0.9012 -0.3065 0.3065
vn 0.9012 -0.3065 0.3065
vn 0.9012 -0.3065 0.3065
vn 0.9009 -0.3071 0.3068
vn 0.9009 -0.3071 0.3068
vn 0.9009 -0.3071 0.3068
vn 0.681 -0.5181 0.5176
vn 0.681 -0.5181 0.5176
vn 0.681 -0.5181 0.5176
vn 0.6824 -0.5166 0.5171
vn 0.6824 -0.5166 0.5171
vn 0.6824 -0.5166 0.5171
vn 0.3988 -0.6484 0.6484
vn 0.3988 -0.6484 0.6484
vn 0.3988 -0.6484 0.6484
vn 0.3998 -0.6478 0.6485
vn 0.3998 -0.6478 0.6485
vn 0.3998 -0.6478 0.6485
vn 0.9915 -0.0336 0.1255
vn 0.9915 -0.0336 0.1255
vn 0.9915 -0.0336 0.1255
vn 0.9915 -0.0336 0.1255
vn 0.9915 -0.0336 0.1255
vn 0.9915 -0.0336 0.1255
vn 0.8845 -0.1207 0.4507
vn 0.8845 -0.1207 0.4507
vn 0.8845 -0.1207 0.4507
vn 0.8845 -0.1206 0.4506
vn 0.8845 -0.1206 0.4506
vn 0.8845 -0.1206 0.4506
vn 0.6017 -0.2065 0.7716
vn 0.6017 -0.2065 0.7716
vn 0.6017 -0.2065 0.7716
vn 0.6012 -0.2068 0.7719
vn 0.6012 -0.2068 0.7719
vn 0.6012 -0.2068 0.7719
vn 0.2484 -0.2505 0.9357
vn 0.2484 -0.2505 0.9357
vn 0.2484 -0.2505 0.9357
vn 0.248 -0.2507 0.9357
vn 0.248 -0.2507 0.9357
vn 0.248 -0.2507 0.9357
vn 0.991 0.0345 0.129
vn 0.991 0.0345 0.129
vn 0.991 0.0345 0.129
vn 0.9911 0.0345 0.1289
vn 0.9911 0.0345 0.1289
vn 0.9911 0.0345 0.1289
vn 0.8606 0.1318 0.4919
vn 0.8606 0.1318 0.4919
vn 0.8606 0.1318 0.4919
vn 0.8604 0.1318 0.4923
vn 0.8604 0.1318 0.4923
vn 0.8604 0.1318 0.4923
vn 0.4784 0.2271 0.8483
vn 0.4784 0.2271 0.8483
vn 0.4784 0.2271 0.8483
vn 0.4791 0.2272 0.8479
vn 0.4791 0.2272 0.8479
vn 0.4791 0.2272 0.8479
vn 0.0491 0.2581 0.9649
vn 0.0491 0.2581 0.9649
vn 0.0491 0.2581 0.9649
vn 0.05 0.2585 0.9647
vn 0.05 0.2585 0.9647
vn 0.05 0.2585 0.9647
vn 0.9906 0.0967 0.0966
vn 0.9906 0.0967 0.0966
vn 0.9906 0.0967 0.0966
vn 0.9906 0.0968 0.0968
vn 0.9906 0.0968 0.0968
vn 0.9906 0.0968 0.0968
vn 0.8336 0.3906 0.3906
vn 0.8336 0.3906 0.3906
vn 0.8336 0.3906 0.3906
vn 0.8342 0.3902 0.3898
vn 0.8342 0.3902 0.3898
vn 0.8342 0.3902 0.3898
vn 0.3438 0.6643 0.6637
vn 0.3438 0.6643 0.6637
vn 0.3438 0.6643 0.6637
vn 0.3424 0.6644 0.6644
vn 0.3424 0.6644 0.6644
vn 0.3424 0.6644 0.6644
vn -0.1294 0.7012 0.7012
vn -0.1294 0.7012 0.7012
vn -0.1294 0.7012 0.7012
vn -0.1281 0.7016 0.7009
vn -0.1281 0.7016 0.7009
vn -0.1281 0.7016 0.7009
vn 0.9903 0.134 0.036
vn 0.9903 0.134 0.036
vn 0.9903 0.134 0.036
vn 0.9904 0.1338 0.0358
vn 0.9904 0.1338 0.0358
vn 0.9904 0.1338 0.0358
vn 0.8153 0.5593 0.1499
vn 0.8153 0.5593 0.1499
vn 0.8153 0.5593 0.1499
vn 0.8154 0.5592 0.1498
vn 0.8154 0.5592 0.1498
vn 0.8154 0.5592 0.1498
vn 0.2529 0.9346 0.2503
vn 0.2529 0.9346 0.2503
vn 0.2529 0.9346 0.2503
vn 0.2525 0.9346 0.2504
vn 0.2525 0.9346 0.2504
vn 0.2525 0.9346 0.2504
vn -0.2264 0.9408 0.2521
vn -0.2264 0.9408 0.2521
vn -0.2264 0.9408 0.2521
vn -0.2276 0.9404 0.2525
vn -0.2276 0.9404 0.2525
vn -0.2276 0.9404 0.2525
vn 0.9903 0.134 -0.036
vn 0.9903 0.134 -0.036
vn 0.9903 0.134 -0.036
vn 0.9904 0.1338 -0.0358
vn 0.9904 0.1338 -0.0358
vn 0.9904 0.1338 -0.0358
vn 0.8153 0.5594 -0.1498
vn 0.8153 0.5594 -0.1498
vn 0.8153 0.5594 -0.1498
vn 0.8154 0.5592 -0.1497
vn 0.8154 0.5592 -0.1497
vn 0.8154 0.5592 -0.1497
vn 0.2528 0.9346 -0.2502
vn 0.2528 0.9346 -0.2502
vn 0.2528 0.9346 -0.2502
vn 0.2525 0.9347 -0.2503
vn 0.2525 0.9347 -0.2503
vn 0.2525 0.9347 -0.2503
vn -0.2264 0.9409 -0.2519
vn -0.2264 0.9409 -0.2519
vn -0.2264 0.9409 -0.2519
vn -0.2276 0.9405 -0.2523
vn -0.2276 0.9405 -0.2523
vn -0.2276 0.9405 -0.2523
vn 0.9906 0.0967 -0.0966
vn 0.9906 0.0967 -0.0966
vn 0.9906 0.0967 -0.0966
vn 0.9906 0.0968 -0.0968
vn 0.9906 0.0968 -0.0968
vn 0.9906 0.0968 -0.0968
vn 0.8342 0.39 -0.39
vn 0.8342 0.39 -0.39
vn 0.8342 0.39 -0.39
vn 0.8341 0.39 -0.39
vn 0.8341 0.39 -0.39
vn 0.8341 0.39 -0.39
vn 0.3424 0.6644 -0.6644
vn 0.3424 0.6644 -0.6644
vn 0.3424 0.6644 -0.6644
vn 0.3424 0.6644 -0.6644
vn 0.3424 0.6644 -0.6644
vn 0.3424 0.6644 -0.6644
vn -0.1294 0.7012 -0.7012
vn -0.1294 0.7012 -0.7012
vn -0.1294 0.7012 -0.7012
vn -0.1281 0.7016 -0.7009
vn -0.1281 0.7016 -0.7009
vn -0.1281 0.7016 -0.7009
vn 0.991 0.0345 -0.129
vn 0.991 0.0345 -0.129
vn 0.991 0.0345 -0.129
vn 0.9911 0.0345 -0.1289
vn 0.9911 0.0345 -0.1289
vn 0.9911 0.0345 -0.1289
vn 0.8606 0.1318 -0.4919
vn 0.8606 0.1318 -0.4919
vn 0.8606 0.1318 -0.4919
vn 0.861 0.1318 -0.4912
vn 0.861 0.1318 -0.4912
vn 0.861 0.1318 -0.4912
vn 0.4781 0.2276 -0.8483
vn 0.4781 0.2276 -0.8483
vn 0.4781 0.2276 -0.8483
vn 0.4772 0.2275 -0.8488
vn 0.4772 0.2275 -0.8488
vn 0.4772 0.2275 -0.8488
vn 0.05 0.2585 -0.9647
vn 0.05 0.2585 -0.9647
vn 0.05 0.2585 -0.9647
vn 0.0491 0.2581 -0.9649
vn 0.0491 0.2581 -0.9649
vn 0.0491 0.2581 -0.9649
vn 1.0 0.0 0.0
vn 1.0 0.0 0.0
vn 1.0 0.0 0.0
vn 1.0 0.0 0.0
vn 1.0 0.0 0.0
vn 1.0 0.0 0.0
vn 1.0 0.0 0.0
vn 1.0 0.0 0.0
vn 1.0 0.0 0.0
vn 1.0 0.0 0.0
vn 1.0 0.0 0.0
vn 1.0 0.0 0.0
vn 1.0 0.0 0.0
vn 1.0 0.0 0.0
vn 1.0 0.0 0.0
vn 1.0 0.0 0.0
vn 1.0 0.0 0.0
vn 1.0 0.0 0.0
vn 1.0 0.0 0.0
vn 1.0 0.0 0.0
vn 1.0 0.0 0.0
vn 1.0 0.0 0.0
vn 1.0 0.0 0.0
vn 1.0 0.0 0.0
vn 1.0 0.0 0.0
vn 1.0 0.0 0.0
vn 1.0 0.0 0.0
vn 1.0 0.0 0.0
vn 1.0 0.0 0.0
vn 1.0 0.0 0.0
vn 0.1957 0.6934 -0.6934
vn 0.1957 0.6934 -0.6934
vn 0.1957 0.6934 -0.6934
vn 0.1957 0.6934 -0.6934
vn 0.1957 0.6934 -0.6934
vn 0.1957 0.6934 -0.6934
vn 0.7079 0.4994 -0.4994
vn 0.7079 0.4994 -0.4994
vn 0.7079 0.4994 -0.4994
vn 0.7079 0.4994 -0.4994
vn 0.7079 0.4994 -0.4994
vn 0.7079 0.4994 -0.4994
vn 0.9806 0.1386 -0.1386
vn 0.9806 0.1386 -0.1386
vn 0.9806 0.1386 -0.1386
vn 0.9806 0.1386 -0.1386
vn 0.9806 0.1386 -0.1386
vn 0.9806 0.1386 -0.1386
vn 0.1965 0.9472 -0.2534
vn 0.1965 0.9472 -0.2534
vn 0.1965 0.9472 -0.2534
vn 0.196 0.9473 -0.2532
vn 0.196 0.9473 -0.2532
vn 0.196 0.9473 -0.2532
vn 0.7076 0.6826 -0.1829
vn 0.7076 0.6826 -0.1829
vn 0.7076 0.6826 -0.1829
vn 0.7068 0.6834 -0.1827
vn 0.7068 0.6834 -0.1827
vn 0.7068 0.6834 -0.1827
vn 0.9806 0.1893 -0.0508
vn 0.9806 0.1893 -0.0508
vn 0.9806 0.1893 -0.0508
vn 0.9806 0.1894 -0.0507
vn 0.9806 0.1894 -0.0507
vn 0.9806 0.1894 -0.0507
vn 0.196 0.9472 0.2536
vn 0.196 0.9472 0.2536
vn 0.196 0.9472 0.2536
vn 0.1965 0.9472 0.2534
vn 0.1965 0.9472 0.2534
vn 0.1965 0.9472 0.2534
vn 0.7067 0.6833 0.1832
vn 0.7067 0.6833 0.1832
vn 0.7067 0.6833 0.1832
vn 0.7075 0.6827 0.1826
vn 0.7075 0.6827 0.1826
vn 0.7075 0.6827 0.1826
vn 0.9806 0.1894 0.0509
vn 0.9806 0.1894 0.0509
vn 0.9806 0.1894 0.0509
vn 0.9806 0.1893 0.0508
vn 0.9806 0.1893 0.0508
vn 0.9806 0.1893 0.0508
vn 0.1957 0.6934 0.6934
vn 0.1957 0.6934 0.6934
vn 0.1957 0.6934 0.6934
vn 0.1957 0.6934 0.6934
vn 0.1957 0.6934 0.6934
vn 0.1957 0.6934 0.6934
vn 0.7079 0.4994 0.4994
vn 0.7079 0.4994 0.4994
vn 0.7079 0.4994 0.4994
vn 0.7079 0.4994 0.4994
vn 0.7079 0.4994 0.4994
vn 0.7079 0.4994 0.4994
vn 0.9806 0.1386 0.1386
vn 0.9806 0.1386 0.1386
vn 0.9806 0.1386 0.1386
vn 0.9806 0.1386 0.1386
vn 0.9806 0.1386 0.1386
vn 0.9806 0.1386 0.1386
vn 0.1965 0.2536 0.9471
vn 0.1965 0.2536 0.9471
vn 0.1965 0.2536 0.9471
vn 0.196 0.2534 0.9473
vn 0.196 0.2534 0.9473
vn 0.196 0.2534 0.9473
vn 0.7076 0.183 0.6825
vn 0.7076 0.183 0.6825
vn 0.7076 0.183 0.6825
vn 0.7068 0.1828 0.6834
vn 0.7068 0.1828 0.6834
vn 0.7068 0.1828 0.6834
vn 0.9806 0.0508 0.1893
vn 0.9806 0.0508 0.1893
vn 0.9806 0.0508 0.1893
vn 0.9806 0.0508 0.1894
vn 0.9806 0.0508 0.1894
vn 0.9806 0.0508 0.1894
vn 0.196 -0.2536 0.9472
vn 0.196 -0.2536 0.9472
vn 0.196 -0.2536 0.9472
vn 0.1965 -0.2534 0.9472
vn 0.1965 -0.2534 0.9472
vn 0.1965 -0.2534 0.9472
vn 0.7067 -0.1832 0.6833
vn 0.7067 -0.1832 0.6833
vn 0.7067 -0.1832 0.6833
vn 0.7075 -0.1826 0.6827
vn 0.7075 -0.1826 0.6827
vn 0.7075 -0.1826 0.6827
vn 0.9806 -0.0509 0.1894
vn 0.9806 -0.0509 0.1894
vn 0.9806 -0.0509 0.1894
vn 0.9806 -0.0508 0.1893
vn 0.9806 -0.0508 0.1893
vn 0.9806 -0.0508 0.1893
vn 0.1957 -0.6934 0.6934
vn 0.1957 -0.6934 0.6934
vn 0.1957 -0.6934 0.6934
vn 0.1957 -0.6934 0.6934
vn 0.1957 -0.6934 0.6934
vn 0.1957 -0.6934 0.6934
vn 0.7079 -0.4994 0.4994
vn 0.7079 -0.4994 0.4994
vn 0.7079 -0.4994 0.4994
vn 0.7079 -0.4994 0.4994
vn 0.7079 -0.4994 0.4994
vn 0.7079 -0.4994 0.4994
vn 0.9806 -0.1385 0.1387
vn 0.9806 -0.1385 0.1387
vn 0.9806 -0.1385 0.1387
vn 0.9806 -0.1388 0.1388
vn 0.9806 -0.1388 0.1388
vn 0.9806 -0.1388 0.1388
vn 0.1965 -0.947 0.2543
vn 0.1965 -0.947 0.2543
vn 0.1965 -0.947 0.2543
vn 0.1961 -0.9471 0.2541
vn 0.1961 -0.9471 0.2541
vn 0.1961 -0.9471 0.2541
vn 0.7077 -0.6823 0.1836
vn 0.7077 -0.6823 0.1836
vn 0.7077 -0.6823 0.1836
vn 0.7067 -0.6833 0.1834
vn 0.7067 -0.6833 0.1834
vn 0.7067 -0.6833 0.1834
vn 0.9805 -0.1896 0.0509
vn 0.9805 -0.1896 0.0509
vn 0.9805 -0.1896 0.0509
vn 0.9806 -0.1894 0.051
vn 0.9806 -0.1894 0.051
vn 0.9806 -0.1894 0.051
vn 0.1961 -0.9471 -0.2541
vn 0.1961 -0.9471 -0.2541
vn 0.1961 -0.9471 -0.2541
vn 0.1965 -0.9471 -0.2539
vn 0.1965 -0.9471 -0.2539
vn 0.1965 -0.9471 -0.2539
vn 0.7067 -0.6833 -0.1837
vn 0.7067 -0.6833 -0.1837
vn 0.7067 -0.6833 -0.1837
vn 0.7076 -0.6825 -0.183
vn 0.7076 -0.6825 -0.183
vn 0.7076 -0.6825 -0.183
vn 0.9806 -0.1894 -0.051
vn 0.9806 -0.1894 -0.051
vn 0.9806 -0.1894 -0.051
vn 0.9806 -0.1892 -0.0509
vn 0.9806 -0.1892 -0.0509
vn 0.9806 -0.1892 -0.0509
vn 0.1957 -0.6934 -0.6934
vn 0.1957 -0.6934 -0.6934
vn 0.1957 -0.6934 -0.6934
vn 0.1957 -0.6934 -0.6934
vn 0.1957 -0.6934 -0.6934
vn 0.1957 -0.6934 -0.6934
vn 0.7079 -0.4994 -0.4994
vn 0.7079 -0.4994 -0.4994
vn 0.7079 -0.4994 -0.4994
vn 0.7079 -0.4994 -0.4994
vn 0.7079 -0.4994 -0.4994
vn 0.7079 -0.4994 -0.4994
vn 0.9806 -0.1386 -0.1386
vn 0.9806 -0.1386 -0.1386
vn 0.9806 -0.1386 -0.1386
vn 0.9806 -0.1386 -0.1386
vn 0.9806 -0.1386 -0.1386
vn 0.9806 -0.1386 -0.1386
vn 0.1965 -0.2536 -0.9471
vn 0.1965 -0.2536 -0.9471
vn 0.1965 -0.2536 -0.9471
vn 0.196 -0.2534 -0.9473
vn 0.196 -0.2534 -0.9473
vn 0.196 -0.2534 -0.9473
vn 0.7076 -0.183 -0.6825
vn 0.7076 -0.183 -0.6825
vn 0.7076 -0.183 -0.6825
vn 0.7068 -0.1828 -0.6834
vn 0.7068 -0.1828 -0.6834
vn 0.7068 -0.1828 -0.6834
vn 0.9806 -0.0508 -0.1893
vn 0.9806 -0.0508 -0.1893
vn 0.9806 -0.0508 -0.1893
vn 0.9806 -0.0508 -0.1894
vn 0.9806 -0.0508 -0.1894
vn 0.9806 -0.0508 -0.1894
vn 0.196 0.2536 -0.9472
vn 0.196 0.2536 -0.9472
vn 0.196 0.2536 -0.9472
vn 0.1965 0.2534 -0.9472
vn 0.1965 0.2534 -0.9472
vn 0.1965 0.2534 -0.9472
vn 0.7067 0.1832 -0.6833
vn 0.7067 0.1832 -0.6833
vn 0.7067 0.1832 -0.6833
vn 0.7075 0.1826 -0.6827
vn 0.7075 0.1826 -0.6827
vn 0.7075 0.1826 -0.6827
vn 0.9806 0.0509 -0.1894
vn 0.9806 0.0509 -0.1894
vn 0.9806 0.0509 -0.1894
vn 0.9806 0.0508 -0.1893
vn 0.9806 0.0508 -0.1893
vn 0.9806 0.0508 -0.1893
vn 0.966 -0.0122 -0.2581
vn 0.966 -0.0122 -0.2581
vn 0.966 -0.0122 -0.2581
vn 0.9661 -0.0122 -0.2579
vn 0.9661 -0.0122 -0.2579
vn 0.9661 -0.0122 -0.2579
vn 0.966 -0.0122 0.2581
vn 0.966 -0.0122 0.2581
vn 0.966 -0.0122 0.2581
vn 0.9661 -0.0122 0.2579
vn 0.9661 -0.0122 0.2579
vn 0.9661 -0.0122 0.2579
vn 0.7081 -0.0122 0.706
vn 0.7081 -0.0122 0.706
vn 0.7081 -0.0122 0.706
vn 0.708 -0.0122 0.7061
vn 0.708 -0.0122 0.7061
vn 0.708 -0.0122 0.7061
vn 0.2594 -0.0122 0.9657
vn 0.2594 -0.0122 0.9657
vn 0.2594 -0.0122 0.9657
vn 0.2596 -0.0122 0.9656
vn 0.2596 -0.0122 0.9656
vn 0.2596 -0.0122 0.9656
vn -0.2595 -0.0122 0.9657
vn -0.2595 -0.0122 0.9657
vn -0.2595 -0.0122 0.9657
vn -0.2597 -0.0122 0.9656
vn -0.2597 -0.0122 0.9656
vn -0.2597 -0.0122 0.9656
vn -0.7081 -0.0122 0.706
vn -0.7081 -0.0122 0.706
vn -0.7081 -0.0122 0.706
vn -0.708 -0.0122 0.7061
vn -0.708 -0.0122 0.7061
vn -0.708 -0.0122 0.7061
vn -0.966 -0.0122 0.2581
vn -0.966 -0.0122 0.2581
vn -0.966 -0.0122 0.2581
vn -0.9661 -0.0122 0.2579
vn -0.9661 -0.0122 0.2579
vn -0.9661 -0.0122 0.2579
vn -0.966 -0.0122 -0.2581
vn -0.966 -0.0122 -0.2581
vn -0.966 -0.0122 -0.2581
vn -0.9661 -0.0122 -0.2579
vn -0.9661 -0.0122 -0.2579
vn -0.9661 -0.0122 -0.2579
vn -0.7081 -0.0122 -0.706
vn -0.7081 -0.0122 -0.706
vn -0.7081 -0.0122 -0.706
vn -0.708 -0.0122 -0.7061
vn -0.708 -0.0122 -0.7061
vn -0.708 -0.0122 -0.7061
vn -0.2595 -0.0122 -0.9657
vn -0.2595 -0.0122 -0.9657
vn -0.2595 -0.0122 -0.9657
vn -0.2597 -0.0122 -0.9656
vn -0.2597 -0.0122 -0.9656
vn -0.2597 -0.0122 -0.9656
vn 0.2594 -0.0122 -0.9657
vn 0.2594 -0.0122 -0.9657
vn 0.2594 -0.0122 -0.9657
vn 0.2596 -0.0122 -0.9656
vn 0.2596 -0.0122 -0.9656
vn 0.2596 -0.0122 -0.9656
vn 0.7081 -0.0122 -0.706
vn 0.7081 -0.0122 -0.706
vn 0.7081 -0.0122 -0.706
vn 0.708 -0.0122 -0.7061
vn 0.708 -0.0122 -0.7061
vn 0.708 -0.0122 -0.7061
vn 0.0 1.0 0.0
vn 0.0 1.0 0.0
vn 0.0 1.0 0.0
vn 0.0 1.0 0.0
vn 0.0 1.0 0.0
vn 0.0 1.0 0.0
vn 0.0 1.0 0.0
vn 0.0 1.0 0.0
vn 0.0 1.0 0.0
vn 0.0 1.0 0.0
vn 0.0 1.0 0.0
vn 0.0 1.0 0.0
vn 0.0 1.0 0.0
vn 0.0 1.0 0.0
vn 0.0 1.0 0.0
vn 0.0 1.0 0.0
vn 0.0 1.0 0.0
vn 0.0 1.0 0.0
vn 0.0 1.0 0.0
vn 0.0 1.0 0.0
vn 0.0 1.0 0.0
vn 0.0 1.0 0.0
vn 0.0 1.0 0.0
vn 0.0 1.0 0.0
vn 0.0 1.0 0.0
vn 0.0 1.0 0.0
vn 0.0 1.0 0.0
vn 0.0 1.0 0.0
vn 0.0 1.0 0.0
vn 0.0 1.0 0.0
vn 0.0 1.0 0.0
vn 0.0 1.0 0.0
vn 0.0 1.0 0.0
vn 0.0 1.0 0.0
vn 0.0 1.0 0.0
vn 0.0 1.0 0.0
vn 0.0 -1.0 0.0
vn 0.0 -1.0 0.0
vn 0.0 -1.0 0.0
vn 0.0 -1.0 0.0
vn 0.0 -1.0 0.0
vn 0.0 -1.0 0.0
vn 0.0 -1.0 0.0
vn 0.0 -1.0 0.0
vn 0.0 -1.0 0.0
vn 0.0 -1.0 0.0
vn 0.0 -1.0 0.0
vn 0.0 -1.0 0.0
vn 0.0 -1.0 0.0
vn 0.0 -1.0 0.0
vn 0.0 -1.0 0.0
vn 0.0 -1.0 0.0
vn 0.0 -1.0 0.0
vn 0.0 -1.0 0.0
vn 0.0 -1.0 0.0
vn 0.0 -1.0 0.0
vn 0.0 -1.0 0.0
vn 0.0 -1.0 0.0
vn 0.0 -1.0 0.0
vn 0.0 -1.0 0.0
vn 0.0 -1.0 0.0
vn 0.0 -1.0 0.0
vn 0.0 -1.0 0.0
vn 0.0 -1.0 0.0
vn 0.0 -1.0 0.0
vn 0.0 -1.0 0.0
vn 0.0 -1.0 0.0
vn 0.0 -1.0 0.0
vn 0.0 -1.0 0.0
vn 0.0 -1.0 0.0
vn 0.0 -1.0 0.0
vn 0.0 -1.0 0.0
vn 0.0 -1.0 0.0
vn 0.0 -1.0 0.0
vn 0.0 -1.0 0.0
vn 0.0 -1.0 0.0
vn 0.0 -1.0 0.0
vn 0.0 -1.0 0.0
vn 0.0 -1.0 0.0
vn 0.0 -1.0 0.0
vn 0.0 -1.0 0.0
vn 0.0 -1.0 0.0
vn 0.0 -1.0 0.0
vn 0.0 -1.0 0.0
vn 0.0 -1.0 0.0
vn 0.0 -1.0 0.0
vn 0.0 -1.0 0.0
vn 0.0 -1.0 0.0
vn 0.0 -1.0 0.0
vn 0.0 -1.0 0.0
vn 0.0 -1.0 0.0
vn 0.0 -1.0 0.0
vn 0.0 -1.0 0.0
vn 0.0 -1.0 0.0
vn 0.0 -1.0 0.0
vn 0.0 -1.0 0.0
vn 0.0 -1.0 0.0
vn 0.0 -1.0 0.0
vn 0.0 -1.0 0.0
vn 0.0 -1.0 0.0
vn 0.0 -1.0 0.0
vn 0.0 -1.0 0.0
vn 0.0 -1.0 0.0
vn 0.0 -1.0 0.0
vn 0.0 -1.0 0.0
vn 0.0 -1.0 0.0
vn 0.0 -1.0 0.0
vn 0.0 -1.0 0.0
vn 0.0 1.0 0.0
vn 0.0 1.0 0.0
vn 0.0 1.0 0.0
vn 0.0 1.0 0.0
vn 0.0 1.0 0.0
vn 0.0 1.0 0.0
vn 0.0 1.0 0.0
vn 0.0 1.0 0.0
vn 0.0 1.0 0.0
vn 0.0 1.0 0.0
vn 0.0 1.0 0.0
vn 0.0 1.0 0.0
vn 0.0 1.0 0.0
vn 0.0 1.0 0.0
vn 0.0 1.0 0.0
vn 0.0 1.0 0.0
vn 0.0 1.0 0.0
vn 0.0 1.0 0.0
vn 0.0 1.0 0.0
vn 0.0 1.0 0.0
vn 0.0 1.0 0.0
vn 0.0 1.0 0.0
vn 0.0 1.0 0.0
vn 0.0 1.0 0.0
vn 0.0 1.0 0.0
vn 0.0 1.0 0.0
vn 0.0 1.0 0.0
vn 0.0 1.0 0.0
vn 0.0 1.0 0.0
vn 0.0 1.0 0.0
vn 0.0 1.0 0.0
vn 0.0 1.0 0.0
vn 0.0 1.0 0.0
vn 0.0 1.0 0.0
vn 0.0 1.0 0.0
vn 0.0 1.0 0.0
vn 0.9661 0.0 0.2583
vn 0.9661 0.0 0.2583
vn 0.9661 0.0 0.2583
vn 0.9661 0.0 0.2583
vn 0.9661 0.0 0.2583
vn 0.9661 0.0 0.2583
vn 0.9661 0.0 -0.2583
vn 0.9661 0.0 -0.2583
vn 0.9661 0.0 -0.2583
vn 0.9661 0.0 -0.2583
vn 0.9661 0.0 -0.2583
vn 0.9661 0.0 -0.2583
vn 0.7083 0.0 0.7059
vn 0.7083 0.0 0.7059
vn 0.7083 0.0 0.7059
vn 0.7083 0.0 0.7059
vn 0.7083 0.0 0.7059
vn 0.7083 0.0 0.7059
vn 0.2592 0.0 0.9658
vn 0.2592 0.0 0.9658
vn 0.2592 0.0 0.9658
vn 0.2592 0.0 0.9658
vn 0.2592 0.0 0.9658
vn 0.2592 0.0 0.9658
vn -0.2593 0.0 0.9658
vn -0.2593 0.0 0.9658
vn -0.2593 0.0 0.9658
vn -0.2593 0.0 0.9658
vn -0.2593 0.0 0.9658
vn -0.2593 0.0 0.9658
vn -0.7081 0.0 0.7061
vn -0.7081 0.0 0.7061
vn -0.7081 0.0 0.7061
vn -0.7081 0.0 0.7061
vn -0.7081 0.0 0.7061
vn -0.7081 0.0 0.7061
vn -0.9662 0.0 0.2579
vn -0.9662 0.0 0.2579
vn -0.9662 0.0 0.2579
vn -0.9662 0.0 0.2579
vn -0.9662 0.0 0.2579
vn -0.9662 0.0 0.2579
vn -0.9662 0.0 -0.2579
vn -0.9662 0.0 -0.2579
vn -0.9662 0.0 -0.2579
vn -0.9662 0.0 -0.2579
vn -0.9662 0.0 -0.2579
vn -0.9662 0.0 -0.2579
vn -0.7081 0.0 -0.7061
vn -0.7081 0.0 -0.7061
vn -0.7081 0.0 -0.7061
vn -0.7081 0.0 -0.7061
vn -0.7081 0.0 -0.7061
vn -0.7081 0.0 -0.7061
vn -0.2593 0.0 -0.9658
vn -0.2593 0.0 -0.9658
vn -0.2593 0.0 -0.9658
vn -0.2593 0.0 -0.9658
vn -0.2593 0.0 -0.9658
vn -0.2593 0.0 -0.9658
vn 0.2592 0.0 -0.9658
vn 0.2592 0.0 -0.9658
vn 0.2592 0.0 -0.9658
vn 0.2592 0.0 -0.9658
vn 0.2592 0.0 -0.9658
vn 0.2592 0.0 -0.9658
vn 0.7083 0.0 -0.7059
vn 0.7083 0.0 -0.7059
vn 0.7083 0.0 -0.7059
vn 0.7083 0.0 -0.7059
vn 0.7083 0.0 -0.7059
vn 0.7083 0.0 -0.7059
vn 0.0 -1.0 0.0
vn 0.0 -1.0 0.0
vn 0.0 -1.0 0.0
vn 0.0 -1.0 0.0
vn 0.0 -1.0 0.0
vn 0.0 -1.0 0.0
vn 0.0 -1.0 0.0
vn 0.0 -1.0 0.0
vn 0.0 -1.0 0.0
vn 0.0 -1.0 0.0
vn 0.0 -1.0 0.0
vn 0.0 -1.0 0.0
vn 0.0 -1.0 0.0
vn 0.0 -1.0 0.0
vn 0.0 -1.0 0.0
vn 0.0 -1.0 0.0
vn 0.0 -1.0 0.0
vn 0.0 -1.0 0.0
vn 0.0 -1.0 0.0
vn 0.0 -1.0 0.0
vn 0.0 -1.0 0.0
vn 0.0 -1.0 0.0
vn 0.0 -1.0 0.0
vn 0.0 -1.0 0.0
vn 0.0 -1.0 0.0
vn 0.0 -1.0 0.0
vn 0.0 -1.0 0.0
vn 0.0 -1.0 0.0
vn 0.0 -1.0 0.0
vn 0.0 -1.0 0.0
vn 0.0 -1.0 0.0
vn 0.0 -1.0 0.0
vn 0.0 -1.0 0.0
vn 0.0 -1.0 0.0
vn 0.0 -1.0 0.0
vn 0.0 -1.0 0.0
vn 0.9565 -0.1408 -0.2557
vn 0.9565 -0.1408 -0.2557
vn 0.9565 -0.1408 -0.2557
vn 0.9564 -0.141 -0.2557
vn 0.9564 -0.141 -0.2557
vn 0.9564 -0.141 -0.2557
vn 0.8277 -0.5157 -0.2213
vn 0.8277 -0.5157 -0.2213
vn 0.8277 -0.5157 -0.2213
vn 0.8285 -0.5144 -0.2213
vn 0.8285 -0.5144 -0.2213
vn 0.8285 -0.5144 -0.2213
vn 0.4977 -0.8571 -0.133
vn 0.4977 -0.8571 -0.133
vn 0.4977 -0.8571 -0.133
vn 0.4972 -0.8574 -0.1328
vn 0.4972 -0.8574 -0.1328
vn 0.4972 -0.8574 -0.1328
vn 0.1367 -0.9899 -0.0365
vn 0.1367 -0.9899 -0.0365
vn 0.1367 -0.9899 -0.0365
vn 0.1367 -0.9899 -0.0365
vn 0.1367 -0.9899 -0.0365
vn 0.1367 -0.9899 -0.0365
vn 0.7012 -0.141 -0.6989
vn 0.7012 -0.141 -0.6989
vn 0.7012 -0.141 -0.6989
vn 0.7012 -0.1409 -0.6989
vn 0.7012 -0.1409 -0.6989
vn 0.7012 -0.1409 -0.6989
vn 0.6074 -0.5144 -0.6053
vn 0.6074 -0.5144 -0.6053
vn 0.6074 -0.5144 -0.6053
vn 0.606 -0.5169 -0.6046
vn 0.606 -0.5169 -0.6046
vn 0.606 -0.5169 -0.6046
vn 0.3646 -0.8572 -0.3636
vn 0.3646 -0.8572 -0.3636
vn 0.3646 -0.8572 -0.3636
vn 0.3647 -0.8571 -0.3639
vn 0.3647 -0.8571 -0.3639
vn 0.3647 -0.8571 -0.3639
vn 0.1002 -0.9899 -0.0999
vn 0.1002 -0.9899 -0.0999
vn 0.1002 -0.9899 -0.0999
vn 0.1002 -0.9899 -0.1
vn 0.1002 -0.9899 -0.1
vn 0.1002 -0.9899 -0.1
vn 0.2566 -0.141 -0.9562
vn 0.2566 -0.141 -0.9562
vn 0.2566 -0.141 -0.9562
vn 0.2567 -0.1407 -0.9562
vn 0.2567 -0.1407 -0.9562
vn 0.2567 -0.1407 -0.9562
vn 0.2219 -0.5168 -0.8268
vn 0.2219 -0.5168 -0.8268
vn 0.2219 -0.5168 -0.8268
vn 0.2223 -0.5156 -0.8275
vn 0.2223 -0.5156 -0.8275
vn 0.2223 -0.5156 -0.8275
vn 0.1337 -0.857 -0.4977
vn 0.1337 -0.857 -0.4977
vn 0.1337 -0.857 -0.4977
vn 0.1337 -0.857 -0.4976
vn 0.1337 -0.857 -0.4976
vn 0.1337 -0.857 -0.4976
vn 0.0367 -0.9899 -0.1366
vn 0.0367 -0.9899 -0.1366
vn 0.0367 -0.9899 -0.1366
vn 0.0367 -0.9899 -0.1367
vn 0.0367 -0.9899 -0.1367
vn 0.0367 -0.9899 -0.1367
vn -0.2567 -0.1407 -0.9562
vn -0.2567 -0.1407 -0.9562
vn -0.2567 -0.1407 -0.9562
vn -0.2568 -0.141 -0.9561
vn -0.2568 -0.141 -0.9561
vn -0.2568 -0.141 -0.9561
vn -0.2222 -0.5156 -0.8275
vn -0.2222 -0.5156 -0.8275
vn -0.2222 -0.5156 -0.8275
vn -0.2222 -0.5169 -0.8267
vn -0.2222 -0.5169 -0.8267
vn -0.2222 -0.5169 -0.8267
vn -0.1338 -0.857 -0.4976
vn -0.1338 -0.857 -0.4976
vn -0.1338 -0.857 -0.4976
vn -0.1338 -0.857 -0.4977
vn -0.1338 -0.857 -0.4977
vn -0.1338 -0.857 -0.4977
vn -0.0368 -0.9899 -0.1367
vn -0.0368 -0.9899 -0.1367
vn -0.0368 -0.9899 -0.1367
vn -0.0367 -0.9899 -0.1366
vn -0.0367 -0.9899 -0.1366
vn -0.0367 -0.9899 -0.1366
vn -0.701 -0.1409 -0.6991
vn -0.701 -0.1409 -0.6991
vn -0.701 -0.1409 -0.6991
vn -0.7011 -0.1425 -0.6987
vn -0.7011 -0.1425 -0.6987
vn -0.7011 -0.1425 -0.6987
vn -0.6064 -0.5168 -0.6043
vn -0.6064 -0.5168 -0.6043
vn -0.6064 -0.5168 -0.6043
vn -0.6071 -0.5144 -0.6057
vn -0.6071 -0.5144 -0.6057
vn -0.6071 -0.5144 -0.6057
vn -0.3647 -0.8571 -0.3638
vn -0.3647 -0.8571 -0.3638
vn -0.3647 -0.8571 -0.3638
vn -0.3645 -0.8572 -0.3637
vn -0.3645 -0.8572 -0.3637
vn -0.3645 -0.8572 -0.3637
vn -0.1002 -0.9899 -0.1
vn -0.1002 -0.9899 -0.1
vn -0.1002 -0.9899 -0.1
vn -0.1002 -0.9899 -0.0999
vn -0.1002 -0.9899 -0.0999
vn -0.1002 -0.9899 -0.0999
vn -0.9562 -0.143 -0.2553
vn -0.9562 -0.143 -0.2553
vn -0.9562 -0.143 -0.2553
vn -0.9564 -0.1408 -0.2557
vn -0.9564 -0.1408 -0.2557
vn -0.9564 -0.1408 -0.2557
vn -0.8285 -0.5144 -0.2215
vn -0.8285 -0.5144 -0.2215
vn -0.8285 -0.5144 -0.2215
vn -0.8277 -0.5158 -0.2211
vn -0.8277 -0.5158 -0.2211
vn -0.8277 -0.5158 -0.2211
vn -0.4972 -0.8574 -0.1329
vn -0.4972 -0.8574 -0.1329
vn -0.4972 -0.8574 -0.1329
vn -0.4977 -0.8571 -0.1329
vn -0.4977 -0.8571 -0.1329
vn -0.4977 -0.8571 -0.1329
vn -0.1367 -0.9899 -0.0365
vn -0.1367 -0.9899 -0.0365
vn -0.1367 -0.9899 -0.0365
vn -0.1367 -0.9899 -0.0365
vn -0.1367 -0.9899 -0.0365
vn -0.1367 -0.9899 -0.0365
vn -0.9565 -0.1408 0.2553
vn -0.9565 -0.1408 0.2553
vn -0.9565 -0.1408 0.2553
vn -0.9561 -0.143 0.2556
vn -0.9561 -0.143 0.2556
vn -0.9561 -0.143 0.2556
vn -0.8277 -0.5157 0.2213
vn -0.8277 -0.5157 0.2213
vn -0.8277 -0.5157 0.2213
vn -0.8285 -0.5144 0.2213
vn -0.8285 -0.5144 0.2213
vn -0.8285 -0.5144 0.2213
vn -0.4977 -0.8571 0.133
vn -0.4977 -0.8571 0.133
vn -0.4977 -0.8571 0.133
vn -0.4972 -0.8574 0.1328
vn -0.4972 -0.8574 0.1328
vn -0.4972 -0.8574 0.1328
vn -0.1367 -0.9899 0.0365
vn -0.1367 -0.9899 0.0365
vn -0.1367 -0.9899 0.0365
vn -0.1367 -0.9899 0.0365
vn -0.1367 -0.9899 0.0365
vn -0.1367 -0.9899 0.0365
vn -0.7009 -0.1425 0.6989
vn -0.7009 -0.1425 0.6989
vn -0.7009 -0.1425 0.6989
vn -0.7012 -0.1409 0.6989
vn -0.7012 -0.1409 0.6989
vn -0.7012 -0.1409 0.6989
vn -0.6074 -0.5144 0.6053
vn -0.6074 -0.5144 0.6053
vn -0.6074 -0.5144 0.6053
vn -0.606 -0.5169 0.6046
vn -0.606 -0.5169 0.6046
vn -0.606 -0.5169 0.6046
vn -0.3646 -0.8572 0.3636
vn -0.3646 -0.8572 0.3636
vn -0.3646 -0.8572 0.3636
vn -0.3647 -0.8571 0.3639
vn -0.3647 -0.8571 0.3639
vn -0.3647 -0.8571 0.3639
vn -0.1002 -0.9899 0.0999
vn -0.1002 -0.9899 0.0999
vn -0.1002 -0.9899 0.0999
vn -0.1002 -0.9899 0.1
vn -0.1002 -0.9899 0.1
vn -0.1002 -0.9899 0.1
vn -0.2567 -0.141 0.9561
vn -0.2567 -0.141 0.9561
vn -0.2567 -0.141 0.9561
vn -0.2568 -0.1407 0.9562
vn -0.2568 -0.1407 0.9562
vn -0.2568 -0.1407 0.9562
vn -0.222 -0.5168 0.8268
vn -0.222 -0.5168 0.8268
vn -0.222 -0.5168 0.8268
vn -0.2224 -0.5156 0.8275
vn -0.2224 -0.5156 0.8275
vn -0.2224 -0.5156 0.8275
vn -0.1338 -0.857 0.4977
vn -0.1338 -0.857 0.4977
vn -0.1338 -0.857 0.4977
vn -0.1338 -0.857 0.4976
vn -0.1338 -0.857 0.4976
vn -0.1338 -0.857 0.4976
vn -0.0367 -0.9899 0.1366
vn -0.0367 -0.9899 0.1366
vn -0.0367 -0.9899 0.1366
vn -0.0367 -0.9899 0.1367
vn -0.0367 -0.9899 0.1367
vn -0.0367 -0.9899 0.1367
vn 0.2566 -0.1407 0.9562
vn 0.2566 -0.1407 0.9562
vn 0.2566 -0.1407 0.9562
vn 0.2567 -0.141 0.9562
vn 0.2567 -0.141 0.9562
vn 0.2567 -0.141 0.9562
vn 0.2221 -0.5156 0.8275
vn 0.2221 -0.5156 0.8275
vn 0.2221 -0.5156 0.8275
vn 0.2222 -0.5169 0.8267
vn 0.2222 -0.5169 0.8267
vn 0.2222 -0.5169 0.8267
vn 0.1337 -0.857 0.4976
vn 0.1337 -0.857 0.4976
vn 0.1337 -0.857 0.4976
vn 0.1337 -0.857 0.4977
vn 0.1337 -0.857 0.4977
vn 0.1337 -0.857 0.4977
vn 0.0367 -0.9899 0.1367
vn 0.0367 -0.9899 0.1367
vn 0.0367 -0.9899 0.1367
vn 0.0367 -0.9899 0.1366
vn 0.0367 -0.9899 0.1366
vn 0.0367 -0.9899 0.1366
vn 0.7012 -0.1409 0.6989
vn 0.7012 -0.1409 0.6989
vn 0.7012 -0.1409 0.6989
vn 0.7012 -0.141 0.6989
vn 0.7012 -0.141 0.6989
vn 0.7012 -0.141 0.6989
vn 0.6064 -0.5168 0.6043
vn 0.6064 -0.5168 0.6043
vn 0.6064 -0.5168 0.6043
vn 0.6071 -0.5144 0.6057
vn 0.6071 -0.5144 0.6057
vn 0.6071 -0.5144 0.6057
vn 0.3647 -0.8571 0.3638
vn 0.3647 -0.8571 0.3638
vn 0.3647 -0.8571 0.3638
vn 0.3645 -0.8572 0.3637
vn 0.3645 -0.8572 0.3637
vn 0.3645 -0.8572 0.3637
vn 0.1002 -0.9899 0.1
vn 0.1002 -0.9899 0.1
vn 0.1002 -0.9899 0.1
vn 0.1002 -0.9899 0.0999
vn 0.1002 -0.9899 0.0999
vn 0.1002 -0.9899 0.0999
vn 0.9564 -0.141 0.2557
vn 0.9564 -0.141 0.2557
vn 0.9564 -0.141 0.2557
vn 0.9564 -0.1408 0.2557
vn 0.9564 -0.1408 0.2557
vn 0.9564 -0.1408 0.2557
vn 0.8285 -0.5144 0.2215
vn 0.8285 -0.5144 0.2215
vn 0.8285 -0.5144 0.2215
vn 0.8277 -0.5158 0.2211
vn 0.8277 -0.5158 0.2211
vn 0.8277 -0.5158 0.2211
vn 0.4972 -0.8574 0.1329
vn 0.4972 -0.8574 0.1329
vn 0.4972 -0.8574 0.1329
vn 0.4977 -0.8571 0.1329
vn 0.4977 -0.8571 0.1329
vn 0.4977 -0.8571 0.1329
vn 0.1367 -0.9899 0.0365
vn 0.1367 -0.9899 0.0365
vn 0.1367 -0.9899 0.0365
vn 0.1367 -0.9899 0.0365
vn 0.1367 -0.9899 0.0365
vn 0.1367 -0.9899 0.0365
vn 0.1367 0.9899 -0.0365
vn 0.1367 0.9899 -0.0365
vn 0.1367 0.9899 -0.0365
vn 0.1367 0.9899 -0.0365
vn 0.1367 0.9899 -0.0365
vn 0.1367 0.9899 -0.0365
vn 0.4977 0.8571 -0.133
vn 0.4977 0.8571 -0.133
vn 0.4977 0.8571 -0.133
vn 0.4973 0.8574 -0.1328
vn 0.4973 0.8574 -0.1328
vn 0.4973 0.8574 -0.1328
vn 0.8291 0.5132 -0.2217
vn 0.8291 0.5132 -0.2217
vn 0.8291 0.5132 -0.2217
vn 0.8284 0.5146 -0.2212
vn 0.8284 0.5146 -0.2212
vn 0.8284 0.5146 -0.2212
vn 0.9564 0.1413 -0.2557
vn 0.9564 0.1413 -0.2557
vn 0.9564 0.1413 -0.2557
vn 0.9564 0.1411 -0.2557
vn 0.9564 0.1411 -0.2557
vn 0.9564 0.1411 -0.2557
vn 0.1002 0.9899 -0.0999
vn 0.1002 0.9899 -0.0999
vn 0.1002 0.9899 -0.0999
vn 0.1002 0.9899 -0.1
vn 0.1002 0.9899 -0.1
vn 0.1002 0.9899 -0.1
vn 0.3646 0.8572 -0.3637
vn 0.3646 0.8572 -0.3637
vn 0.3646 0.8572 -0.3637
vn 0.3647 0.8571 -0.3639
vn 0.3647 0.8571 -0.3639
vn 0.3647 0.8571 -0.3639
vn 0.6069 0.5157 -0.6048
vn 0.6069 0.5157 -0.6048
vn 0.6069 0.5157 -0.6048
vn 0.6076 0.5132 -0.6062
vn 0.6076 0.5132 -0.6062
vn 0.6076 0.5132 -0.6062
vn 0.7012 0.1412 -0.6989
vn 0.7012 0.1412 -0.6989
vn 0.7012 0.1412 -0.6989
vn 0.7012 0.1413 -0.6988
vn 0.7012 0.1413 -0.6988
vn 0.7012 0.1413 -0.6988
vn 0.0367 0.9899 -0.1366
vn 0.0367 0.9899 -0.1366
vn 0.0367 0.9899 -0.1366
vn 0.0367 0.9899 -0.1367
vn 0.0367 0.9899 -0.1367
vn 0.0367 0.9899 -0.1367
vn 0.1337 0.857 -0.4977
vn 0.1337 0.857 -0.4977
vn 0.1337 0.857 -0.4977
vn 0.1337 0.857 -0.4976
vn 0.1337 0.857 -0.4976
vn 0.1337 0.857 -0.4976
vn 0.2223 0.5145 -0.8282
vn 0.2223 0.5145 -0.8282
vn 0.2223 0.5145 -0.8282
vn 0.2223 0.5157 -0.8274
vn 0.2223 0.5157 -0.8274
vn 0.2223 0.5157 -0.8274
vn 0.2566 0.141 -0.9562
vn 0.2566 0.141 -0.9562
vn 0.2566 0.141 -0.9562
vn 0.2567 0.1413 -0.9561
vn 0.2567 0.1413 -0.9561
vn 0.2567 0.1413 -0.9561
vn -0.0368 0.9899 -0.1367
vn -0.0368 0.9899 -0.1367
vn -0.0368 0.9899 -0.1367
vn -0.0367 0.9899 -0.1366
vn -0.0367 0.9899 -0.1366
vn -0.0367 0.9899 -0.1366
vn -0.1338 0.857 -0.4976
vn -0.1338 0.857 -0.4976
vn -0.1338 0.857 -0.4976
vn -0.1338 0.857 -0.4977
vn -0.1338 0.857 -0.4977
vn -0.1338 0.857 -0.4977
vn -0.2222 0.5157 -0.8275
vn -0.2222 0.5157 -0.8275
vn -0.2222 0.5157 -0.8275
vn -0.2226 0.5144 -0.8281
vn -0.2226 0.5144 -0.8281
vn -0.2226 0.5144 -0.8281
vn -0.2567 0.1413 -0.9561
vn -0.2567 0.1413 -0.9561
vn -0.2567 0.1413 -0.9561
vn -0.2568 0.141 -0.9561
vn -0.2568 0.141 -0.9561
vn -0.2568 0.141 -0.9561
vn -0.1002 0.9899 -0.0999
vn -0.1002 0.9899 -0.0999
vn -0.1002 0.9899 -0.0999
vn -0.1001 0.9899 -0.0999
vn -0.1001 0.9899 -0.0999
vn -0.1001 0.9899 -0.0999
vn -0.3647 0.8571 -0.3638
vn -0.3647 0.8571 -0.3638
vn -0.3647 0.8571 -0.3638
vn -0.3645 0.8572 -0.3637
vn -0.3645 0.8572 -0.3637
vn -0.3645 0.8572 -0.3637
vn -0.6079 0.5133 -0.6058
vn -0.6079 0.5133 -0.6058
vn -0.6079 0.5133 -0.6058
vn -0.6065 0.5157 -0.6051
vn -0.6065 0.5157 -0.6051
vn -0.6065 0.5157 -0.6051
vn -0.7008 0.1428 -0.6989
vn -0.7008 0.1428 -0.6989
vn -0.7008 0.1428 -0.6989
vn -0.7012 0.1412 -0.6989
vn -0.7012 0.1412 -0.6989
vn -0.7012 0.1412 -0.6989
vn -0.1367 0.9899 -0.0365
vn -0.1367 0.9899 -0.0365
vn -0.1367 0.9899 -0.0365
vn -0.1367 0.9899 -0.0365
vn -0.1367 0.9899 -0.0365
vn -0.1367 0.9899 -0.0365
vn -0.4972 0.8574 -0.1329
vn -0.4972 0.8574 -0.1329
vn -0.4972 0.8574 -0.1329
vn -0.4977 0.8571 -0.1329
vn -0.4977 0.8571 -0.1329
vn -0.4977 0.8571 -0.1329
vn -0.8283 0.5146 -0.2215
vn -0.8283 0.5146 -0.2215
vn -0.8283 0.5146 -0.2215
vn -0.8292 0.5132 -0.2214
vn -0.8292 0.5132 -0.2214
vn -0.8292 0.5132 -0.2214
vn -0.9565 0.1411 -0.2553
vn -0.9565 0.1411 -0.2553
vn -0.9565 0.1411 -0.2553
vn -0.9561 0.1433 -0.2556
vn -0.9561 0.1433 -0.2556
vn -0.9561 0.1433 -0.2556
vn -0.1367 0.9899 0.0365
vn -0.1367 0.9899 0.0365
vn -0.1367 0.9899 0.0365
vn -0.1367 0.9899 0.0365
vn -0.1367 0.9899 0.0365
vn -0.1367 0.9899 0.0365
vn -0.4977 0.8571 0.133
vn -0.4977 0.8571 0.133
vn -0.4977 0.8571 0.133
vn -0.4973 0.8574 0.1328
vn -0.4973 0.8574 0.1328
vn -0.4973 0.8574 0.1328
vn -0.8291 0.5132 0.2217
vn -0.8291 0.5132 0.2217
vn -0.8291 0.5132 0.2217
vn -0.8284 0.5146 0.2212
vn -0.8284 0.5146 0.2212
vn -0.8284 0.5146 0.2212
vn -0.9562 0.1433 0.2552
vn -0.9562 0.1433 0.2552
vn -0.9562 0.1433 0.2552
vn -0.9564 0.1411 0.2557
vn -0.9564 0.1411 0.2557
vn -0.9564 0.1411 0.2557
vn -0.1002 0.9899 0.0999
vn -0.1002 0.9899 0.0999
vn -0.1002 0.9899 0.0999
vn -0.1002 0.9899 0.1
vn -0.1002 0.9899 0.1
vn -0.1002 0.9899 0.1
vn -0.3646 0.8572 0.3637
vn -0.3646 0.8572 0.3637
vn -0.3646 0.8572 0.3637
vn -0.3647 0.8571 0.3639
vn -0.3647 0.8571 0.3639
vn -0.3647 0.8571 0.3639
vn -0.6069 0.5157 0.6048
vn -0.6069 0.5157 0.6048
vn -0.6069 0.5157 0.6048
vn -0.6076 0.5132 0.6062
vn -0.6076 0.5132 0.6062
vn -0.6076 0.5132 0.6062
vn -0.701 0.1412 0.6991
vn -0.701 0.1412 0.6991
vn -0.701 0.1412 0.6991
vn -0.701 0.1428 0.6987
vn -0.701 0.1428 0.6987
vn -0.701 0.1428 0.6987
vn -0.0367 0.9899 0.1366
vn -0.0367 0.9899 0.1366
vn -0.0367 0.9899 0.1366
vn -0.0367 0.9899 0.1367
vn -0.0367 0.9899 0.1367
vn -0.0367 0.9899 0.1367
vn -0.1338 0.857 0.4977
vn -0.1338 0.857 0.4977
vn -0.1338 0.857 0.4977
vn -0.1338 0.857 0.4976
vn -0.1338 0.857 0.4976
vn -0.1338 0.857 0.4976
vn -0.2224 0.5145 0.8282
vn -0.2224 0.5145 0.8282
vn -0.2224 0.5145 0.8282
vn -0.2224 0.5157 0.8274
vn -0.2224 0.5157 0.8274
vn -0.2224 0.5157 0.8274
vn -0.2567 0.141 0.9561
vn -0.2567 0.141 0.9561
vn -0.2567 0.141 0.9561
vn -0.2568 0.1413 0.9561
vn -0.2568 0.1413 0.9561
vn -0.2568 0.1413 0.9561
vn 0.0367 0.9899 0.1367
vn 0.0367 0.9899 0.1367
vn 0.0367 0.9899 0.1367
vn 0.0367 0.9899 0.1366
vn 0.0367 0.9899 0.1366
vn 0.0367 0.9899 0.1366
vn 0.1337 0.857 0.4976
vn 0.1337 0.857 0.4976
vn 0.1337 0.857 0.4976
vn 0.1337 0.857 0.4977
vn 0.1337 0.857 0.4977
vn 0.1337 0.857 0.4977
vn 0.2221 0.5157 0.8275
vn 0.2221 0.5157 0.8275
vn 0.2221 0.5157 0.8275
vn 0.2225 0.5145 0.8281
vn 0.2225 0.5145 0.8281
vn 0.2225 0.5145 0.8281
vn 0.2566 0.1413 0.9561
vn 0.2566 0.1413 0.9561
vn 0.2566 0.1413 0.9561
vn 0.2567 0.141 0.9562
vn 0.2567 0.141 0.9562
vn 0.2567 0.141 0.9562
vn 0.1002 0.9899 0.0999
vn 0.1002 0.9899 0.0999
vn 0.1002 0.9899 0.0999
vn 0.1001 0.9899 0.0999
vn 0.1001 0.9899 0.0999
vn 0.1001 0.9899 0.0999
vn 0.3647 0.8571 0.3638
vn 0.3647 0.8571 0.3638
vn 0.3647 0.8571 0.3638
vn 0.3645 0.8572 0.3637
vn 0.3645 0.8572 0.3637
vn 0.3645 0.8572 0.3637
vn 0.6079 0.5133 0.6058
vn 0.6079 0.5133 0.6058
vn 0.6079 0.5133 0.6058
vn 0.6065 0.5157 0.6051
vn 0.6065 0.5157 0.6051
vn 0.6065 0.5157 0.6051
vn 0.7012 0.1413 0.6989
vn 0.7012 0.1413 0.6989
vn 0.7012 0.1413 0.6989
vn 0.7012 0.1412 0.6989
vn 0.7012 0.1412 0.6989
vn 0.7012 0.1412 0.6989
vn 0.1367 0.9899 0.0365
vn 0.1367 0.9899 0.0365
vn 0.1367 0.9899 0.0365
vn 0.1367 0.9899 0.0365
vn 0.1367 0.9899 0.0365
vn 0.1367 0.9899 0.0365
vn 0.4972 0.8574 0.1329
vn 0.4972 0.8574 0.1329
vn 0.4972 0.8574 0.1329
vn 0.4977 0.8571 0.1329
vn 0.4977 0.8571 0.1329
vn 0.4977 0.8571 0.1329
vn 0.8283 0.5146 0.2215
vn 0.8283 0.5146 0.2215
vn 0.8283 0.5146 0.2215
vn 0.8292 0.5132 0.2214
vn 0.8292 0.5132 0.2214
vn 0.8292 0.5132 0.2214
vn 0.9564 0.1411 0.2557
vn 0.9564 0.1411 0.2557
vn 0.9564 0.1411 0.2557
vn 0.9564 0.1413 0.2557
vn 0.9564 0.1413 0.2557
vn 0.9564 0.1413 0.2557
vn -0.1299 0.3788 -0.9163
vn -0.1299 0.3788 -0.9163
vn -0.1299 0.3788 -0.9163
vn -0.1285 0.3718 -0.9194
vn -0.1285 0.3718 -0.9194
vn -0.1285 0.3718 -0.9194
vn 0.0476 0.9038 -0.4252
vn 0.0476 0.9038 -0.4252
vn 0.0476 0.9038 -0.4252
vn 0.0827 0.9207 -0.3815
vn 0.0827 0.9207 -0.3815
vn 0.0827 0.9207 -0.3815
vn 0.229 0.8991 0.3731
vn 0.229 0.8991 0.3731
vn 0.229 0.8991 0.3731
vn 0.2531 0.9175 0.307
vn 0.2531 0.9175 0.307
vn 0.2531 0.9175 0.307
vn 0.2568 0.3804 0.8884
vn 0.2568 0.3804 0.8884
vn 0.2568 0.3804 0.8884
vn 0.2622 0.3699 0.8913
vn 0.2622 0.3699 0.8913
vn 0.2622 0.3699 0.8913
vn 0.1039 -0.3812 0.9186
vn 0.1039 -0.3812 0.9186
vn 0.1039 -0.3812 0.9186
vn 0.0992 -0.3685 0.9243
vn 0.0992 -0.3685 0.9243
vn 0.0992 -0.3685 0.9243
vn -0.0819 -0.9205 0.382
vn -0.0819 -0.9205 0.382
vn -0.0819 -0.9205 0.382
vn -0.0979 -0.8923 0.4407
vn -0.0979 -0.8923 0.4407
vn -0.0979 -0.8923 0.4407
vn -0.2062 -0.904 -0.3746
vn -0.2062 -0.904 -0.3746
vn -0.2062 -0.904 -0.3746
vn -0.2217 -0.9207 -0.321
vn -0.2217 -0.9207 -0.321
vn -0.2217 -0.9207 -0.321
vn -0.2329 -0.3716 -0.8987
vn -0.2329 -0.3716 -0.8987
vn -0.2329 -0.3716 -0.8987
vn -0.2303 -0.3787 -0.8964
vn -0.2303 -0.3787 -0.8964
vn -0.2303 -0.3787 -0.8964
vn -0.4709 0.3794 -0.7965
vn -0.4709 0.3794 -0.7965
vn -0.4709 0.3794 -0.7965
vn -0.4707 0.3726 -0.7998
vn -0.4707 0.3726 -0.7998
vn -0.4707 0.3726 -0.7998
vn -0.1196 0.9037 -0.4111
vn -0.1196 0.9037 -0.4111
vn -0.1196 0.9037 -0.4111
vn -0.0701 0.9207 -0.3839
vn -0.0701 0.9207 -0.3839
vn -0.0701 0.9207 -0.3839
vn 0.3534 0.8993 0.2574
vn 0.3534 0.8993 0.2574
vn 0.3534 0.8993 0.2574
vn 0.3504 0.9177 0.1872
vn 0.3504 0.9177 0.1872
vn 0.3504 0.9177 0.1872
vn 0.5763 0.3811 0.723
vn 0.5763 0.3811 0.723
vn 0.5763 0.3811 0.723
vn 0.5831 0.3694 0.7236
vn 0.5831 0.3694 0.7236
vn 0.5831 0.3694 0.7236
vn 0.4473 -0.38 0.8096
vn 0.4473 -0.38 0.8096
vn 0.4473 -0.38 0.8096
vn 0.4454 -0.3693 0.8156
vn 0.4454 -0.3693 0.8156
vn 0.4454 -0.3693 0.8156
vn 0.0696 -0.9206 0.3842
vn 0.0696 -0.9206 0.3842
vn 0.0696 -0.9206 0.3842
vn 0.0771 -0.8927 0.4439
vn 0.0771 -0.8927 0.4439
vn 0.0771 -0.8927 0.4439
vn -0.3339 -0.904 -0.267
vn -0.3339 -0.904 -0.267
vn -0.3339 -0.904 -0.267
vn -0.3277 -0.9209 -0.2111
vn -0.3277 -0.9209 -0.2111
vn -0.3277 -0.9209 -0.2111
vn -0.5593 -0.3716 -0.741
vn -0.5593 -0.3716 -0.741
vn -0.5593 -0.3716 -0.741
vn -0.5557 -0.3794 -0.7398
vn -0.5557 -0.3794 -0.7398
vn -0.5557 -0.3794 -0.7398
vn -0.7395 0.3799 -0.5557
vn -0.7395 0.3799 -0.5557
vn -0.7395 0.3799 -0.5557
vn -0.7409 0.3716 -0.5595
vn -0.7409 0.3716 -0.5595
vn -0.7409 0.3716 -0.5595
vn -0.2657 0.9044 -0.3337
vn -0.2657 0.9044 -0.3337
vn -0.2657 0.9044 -0.3337
vn -0.2126 0.9205 -0.3279
vn -0.2126 0.9205 -0.3279
vn -0.2126 0.9205 -0.3279
vn 0.4251 0.8994 0.1019
vn 0.4251 0.8994 0.1019
vn 0.4251 0.8994 0.1019
vn 0.3949 0.918 0.0372
vn 0.3949 0.918 0.0372
vn 0.3949 0.918 0.0372
vn 0.8098 0.38 0.447
vn 0.8098 0.38 0.447
vn 0.8098 0.38 0.447
vn 0.8155 0.3698 0.4452
vn 0.8155 0.3698 0.4452
vn 0.8155 0.3698 0.4452
vn 0.723 -0.3806 0.5766
vn 0.723 -0.3806 0.5766
vn 0.723 -0.3806 0.5766
vn 0.7236 -0.3694 0.5831
vn 0.7236 -0.3694 0.5831
vn 0.7236 -0.3694 0.5831
vn 0.2109 -0.9212 0.3268
vn 0.2109 -0.9212 0.3268
vn 0.2109 -0.9212 0.3268
vn 0.2423 -0.8919 0.3818
vn 0.2423 -0.8919 0.3818
vn 0.2423 -0.8919 0.3818
vn -0.4105 -0.9041 -0.1184
vn -0.4105 -0.9041 -0.1184
vn -0.4105 -0.9041 -0.1184
vn -0.3839 -0.9207 -0.0701
vn -0.3839 -0.9207 -0.0701
vn -0.3839 -0.9207 -0.0701
vn -0.8 -0.3721 -0.4707
vn -0.8 -0.3721 -0.4707
vn -0.8 -0.3721 -0.4707
vn -0.7965 -0.3794 -0.4709
vn -0.7965 -0.3794 -0.4709
vn -0.7965 -0.3794 -0.4709
vn -0.8964 0.3787 -0.2303
vn -0.8964 0.3787 -0.2303
vn -0.8964 0.3787 -0.2303
vn -0.8987 0.3715 -0.2329
vn -0.8987 0.3715 -0.2329
vn -0.8987 0.3715 -0.2329
vn -0.3746 0.904 -0.2062
vn -0.3746 0.904 -0.2062
vn -0.3746 0.904 -0.2062
vn -0.3195 0.9212 -0.2221
vn -0.3195 0.9212 -0.2221
vn -0.3195 0.9212 -0.2221
vn 0.4307 0.8998 -0.0693
vn 0.4307 0.8998 -0.0693
vn 0.4307 0.8998 -0.0693
vn 0.3807 0.9175 -0.1151
vn 0.3807 0.9175 -0.1151
vn 0.3807 0.9175 -0.1151
vn 0.9186 0.3812 0.1039
vn 0.9186 0.3812 0.1039
vn 0.9186 0.3812 0.1039
vn 0.9243 0.3685 0.0992
vn 0.9243 0.3685 0.0992
vn 0.9243 0.3685 0.0992
vn 0.8885 -0.3804 0.2565
vn 0.8885 -0.3804 0.2565
vn 0.8885 -0.3804 0.2565
vn 0.8915 -0.3694 0.2621
vn 0.8915 -0.3694 0.2621
vn 0.8915 -0.3694 0.2621
vn 0.3211 -0.9206 0.2224
vn 0.3211 -0.9206 0.2224
vn 0.3211 -0.9206 0.2224
vn 0.369 -0.8925 0.2594
vn 0.369 -0.8925 0.2594
vn 0.369 -0.8925 0.2594
vn -0.425 -0.904 0.0471
vn -0.425 -0.904 0.0471
vn -0.425 -0.904 0.0471
vn -0.3802 -0.9212 0.083
vn -0.3802 -0.9212 0.083
vn -0.3802 -0.9212 0.083
vn -0.9193 -0.3719 -0.1287
vn -0.9193 -0.3719 -0.1287
vn -0.9193 -0.3719 -0.1287
vn -0.9165 -0.3783 -0.1301
vn -0.9165 -0.3783 -0.1301
vn -0.9165 -0.3783 -0.1301
vn -0.9163 0.3788 0.1302
vn -0.9163 0.3788 0.1302
vn -0.9163 0.3788 0.1302
vn -0.9193 0.3719 0.1287
vn -0.9193 0.3719 0.1287
vn -0.9193 0.3719 0.1287
vn -0.425 0.904 -0.0471
vn -0.425 0.904 -0.0471
vn -0.425 0.904 -0.0471
vn -0.3815 0.9207 -0.082
vn -0.3815 0.9207 -0.082
vn -0.3815 0.9207 -0.082
vn 0.3732 0.8992 -0.2284
vn 0.3732 0.8992 -0.2284
vn 0.3732 0.8992 -0.2284
vn 0.3073 0.9175 -0.2524
vn 0.3073 0.9175 -0.2524
vn 0.3073 0.9175 -0.2524
vn 0.8885 0.3804 -0.2565
vn 0.8885 0.3804 -0.2565
vn 0.8885 0.3804 -0.2565
vn 0.8914 0.3699 -0.2618
vn 0.8914 0.3699 -0.2618
vn 0.8914 0.3699 -0.2618
vn 0.9189 -0.3807 -0.1037
vn 0.9189 -0.3807 -0.1037
vn 0.9189 -0.3807 -0.1037
vn 0.9241 -0.369 -0.0994
vn 0.9241 -0.369 -0.0994
vn 0.9241 -0.369 -0.0994
vn 0.3808 -0.921 0.0822
vn 0.3808 -0.921 0.0822
vn 0.3808 -0.921 0.0822
vn 0.4409 -0.8921 0.0986
vn 0.4409 -0.8921 0.0986
vn 0.4409 -0.8921 0.0986
vn -0.3733 -0.9044 0.2065
vn -0.3733 -0.9044 0.2065
vn -0.3733 -0.9044 0.2065
vn -0.321 -0.9207 0.2217
vn -0.321 -0.9207 0.2217
vn -0.321 -0.9207 0.2217
vn -0.8989 -0.371 0.2331
vn -0.8989 -0.371 0.2331
vn -0.8989 -0.371 0.2331
vn -0.8963 -0.3792 0.2301
vn -0.8963 -0.3792 0.2301
vn -0.8963 -0.3792 0.2301
vn -0.7965 0.3794 0.4709
vn -0.7965 0.3794 0.4709
vn -0.7965 0.3794 0.4709
vn -0.8 0.3721 0.4707
vn -0.8 0.3721 0.4707
vn -0.8 0.3721 0.4707
vn -0.4114 0.9036 0.1192
vn -0.4114 0.9036 0.1192
vn -0.4114 0.9036 0.1192
vn -0.3841 0.9207 0.0695
vn -0.3841 0.9207 0.0695
vn -0.3841 0.9207 0.0695
vn 0.2571 0.8992 -0.354
vn 0.2571 0.8992 -0.354
vn 0.2571 0.8992 -0.354
vn 0.1867 0.9176 -0.351
vn 0.1867 0.9176 -0.351
vn 0.1867 0.9176 -0.351
vn 0.723 0.3806 -0.5766
vn 0.723 0.3806 -0.5766
vn 0.723 0.3806 -0.5766
vn 0.7236 0.3694 -0.5831
vn 0.7236 0.3694 -0.5831
vn 0.7236 0.3694 -0.5831
vn 0.8095 -0.3805 -0.4471
vn 0.8095 -0.3805 -0.4471
vn 0.8095 -0.3805 -0.4471
vn 0.8155 -0.3698 -0.4452
vn 0.8155 -0.3698 -0.4452
vn 0.8155 -0.3698 -0.4452
vn 0.384 -0.9207 -0.0702
vn 0.384 -0.9207 -0.0702
vn 0.384 -0.9207 -0.0702
vn 0.4449 -0.8922 -0.0779
vn 0.4449 -0.8922 -0.0779
vn 0.4449 -0.8922 -0.0779
vn -0.267 -0.904 0.3339
vn -0.267 -0.904 0.3339
vn -0.267 -0.904 0.3339
vn -0.2126 -0.9205 0.3279
vn -0.2126 -0.9205 0.3279
vn -0.2126 -0.9205 0.3279
vn -0.7408 -0.3721 0.5592
vn -0.7408 -0.3721 0.5592
vn -0.7408 -0.3721 0.5592
vn -0.7395 -0.3799 0.5557
vn -0.7395 -0.3799 0.5557
vn -0.7395 -0.3799 0.5557
vn -0.5559 0.3794 0.7396
vn -0.5559 0.3794 0.7396
vn -0.5559 0.3794 0.7396
vn -0.5592 0.3721 0.7408
vn -0.5592 0.3721 0.7408
vn -0.5592 0.3721 0.7408
vn -0.3339 0.904 0.267
vn -0.3339 0.904 0.267
vn -0.3339 0.904 0.267
vn -0.3279 0.9205 0.2126
vn -0.3279 0.9205 0.2126
vn -0.3279 0.9205 0.2126
vn 0.1019 0.8994 -0.4251
vn 0.1019 0.8994 -0.4251
vn 0.1019 0.8994 -0.4251
vn 0.0388 0.9176 -0.3956
vn 0.0388 0.9176 -0.3956
vn 0.0388 0.9176 -0.3956
vn 0.447 0.3806 -0.8095
vn 0.447 0.3806 -0.8095
vn 0.447 0.3806 -0.8095
vn 0.4451 0.3692 -0.8158
vn 0.4451 0.3692 -0.8158
vn 0.4451 0.3692 -0.8158
vn 0.5763 -0.3811 -0.723
vn 0.5763 -0.3811 -0.723
vn 0.5763 -0.3811 -0.723
vn 0.5834 -0.3688 -0.7236
vn 0.5834 -0.3688 -0.7236
vn 0.5834 -0.3688 -0.7236
vn 0.3279 -0.9207 -0.2115
vn 0.3279 -0.9207 -0.2115
vn 0.3279 -0.9207 -0.2115
vn 0.3806 -0.8926 -0.2416
vn 0.3806 -0.8926 -0.2416
vn 0.3806 -0.8926 -0.2416
vn -0.1196 -0.9037 0.4111
vn -0.1196 -0.9037 0.4111
vn -0.1196 -0.9037 0.4111
vn -0.0687 -0.9211 0.3831
vn -0.0687 -0.9211 0.3831
vn -0.0687 -0.9211 0.3831
vn -0.4707 -0.3726 0.7998
vn -0.4707 -0.3726 0.7998
vn -0.4707 -0.3726 0.7998
vn -0.4709 -0.3789 0.7967
vn -0.4709 -0.3789 0.7967
vn -0.4709 -0.3789 0.7967
vn 1.0 0.0 0.0
vn 1.0 0.0 0.0
vn 1.0 0.0 0.0
vn 1.0 0.0 0.0
vn 1.0 0.0 0.0
vn 1.0 0.0 0.0
vn 1.0 0.0 0.0
vn 1.0 0.0 0.0
vn 1.0 0.0 0.0
vn 1.0 0.0 0.0
vn 1.0 0.0 0.0
vn 1.0 0.0 0.0
vn 1.0 0.0 0.0
vn 1.0 0.0 0.0
vn 1.0 0.0 0.0
vn 1.0 0.0 0.0
vn 1.0 0.0 0.0
vn 1.0 0.0 0.0
vn 0.9165 0.3783 -0.1301
vn 0.9165 0.3783 -0.1301
vn 0.9165 0.3783 -0.1301
vn 0.9193 0.3719 -0.1287
vn 0.9193 0.3719 -0.1287
vn 0.9193 0.3719 -0.1287
vn 0.425 0.904 0.0471
vn 0.425 0.904 0.0471
vn 0.425 0.904 0.0471
vn 0.3802 0.9212 0.083
vn 0.3802 0.9212 0.083
vn 0.3802 0.9212 0.083
vn -0.3719 0.8996 0.2289
vn -0.3719 0.8996 0.2289
vn -0.3719 0.8996 0.2289
vn -0.3073 0.9175 0.2524
vn -0.3073 0.9175 0.2524
vn -0.3073 0.9175 0.2524
vn -0.8885 0.3804 0.2565
vn -0.8885 0.3804 0.2565
vn -0.8885 0.3804 0.2565
vn -0.8915 0.3694 0.2621
vn -0.8915 0.3694 0.2621
vn -0.8915 0.3694 0.2621
vn -0.9186 -0.3812 0.1039
vn -0.9186 -0.3812 0.1039
vn -0.9186 -0.3812 0.1039
vn -0.9243 -0.3685 0.0992
vn -0.9243 -0.3685 0.0992
vn -0.9243 -0.3685 0.0992
vn -0.382 -0.9205 -0.0819
vn -0.382 -0.9205 -0.0819
vn -0.382 -0.9205 -0.0819
vn -0.4407 -0.8923 -0.0979
vn -0.4407 -0.8923 -0.0979
vn -0.4407 -0.8923 -0.0979
vn 0.3746 -0.904 -0.2062
vn 0.3746 -0.904 -0.2062
vn 0.3746 -0.904 -0.2062
vn 0.321 -0.9207 -0.2217
vn 0.321 -0.9207 -0.2217
vn 0.321 -0.9207 -0.2217
vn 0.8987 -0.3716 -0.2329
vn 0.8987 -0.3716 -0.2329
vn 0.8987 -0.3716 -0.2329
vn 0.8964 -0.3787 -0.2303
vn 0.8964 -0.3787 -0.2303
vn 0.8964 -0.3787 -0.2303
vn 0.7965 0.3794 -0.4709
vn 0.7965 0.3794 -0.4709
vn 0.7965 0.3794 -0.4709
vn 0.7998 0.3726 -0.4707
vn 0.7998 0.3726 -0.4707
vn 0.7998 0.3726 -0.4707
vn 0.4111 0.9037 -0.1196
vn 0.4111 0.9037 -0.1196
vn 0.4111 0.9037 -0.1196
vn 0.3839 0.9207 -0.0701
vn 0.3839 0.9207 -0.0701
vn 0.3839 0.9207 -0.0701
vn -0.2574 0.8993 0.3534
vn -0.2574 0.8993 0.3534
vn -0.2574 0.8993 0.3534
vn -0.1872 0.9177 0.3504
vn -0.1872 0.9177 0.3504
vn -0.1872 0.9177 0.3504
vn -0.723 0.3811 0.5763
vn -0.723 0.3811 0.5763
vn -0.723 0.3811 0.5763
vn -0.7236 0.3694 0.5831
vn -0.7236 0.3694 0.5831
vn -0.7236 0.3694 0.5831
vn -0.8098 -0.3801 0.447
vn -0.8098 -0.3801 0.447
vn -0.8098 -0.3801 0.447
vn -0.8155 -0.3698 0.4452
vn -0.8155 -0.3698 0.4452
vn -0.8155 -0.3698 0.4452
vn -0.3842 -0.9206 0.0696
vn -0.3842 -0.9206 0.0696
vn -0.3842 -0.9206 0.0696
vn -0.4453 -0.892 0.0773
vn -0.4453 -0.892 0.0773
vn -0.4453 -0.892 0.0773
vn 0.2668 -0.9039 -0.3343
vn 0.2668 -0.9039 -0.3343
vn 0.2668 -0.9039 -0.3343
vn 0.2122 -0.9204 -0.3283
vn 0.2122 -0.9204 -0.3283
vn 0.2122 -0.9204 -0.3283
vn 0.7409 -0.3716 -0.5595
vn 0.7409 -0.3716 -0.5595
vn 0.7409 -0.3716 -0.5595
vn 0.7395 -0.3799 -0.5557
vn 0.7395 -0.3799 -0.5557
vn 0.7395 -0.3799 -0.5557
vn 0.5557 0.3799 -0.7395
vn 0.5557 0.3799 -0.7395
vn 0.5557 0.3799 -0.7395
vn 0.5595 0.3716 -0.7409
vn 0.5595 0.3716 -0.7409
vn 0.5595 0.3716 -0.7409
vn 0.3337 0.9044 -0.2657
vn 0.3337 0.9044 -0.2657
vn 0.3337 0.9044 -0.2657
vn 0.3279 0.9205 -0.2126
vn 0.3279 0.9205 -0.2126
vn 0.3279 0.9205 -0.2126
vn -0.1019 0.8994 0.4251
vn -0.1019 0.8994 0.4251
vn -0.1019 0.8994 0.4251
vn -0.0372 0.918 0.3949
vn -0.0372 0.918 0.3949
vn -0.0372 0.918 0.3949
vn -0.447 0.3801 0.8098
vn -0.447 0.3801 0.8098
vn -0.447 0.3801 0.8098
vn -0.4452 0.3698 0.8155
vn -0.4452 0.3698 0.8155
vn -0.4452 0.3698 0.8155
vn -0.5763 -0.3811 0.723
vn -0.5763 -0.3811 0.723
vn -0.5763 -0.3811 0.723
vn -0.5831 -0.3694 0.7236
vn -0.5831 -0.3694 0.7236
vn -0.5831 -0.3694 0.7236
vn -0.3275 -0.9208 0.212
vn -0.3275 -0.9208 0.212
vn -0.3275 -0.9208 0.212
vn -0.3812 -0.8921 0.2427
vn -0.3812 -0.8921 0.2427
vn -0.3812 -0.8921 0.2427
vn 0.1196 -0.9037 -0.4111
vn 0.1196 -0.9037 -0.4111
vn 0.1196 -0.9037 -0.4111
vn 0.0701 -0.9207 -0.3839
vn 0.0701 -0.9207 -0.3839
vn 0.0701 -0.9207 -0.3839
vn 0.4707 -0.3726 -0.7998
vn 0.4707 -0.3726 -0.7998
vn 0.4707 -0.3726 -0.7998
vn 0.4709 -0.3794 -0.7965
vn 0.4709 -0.3794 -0.7965
vn 0.4709 -0.3794 -0.7965
vn -0.1301 0.3783 -0.9165
vn -0.1301 0.3783 -0.9165
vn -0.1301 0.3783 -0.9165
vn -0.1287 0.3719 -0.9193
vn -0.1287 0.3719 -0.9193
vn -0.1287 0.3719 -0.9193
vn 0.0471 0.904 -0.425
vn 0.0471 0.904 -0.425
vn 0.0471 0.904 -0.425
vn 0.083 0.9212 -0.3802
vn 0.083 0.9212 -0.3802
vn 0.083 0.9212 -0.3802
vn 0.2289 0.8996 0.3719
vn 0.2289 0.8996 0.3719
vn 0.2289 0.8996 0.3719
vn 0.2524 0.9175 0.3073
vn 0.2524 0.9175 0.3073
vn 0.2524 0.9175 0.3073
vn 0.2565 0.3804 0.8885
vn 0.2565 0.3804 0.8885
vn 0.2565 0.3804 0.8885
vn 0.2621 0.3694 0.8915
vn 0.2621 0.3694 0.8915
vn 0.2621 0.3694 0.8915
vn 0.1039 -0.3812 0.9186
vn 0.1039 -0.3812 0.9186
vn 0.1039 -0.3812 0.9186
vn 0.0992 -0.3685 0.9243
vn 0.0992 -0.3685 0.9243
vn 0.0992 -0.3685 0.9243
vn -0.0825 -0.9205 0.382
vn -0.0825 -0.9205 0.382
vn -0.0825 -0.9205 0.382
vn -0.0982 -0.8928 0.4396
vn -0.0982 -0.8928 0.4396
vn -0.0982 -0.8928 0.4396
vn -0.2062 -0.904 -0.3746
vn -0.2062 -0.904 -0.3746
vn -0.2062 -0.904 -0.3746
vn -0.2221 -0.9212 -0.3195
vn -0.2221 -0.9212 -0.3195
vn -0.2221 -0.9212 -0.3195
vn -0.2329 -0.3715 -0.8987
vn -0.2329 -0.3715 -0.8987
vn -0.2329 -0.3715 -0.8987
vn -0.2303 -0.3787 -0.8964
vn -0.2303 -0.3787 -0.8964
vn -0.2303 -0.3787 -0.8964
vn -0.4709 0.3794 -0.7965
vn -0.4709 0.3794 -0.7965
vn -0.4709 0.3794 -0.7965
vn -0.4707 0.3721 -0.8
vn -0.4707 0.3721 -0.8
vn -0.4707 0.3721 -0.8
vn -0.1184 0.9041 -0.4105
vn -0.1184 0.9041 -0.4105
vn -0.1184 0.9041 -0.4105
vn -0.0701 0.9207 -0.3839
vn -0.0701 0.9207 -0.3839
vn -0.0701 0.9207 -0.3839
vn 0.3534 0.8993 0.2574
vn 0.3534 0.8993 0.2574
vn 0.3534 0.8993 0.2574
vn 0.3503 0.9181 0.1855
vn 0.3503 0.9181 0.1855
vn 0.3503 0.9181 0.1855
vn 0.5766 0.3806 0.723
vn 0.5766 0.3806 0.723
vn 0.5766 0.3806 0.723
vn 0.5831 0.3694 0.7236
vn 0.5831 0.3694 0.7236
vn 0.5831 0.3694 0.7236
vn 0.447 -0.38 0.8098
vn 0.447 -0.38 0.8098
vn 0.447 -0.38 0.8098
vn 0.4452 -0.3698 0.8155
vn 0.4452 -0.3698 0.8155
vn 0.4452 -0.3698 0.8155
vn 0.0694 -0.9212 0.383
vn 0.0694 -0.9212 0.383
vn 0.0694 -0.9212 0.383
vn 0.0773 -0.892 0.4453
vn 0.0773 -0.892 0.4453
vn 0.0773 -0.892 0.4453
vn -0.3337 -0.9044 -0.2657
vn -0.3337 -0.9044 -0.2657
vn -0.3337 -0.9044 -0.2657
vn -0.3279 -0.9205 -0.2126
vn -0.3279 -0.9205 -0.2126
vn -0.3279 -0.9205 -0.2126
vn -0.5595 -0.3716 -0.7409
vn -0.5595 -0.3716 -0.7409
vn -0.5595 -0.3716 -0.7409
vn -0.5557 -0.3799 -0.7395
vn -0.5557 -0.3799 -0.7395
vn -0.5557 -0.3799 -0.7395
vn -0.7396 0.3794 -0.5559
vn -0.7396 0.3794 -0.5559
vn -0.7396 0.3794 -0.5559
vn -0.7408 0.3721 -0.5592
vn -0.7408 0.3721 -0.5592
vn -0.7408 0.3721 -0.5592
vn -0.267 0.904 -0.3339
vn -0.267 0.904 -0.3339
vn -0.267 0.904 -0.3339
vn -0.2111 0.9209 -0.3277
vn -0.2111 0.9209 -0.3277
vn -0.2111 0.9209 -0.3277
vn 0.4245 0.8998 0.1007
vn 0.4245 0.8998 0.1007
vn 0.4245 0.8998 0.1007
vn 0.3956 0.9176 0.0388
vn 0.3956 0.9176 0.0388
vn 0.3956 0.9176 0.0388
vn 0.8095 0.3805 0.4471
vn 0.8095 0.3805 0.4471
vn 0.8095 0.3805 0.4471
vn 0.8158 0.3692 0.4451
vn 0.8158 0.3692 0.4451
vn 0.8158 0.3692 0.4451
vn 0.723 -0.3811 0.5763
vn 0.723 -0.3811 0.5763
vn 0.723 -0.3811 0.5763
vn 0.7236 -0.3688 0.5834
vn 0.7236 -0.3688 0.5834
vn 0.7236 -0.3688 0.5834
vn 0.2115 -0.9207 0.3279
vn 0.2115 -0.9207 0.3279
vn 0.2115 -0.9207 0.3279
vn 0.2416 -0.8926 0.3806
vn 0.2416 -0.8926 0.3806
vn 0.2416 -0.8926 0.3806
vn -0.4111 -0.9037 -0.1196
vn -0.4111 -0.9037 -0.1196
vn -0.4111 -0.9037 -0.1196
vn -0.3831 -0.9211 -0.0687
vn -0.3831 -0.9211 -0.0687
vn -0.3831 -0.9211 -0.0687
vn -0.7998 -0.3726 -0.4707
vn -0.7998 -0.3726 -0.4707
vn -0.7998 -0.3726 -0.4707
vn -0.7967 -0.3789 -0.4709
vn -0.7967 -0.3789 -0.4709
vn -0.7967 -0.3789 -0.4709
vn -0.8963 0.3792 -0.2301
vn -0.8963 0.3792 -0.2301
vn -0.8963 0.3792 -0.2301
vn -0.8987 0.3715 -0.2329
vn -0.8987 0.3715 -0.2329
vn -0.8987 0.3715 -0.2329
vn -0.3746 0.904 -0.2062
vn -0.3746 0.904 -0.2062
vn -0.3746 0.904 -0.2062
vn -0.321 0.9207 -0.2217
vn -0.321 0.9207 -0.2217
vn -0.321 0.9207 -0.2217
vn 0.4317 0.8994 -0.0684
vn 0.4317 0.8994 -0.0684
vn 0.4317 0.8994 -0.0684
vn 0.3807 0.9175 -0.1151
vn 0.3807 0.9175 -0.1151
vn 0.3807 0.9175 -0.1151
vn 0.9186 0.3812 0.1039
vn 0.9186 0.3812 0.1039
vn 0.9186 0.3812 0.1039
vn 0.9241 0.369 0.0994
vn 0.9241 0.369 0.0994
vn 0.9241 0.369 0.0994
vn 0.8887 -0.3799 0.2567
vn 0.8887 -0.3799 0.2567
vn 0.8887 -0.3799 0.2567
vn 0.8914 -0.3699 0.2618
vn 0.8914 -0.3699 0.2618
vn 0.8914 -0.3699 0.2618
vn 0.3201 -0.9211 0.2216
vn 0.3201 -0.9211 0.2216
vn 0.3201 -0.9211 0.2216
vn 0.3701 -0.8918 0.2603
vn 0.3701 -0.8918 0.2603
vn 0.3701 -0.8918 0.2603
vn -0.424 -0.9044 0.0479
vn -0.424 -0.9044 0.0479
vn -0.424 -0.9044 0.0479
vn -0.3815 -0.9207 0.082
vn -0.3815 -0.9207 0.082
vn -0.3815 -0.9207 0.082
vn -0.9195 -0.3713 -0.1286
vn -0.9195 -0.3713 -0.1286
vn -0.9195 -0.3713 -0.1286
vn -0.9163 -0.3788 -0.1302
vn -0.9163 -0.3788 -0.1302
vn -0.9163 -0.3788 -0.1302
vn -0.9163 0.3788 0.1302
vn -0.9163 0.3788 0.1302
vn -0.9163 0.3788 0.1302
vn -0.9195 0.3713 0.1286
vn -0.9195 0.3713 0.1286
vn -0.9195 0.3713 0.1286
vn -0.424 0.9044 -0.0479
vn -0.424 0.9044 -0.0479
vn -0.424 0.9044 -0.0479
vn -0.3815 0.9207 -0.082
vn -0.3815 0.9207 -0.082
vn -0.3815 0.9207 -0.082
vn 0.3732 0.8992 -0.2284
vn 0.3732 0.8992 -0.2284
vn 0.3732 0.8992 -0.2284
vn 0.3057 0.9179 -0.2529
vn 0.3057 0.9179 -0.2529
vn 0.3057 0.9179 -0.2529
vn 0.8887 0.3799 -0.2567
vn 0.8887 0.3799 -0.2567
vn 0.8887 0.3799 -0.2567
vn 0.8914 0.3699 -0.2618
vn 0.8914 0.3699 -0.2618
vn 0.8914 0.3699 -0.2618
vn 0.9186 -0.3812 -0.1039
vn 0.9186 -0.3812 -0.1039
vn 0.9186 -0.3812 -0.1039
vn 0.9241 -0.369 -0.0994
vn 0.9241 -0.369 -0.0994
vn 0.9241 -0.369 -0.0994
vn 0.382 -0.9205 0.0819
vn 0.382 -0.9205 0.0819
vn 0.382 -0.9205 0.0819
vn 0.4407 -0.8923 0.0979
vn 0.4407 -0.8923 0.0979
vn 0.4407 -0.8923 0.0979
vn -0.3746 -0.904 0.2062
vn -0.3746 -0.904 0.2062
vn -0.3746 -0.904 0.2062
vn -0.321 -0.9207 0.2217
vn -0.321 -0.9207 0.2217
vn -0.321 -0.9207 0.2217
vn -0.8987 -0.3715 0.2329
vn -0.8987 -0.3715 0.2329
vn -0.8987 -0.3715 0.2329
vn -0.8963 -0.3792 0.2301
vn -0.8963 -0.3792 0.2301
vn -0.8963 -0.3792 0.2301
vn -0.7967 0.3789 0.4709
vn -0.7967 0.3789 0.4709
vn -0.7967 0.3789 0.4709
vn -0.7998 0.3726 0.4707
vn -0.7998 0.3726 0.4707
vn -0.7998 0.3726 0.4707
vn -0.4111 0.9037 0.1196
vn -0.4111 0.9037 0.1196
vn -0.4111 0.9037 0.1196
vn -0.3831 0.9211 0.0687
vn -0.3831 0.9211 0.0687
vn -0.3831 0.9211 0.0687
vn 0.2561 0.8997 -0.3534
vn 0.2561 0.8997 -0.3534
vn 0.2561 0.8997 -0.3534
vn 0.1872 0.9177 -0.3504
vn 0.1872 0.9177 -0.3504
vn 0.1872 0.9177 -0.3504
vn 0.723 0.3811 -0.5763
vn 0.723 0.3811 -0.5763
vn 0.723 0.3811 -0.5763
vn 0.7236 0.3688 -0.5834
vn 0.7236 0.3688 -0.5834
vn 0.7236 0.3688 -0.5834
vn 0.8095 -0.3805 -0.447
vn 0.8095 -0.3805 -0.447
vn 0.8095 -0.3805 -0.447
vn 0.8158 -0.3692 -0.4451
vn 0.8158 -0.3692 -0.4451
vn 0.8158 -0.3692 -0.4451
vn 0.3842 -0.9206 -0.0696
vn 0.3842 -0.9206 -0.0696
vn 0.3842 -0.9206 -0.0696
vn 0.4439 -0.8927 -0.0771
vn 0.4439 -0.8927 -0.0771
vn 0.4439 -0.8927 -0.0771
vn -0.267 -0.904 0.3339
vn -0.267 -0.904 0.3339
vn -0.267 -0.904 0.3339
vn -0.2111 -0.9209 0.3277
vn -0.2111 -0.9209 0.3277
vn -0.2111 -0.9209 0.3277
vn -0.7408 -0.3721 0.5592
vn -0.7408 -0.3721 0.5592
vn -0.7408 -0.3721 0.5592
vn -0.7396 -0.3794 0.5559
vn -0.7396 -0.3794 0.5559
vn -0.7396 -0.3794 0.5559
vn -0.5557 0.3799 0.7395
vn -0.5557 0.3799 0.7395
vn -0.5557 0.3799 0.7395
vn -0.5595 0.3716 0.7409
vn -0.5595 0.3716 0.7409
vn -0.5595 0.3716 0.7409
vn -0.3337 0.9044 0.2657
vn -0.3337 0.9044 0.2657
vn -0.3337 0.9044 0.2657
vn -0.3279 0.9205 0.2126
vn -0.3279 0.9205 0.2126
vn -0.3279 0.9205 0.2126
vn 0.1019 0.8994 -0.4251
vn 0.1019 0.8994 -0.4251
vn 0.1019 0.8994 -0.4251
vn 0.0372 0.918 -0.3949
vn 0.0372 0.918 -0.3949
vn 0.0372 0.918 -0.3949
vn 0.447 0.38 -0.8098
vn 0.447 0.38 -0.8098
vn 0.447 0.38 -0.8098
vn 0.4452 0.3698 -0.8155
vn 0.4452 0.3698 -0.8155
vn 0.4452 0.3698 -0.8155
vn 0.5766 -0.3806 -0.723
vn 0.5766 -0.3806 -0.723
vn 0.5766 -0.3806 -0.723
vn 0.5831 -0.3694 -0.7236
vn 0.5831 -0.3694 -0.7236
vn 0.5831 -0.3694 -0.7236
vn 0.3268 -0.9212 -0.2109
vn 0.3268 -0.9212 -0.2109
vn 0.3268 -0.9212 -0.2109
vn 0.3818 -0.8919 -0.2423
vn 0.3818 -0.8919 -0.2423
vn 0.3818 -0.8919 -0.2423
vn -0.1184 -0.9041 0.4105
vn -0.1184 -0.9041 0.4105
vn -0.1184 -0.9041 0.4105
vn -0.0701 -0.9207 0.3839
vn -0.0701 -0.9207 0.3839
vn -0.0701 -0.9207 0.3839
vn -0.4707 -0.3721 0.8
vn -0.4707 -0.3721 0.8
vn -0.4707 -0.3721 0.8
vn -0.4709 -0.3794 0.7965
vn -0.4709 -0.3794 0.7965
vn -0.4709 -0.3794 0.7965
vn -0.2303 0.3787 0.8964
vn -0.2303 0.3787 0.8964
vn -0.2303 0.3787 0.8964
vn -0.2329 0.3715 0.8987
vn -0.2329 0.3715 0.8987
vn -0.2329 0.3715 0.8987
vn -0.2062 0.904 0.3746
vn -0.2062 0.904 0.3746
vn -0.2062 0.904 0.3746
vn -0.2221 0.9212 0.3195
vn -0.2221 0.9212 0.3195
vn -0.2221 0.9212 0.3195
vn -0.0693 0.8998 -0.4307
vn -0.0693 0.8998 -0.4307
vn -0.0693 0.8998 -0.4307
vn -0.1151 0.9175 -0.3807
vn -0.1151 0.9175 -0.3807
vn -0.1151 0.9175 -0.3807
vn 0.1039 0.3812 -0.9186
vn 0.1039 0.3812 -0.9186
vn 0.1039 0.3812 -0.9186
vn 0.0992 0.3685 -0.9243
vn 0.0992 0.3685 -0.9243
vn 0.0992 0.3685 -0.9243
vn 0.2565 -0.3804 -0.8885
vn 0.2565 -0.3804 -0.8885
vn 0.2565 -0.3804 -0.8885
vn 0.2621 -0.3694 -0.8915
vn 0.2621 -0.3694 -0.8915
vn 0.2621 -0.3694 -0.8915
vn 0.2224 -0.9206 -0.3211
vn 0.2224 -0.9206 -0.3211
vn 0.2224 -0.9206 -0.3211
vn 0.2594 -0.8925 -0.369
vn 0.2594 -0.8925 -0.369
vn 0.2594 -0.8925 -0.369
vn 0.0471 -0.904 0.425
vn 0.0471 -0.904 0.425
vn 0.0471 -0.904 0.425
vn 0.083 -0.9212 0.3802
vn 0.083 -0.9212 0.3802
vn 0.083 -0.9212 0.3802
vn -0.1287 -0.3719 0.9193
vn -0.1287 -0.3719 0.9193
vn -0.1287 -0.3719 0.9193
vn -0.1301 -0.3783 0.9165
vn -0.1301 -0.3783 0.9165
vn -0.1301 -0.3783 0.9165
vn 0.1302 0.3788 0.9163
vn 0.1302 0.3788 0.9163
vn 0.1302 0.3788 0.9163
vn 0.1287 0.3719 0.9193
vn 0.1287 0.3719 0.9193
vn 0.1287 0.3719 0.9193
vn -0.0471 0.904 0.425
vn -0.0471 0.904 0.425
vn -0.0471 0.904 0.425
vn -0.082 0.9207 0.3815
vn -0.082 0.9207 0.3815
vn -0.082 0.9207 0.3815
vn -0.2284 0.8992 -0.3732
vn -0.2284 0.8992 -0.3732
vn -0.2284 0.8992 -0.3732
vn -0.2524 0.9175 -0.3073
vn -0.2524 0.9175 -0.3073
vn -0.2524 0.9175 -0.3073
vn -0.2565 0.3804 -0.8885
vn -0.2565 0.3804 -0.8885
vn -0.2565 0.3804 -0.8885
vn -0.2618 0.3699 -0.8914
vn -0.2618 0.3699 -0.8914
vn -0.2618 0.3699 -0.8914
vn -0.1037 -0.3807 -0.9189
vn -0.1037 -0.3807 -0.9189
vn -0.1037 -0.3807 -0.9189
vn -0.0994 -0.369 -0.9241
vn -0.0994 -0.369 -0.9241
vn -0.0994 -0.369 -0.9241
vn 0.0822 -0.921 -0.3808
vn 0.0822 -0.921 -0.3808
vn 0.0822 -0.921 -0.3808
vn 0.0986 -0.8921 -0.4409
vn 0.0986 -0.8921 -0.4409
vn 0.0986 -0.8921 -0.4409
vn 0.2065 -0.9044 0.3733
vn 0.2065 -0.9044 0.3733
vn 0.2065 -0.9044 0.3733
vn 0.2217 -0.9207 0.321
vn 0.2217 -0.9207 0.321
vn 0.2217 -0.9207 0.321
vn 0.2331 -0.371 0.8989
vn 0.2331 -0.371 0.8989
vn 0.2331 -0.371 0.8989
vn 0.2301 -0.3792 0.8963
vn 0.2301 -0.3792 0.8963
vn 0.2301 -0.3792 0.8963
vn 0.4522 0.3803 0.8067
vn 0.4522 0.3803 0.8067
vn 0.4522 0.3803 0.8067
vn 0.4524 0.3706 0.8112
vn 0.4524 0.3706 0.8112
vn 0.4524 0.3706 0.8112
vn 0.0802 0.8925 0.4438
vn 0.0802 0.8925 0.4438
vn 0.0802 0.8925 0.4438
vn 0.0101 0.9139 0.4058
vn 0.0101 0.9139 0.4058
vn 0.0101 0.9139 0.4058
vn -0.4055 0.8849 -0.2294
vn -0.4055 0.8849 -0.2294
vn -0.4055 0.8849 -0.2294
vn -0.4012 0.9067 -0.13
vn -0.4012 0.9067 -0.13
vn -0.4012 0.9067 -0.13
vn -0.6011 0.3822 -0.7019
vn -0.6011 0.3822 -0.7019
vn -0.6011 0.3822 -0.7019
vn -0.6093 0.3658 -0.7035
vn -0.6093 0.3658 -0.7035
vn -0.6093 0.3658 -0.7035
vn -0.4181 -0.3816 -0.8244
vn -0.4181 -0.3816 -0.8244
vn -0.4181 -0.3816 -0.8244
vn -0.4166 -0.3662 -0.8321
vn -0.4166 -0.3662 -0.8321
vn -0.4166 -0.3662 -0.8321
vn -0.0101 -0.9139 -0.4058
vn -0.0101 -0.9139 -0.4058
vn -0.0101 -0.9139 -0.4058
vn -0.0233 -0.8726 -0.488
vn -0.0233 -0.8726 -0.488
vn -0.0233 -0.8726 -0.488
vn 0.3792 -0.8928 0.2432
vn 0.3792 -0.8928 0.2432
vn 0.3792 -0.8928 0.2432
vn 0.3711 -0.9137 0.1655
vn 0.3711 -0.9137 0.1655
vn 0.3711 -0.9137 0.1655
vn 0.5767 -0.3701 0.7283
vn 0.5767 -0.3701 0.7283
vn 0.5767 -0.3701 0.7283
vn 0.5723 -0.3809 0.7262
vn 0.5723 -0.3809 0.7262
vn 0.5723 -0.3809 0.7262
vn 0.7523 0.3787 0.539
vn 0.7523 0.3787 0.539
vn 0.7523 0.3787 0.539
vn 0.753 0.374 0.5415
vn 0.753 0.374 0.5415
vn 0.753 0.374 0.5415
vn 0.2904 0.9128 0.2871
vn 0.2904 0.9128 0.2871
vn 0.2904 0.9128 0.2871
vn 0.2589 0.9234 0.2833
vn 0.2589 0.9234 0.2833
vn 0.2589 0.9234 0.2833
vn -0.3854 0.9108 -0.1482
vn -0.3854 0.9108 -0.1482
vn -0.3854 0.9108 -0.1482
vn -0.368 0.9231 -0.1114
vn -0.368 0.9231 -0.1114
vn -0.368 0.9231 -0.1114
vn -0.7941 0.3791 -0.4751
vn -0.7941 0.3791 -0.4751
vn -0.7941 0.3791 -0.4751
vn -0.7979 0.3729 -0.4736
vn -0.7979 0.3729 -0.4736
vn -0.7979 0.3729 -0.4736
vn -0.7432 -0.3796 -0.551
vn -0.7432 -0.3796 -0.551
vn -0.7432 -0.3796 -0.551
vn -0.7433 -0.372 -0.556
vn -0.7433 -0.372 -0.556
vn -0.7433 -0.372 -0.556
vn -0.2583 -0.9237 -0.2829
vn -0.2583 -0.9237 -0.2829
vn -0.2583 -0.9237 -0.2829
vn -0.2756 -0.9081 -0.3152
vn -0.2756 -0.9081 -0.3152
vn -0.2756 -0.9081 -0.3152
vn 0.3764 -0.9126 0.1594
vn 0.3764 -0.9126 0.1594
vn 0.3764 -0.9126 0.1594
vn 0.3594 -0.9242 0.1292
vn 0.3594 -0.9242 0.1292
vn 0.3594 -0.9242 0.1292
vn 0.7879 -0.3745 0.4889
vn 0.7879 -0.3745 0.4889
vn 0.7879 -0.3745 0.4889
vn 0.7862 -0.3777 0.4891
vn 0.7862 -0.3777 0.4891
vn 0.7862 -0.3777 0.4891
vn 0.8963 0.3792 0.2301
vn 0.8963 0.3792 0.2301
vn 0.8963 0.3792 0.2301
vn 0.8989 0.371 0.2331
vn 0.8989 0.371 0.2331
vn 0.8989 0.371 0.2331
vn 0.3733 0.9044 0.2065
vn 0.3733 0.9044 0.2065
vn 0.3733 0.9044 0.2065
vn 0.321 0.9207 0.2217
vn 0.321 0.9207 0.2217
vn 0.321 0.9207 0.2217
vn -0.4317 0.8994 0.0684
vn -0.4317 0.8994 0.0684
vn -0.4317 0.8994 0.0684
vn -0.3795 0.9179 0.1162
vn -0.3795 0.9179 0.1162
vn -0.3795 0.9179 0.1162
vn -0.9189 0.3807 -0.1037
vn -0.9189 0.3807 -0.1037
vn -0.9189 0.3807 -0.1037
vn -0.9241 0.369 -0.0994
vn -0.9241 0.369 -0.0994
vn -0.9241 0.369 -0.0994
vn -0.8887 -0.3799 -0.2567
vn -0.8887 -0.3799 -0.2567
vn -0.8887 -0.3799 -0.2567
vn -0.8914 -0.3699 -0.2618
vn -0.8914 -0.3699 -0.2618
vn -0.8914 -0.3699 -0.2618
vn -0.3201 -0.9211 -0.2216
vn -0.3201 -0.9211 -0.2216
vn -0.3201 -0.9211 -0.2216
vn -0.3701 -0.8918 -0.2603
vn -0.3701 -0.8918 -0.2603
vn -0.3701 -0.8918 -0.2603
vn 0.424 -0.9044 -0.0479
vn 0.424 -0.9044 -0.0479
vn 0.424 -0.9044 -0.0479
vn 0.3815 -0.9207 -0.082
vn 0.3815 -0.9207 -0.082
vn 0.3815 -0.9207 -0.082
vn 0.9195 -0.3713 0.1286
vn 0.9195 -0.3713 0.1286
vn 0.9195 -0.3713 0.1286
vn 0.9163 -0.3788 0.1302
vn 0.9163 -0.3788 0.1302
vn 0.9163 -0.3788 0.1302
vn -0.1029 0.3814 0.9187
vn -0.1029 0.3814 0.9187
vn -0.1029 0.3814 0.9187
vn -0.098 0.3684 0.9245
vn -0.098 0.3684 0.9245
vn -0.098 0.3684 0.9245
vn -0.2577 -0.3805 0.8882
vn -0.2577 -0.3805 0.8882
vn -0.2577 -0.3805 0.8882
vn -0.2633 -0.3696 0.8911
vn -0.2633 -0.3696 0.8911
vn -0.2633 -0.3696 0.8911
vn -0.2309 -0.8995 0.371
vn -0.2309 -0.8995 0.371
vn -0.2309 -0.8995 0.371
vn -0.2548 -0.9172 0.3062
vn -0.2548 -0.9172 0.3062
vn -0.2548 -0.9172 0.3062
vn -0.0489 -0.9036 -0.4256
vn -0.0489 -0.9036 -0.4256
vn -0.0489 -0.9036 -0.4256
vn -0.0851 -0.9206 -0.381
vn -0.0851 -0.9206 -0.381
vn -0.0851 -0.9206 -0.381
vn 0.1292 -0.3787 -0.9165
vn 0.1292 -0.3787 -0.9165
vn 0.1292 -0.3787 -0.9165
vn 0.1277 -0.3718 -0.9195
vn 0.1277 -0.3718 -0.9195
vn 0.1277 -0.3718 -0.9195
vn 0.2334 0.3721 -0.8984
vn 0.2334 0.3721 -0.8984
vn 0.2334 0.3721 -0.8984
vn 0.231 0.3787 -0.8962
vn 0.231 0.3787 -0.8962
vn 0.231 0.3787 -0.8962
vn 0.2016 0.9227 -0.3287
vn 0.2016 0.9227 -0.3287
vn 0.2016 0.9227 -0.3287
vn 0.231 0.899 -0.372
vn 0.231 0.899 -0.372
vn 0.231 0.899 -0.372
vn 0.0846 0.9199 0.3829
vn 0.0846 0.9199 0.3829
vn 0.0846 0.9199 0.3829
vn 0.1005 0.8922 0.4402
vn 0.1005 0.8922 0.4402
vn 0.1005 0.8922 0.4402
vn -1.0 0.0 -0.0075
vn -1.0 0.0 -0.0075
vn -1.0 0.0 -0.0075
vn -1.0 0.0 -0.0047
vn -1.0 0.0 -0.0047
vn -1.0 0.0 -0.0047
vn -1.0 0.0006 -0.006
vn -1.0 0.0006 -0.006
vn -1.0 0.0006 -0.006
vn -1.0 -0.0005 -0.005
vn -1.0 -0.0005 -0.005
vn -1.0 -0.0005 -0.005
vn -1.0 0.0007 -0.0055
vn -1.0 0.0007 -0.0055
vn -1.0 0.0007 -0.0055
vn -1.0 -0.0019 -0.0055
vn -1.0 -0.0019 -0.0055
vn -1.0 -0.0019 -0.0055
vn 1.0 0.0 0.0
vn 1.0 0.0 0.0
vn 1.0 0.0 0.0
vn 1.0 0.0 0.0
vn 1.0 0.0 0.0
vn 1.0 0.0 0.0
vn 1.0 0.0 0.0
vn 1.0 0.0 0.0
vn 1.0 0.0 0.0
vn 1.0 0.0 0.0
vn 1.0 0.0 0.0
vn 1.0 0.0 0.0
vn 1.0 0.0 0.0
vn 1.0 0.0 0.0
vn 1.0 0.0 0.0
vn 1.0 0.0 0.0
vn 1.0 0.0 0.0
vn 1.0 0.0 0.0
vn 0.9244 -0.0013 0.3813
vn 0.9244 -0.0013 0.3813
vn 0.9244 -0.0013 0.3813
vn 0.9237 0.0005 0.383
vn 0.9237 0.0005 0.383
vn 0.9237 0.0005 0.383
vn 0.9237 0.0006 0.383
vn 0.9237 0.0006 0.383
vn 0.9237 0.0006 0.383
vn 0.9237 -0.0006 0.383
vn 0.9237 -0.0006 0.383
vn 0.9237 -0.0006 0.383
vn 0.9237 -0.0005 0.383
vn 0.9237 -0.0005 0.383
vn 0.9237 -0.0005 0.383
vn 0.9244 0.0014 0.3813
vn 0.9244 0.0014 0.3813
vn 0.9244 0.0014 0.3813
vn 0.9163 0.3788 -0.1302
vn 0.9163 0.3788 -0.1302
vn 0.9163 0.3788 -0.1302
vn 0.9195 0.3713 -0.1286
vn 0.9195 0.3713 -0.1286
vn 0.9195 0.3713 -0.1286
vn 0.4252 0.9038 0.0476
vn 0.4252 0.9038 0.0476
vn 0.4252 0.9038 0.0476
vn 0.3815 0.9207 0.0827
vn 0.3815 0.9207 0.0827
vn 0.3815 0.9207 0.0827
vn -0.3731 0.8991 0.229
vn -0.3731 0.8991 0.229
vn -0.3731 0.8991 0.229
vn -0.307 0.9175 0.2531
vn -0.307 0.9175 0.2531
vn -0.307 0.9175 0.2531
vn -0.8887 0.3799 0.2567
vn -0.8887 0.3799 0.2567
vn -0.8887 0.3799 0.2567
vn -0.8914 0.3699 0.2618
vn -0.8914 0.3699 0.2618
vn -0.8914 0.3699 0.2618
vn -0.9186 -0.3812 0.1039
vn -0.9186 -0.3812 0.1039
vn -0.9186 -0.3812 0.1039
vn -0.9241 -0.369 0.0994
vn -0.9241 -0.369 0.0994
vn -0.9241 -0.369 0.0994
vn -0.382 -0.9205 -0.0819
vn -0.382 -0.9205 -0.0819
vn -0.382 -0.9205 -0.0819
vn -0.4407 -0.8923 -0.0979
vn -0.4407 -0.8923 -0.0979
vn -0.4407 -0.8923 -0.0979
vn 0.3746 -0.904 -0.2062
vn 0.3746 -0.904 -0.2062
vn 0.3746 -0.904 -0.2062
vn 0.321 -0.9207 -0.2217
vn 0.321 -0.9207 -0.2217
vn 0.321 -0.9207 -0.2217
vn 0.8987 -0.3716 -0.2329
vn 0.8987 -0.3716 -0.2329
vn 0.8987 -0.3716 -0.2329
vn 0.8963 -0.3792 -0.2301
vn 0.8963 -0.3792 -0.2301
vn 0.8963 -0.3792 -0.2301
vn 0.7967 0.3789 -0.4709
vn 0.7967 0.3789 -0.4709
vn 0.7967 0.3789 -0.4709
vn 0.7998 0.3726 -0.4707
vn 0.7998 0.3726 -0.4707
vn 0.7998 0.3726 -0.4707
vn 0.4111 0.9037 -0.1196
vn 0.4111 0.9037 -0.1196
vn 0.4111 0.9037 -0.1196
vn 0.3839 0.9207 -0.0701
vn 0.3839 0.9207 -0.0701
vn 0.3839 0.9207 -0.0701
vn -0.2574 0.8993 0.3534
vn -0.2574 0.8993 0.3534
vn -0.2574 0.8993 0.3534
vn -0.1872 0.9177 0.3504
vn -0.1872 0.9177 0.3504
vn -0.1872 0.9177 0.3504
vn -0.723 0.3811 0.5763
vn -0.723 0.3811 0.5763
vn -0.723 0.3811 0.5763
vn -0.7236 0.3688 0.5834
vn -0.7236 0.3688 0.5834
vn -0.7236 0.3688 0.5834
vn -0.8095 -0.3806 0.447
vn -0.8095 -0.3806 0.447
vn -0.8095 -0.3806 0.447
vn -0.8158 -0.3692 0.4451
vn -0.8158 -0.3692 0.4451
vn -0.8158 -0.3692 0.4451
vn -0.3842 -0.9206 0.0696
vn -0.3842 -0.9206 0.0696
vn -0.3842 -0.9206 0.0696
vn -0.4439 -0.8927 0.0771
vn -0.4439 -0.8927 0.0771
vn -0.4439 -0.8927 0.0771
vn 0.267 -0.904 -0.3339
vn 0.267 -0.904 -0.3339
vn 0.267 -0.904 -0.3339
vn 0.2111 -0.9209 -0.3277
vn 0.2111 -0.9209 -0.3277
vn 0.2111 -0.9209 -0.3277
vn 0.7408 -0.3721 -0.5592
vn 0.7408 -0.3721 -0.5592
vn 0.7408 -0.3721 -0.5592
vn 0.7396 -0.3794 -0.5559
vn 0.7396 -0.3794 -0.5559
vn 0.7396 -0.3794 -0.5559
vn 0.5557 0.3799 -0.7395
vn 0.5557 0.3799 -0.7395
vn 0.5557 0.3799 -0.7395
vn 0.5595 0.3716 -0.7409
vn 0.5595 0.3716 -0.7409
vn 0.5595 0.3716 -0.7409
vn 0.3337 0.9044 -0.2657
vn 0.3337 0.9044 -0.2657
vn 0.3337 0.9044 -0.2657
vn 0.3279 0.9205 -0.2126
vn 0.3279 0.9205 -0.2126
vn 0.3279 0.9205 -0.2126
vn -0.1019 0.8994 0.4251
vn -0.1019 0.8994 0.4251
vn -0.1019 0.8994 0.4251
vn -0.0372 0.918 0.3949
vn -0.0372 0.918 0.3949
vn -0.0372 0.918 0.3949
vn -0.447 0.38 0.8098
vn -0.447 0.38 0.8098
vn -0.447 0.38 0.8098
vn -0.4452 0.3698 0.8155
vn -0.4452 0.3698 0.8155
vn -0.4452 0.3698 0.8155
vn -0.5766 -0.3806 0.723
vn -0.5766 -0.3806 0.723
vn -0.5766 -0.3806 0.723
vn -0.5831 -0.3694 0.7236
vn -0.5831 -0.3694 0.7236
vn -0.5831 -0.3694 0.7236
vn -0.3268 -0.9212 0.2109
vn -0.3268 -0.9212 0.2109
vn -0.3268 -0.9212 0.2109
vn -0.3818 -0.8919 0.2423
vn -0.3818 -0.8919 0.2423
vn -0.3818 -0.8919 0.2423
vn 0.1184 -0.9041 -0.4105
vn 0.1184 -0.9041 -0.4105
vn 0.1184 -0.9041 -0.4105
vn 0.0701 -0.9207 -0.3839
vn 0.0701 -0.9207 -0.3839
vn 0.0701 -0.9207 -0.3839
vn 0.4707 -0.3721 -0.8
vn 0.4707 -0.3721 -0.8
vn 0.4707 -0.3721 -0.8
vn 0.4709 -0.3794 -0.7965
vn 0.4709 -0.3794 -0.7965
vn 0.4709 -0.3794 -0.7965
vn -0.1301 0.3783 -0.9165
vn -0.1301 0.3783 -0.9165
vn -0.1301 0.3783 -0.9165
vn -0.1287 0.3719 -0.9193
vn -0.1287 0.3719 -0.9193
vn -0.1287 0.3719 -0.9193
vn 0.0471 0.9039 -0.425
vn 0.0471 0.9039 -0.425
vn 0.0471 0.9039 -0.425
vn 0.083 0.9212 -0.3802
vn 0.083 0.9212 -0.3802
vn 0.083 0.9212 -0.3802
vn 0.2289 0.8996 0.3719
vn 0.2289 0.8996 0.3719
vn 0.2289 0.8996 0.3719
vn 0.2524 0.9175 0.3073
vn 0.2524 0.9175 0.3073
vn 0.2524 0.9175 0.3073
vn 0.2565 0.3804 0.8885
vn 0.2565 0.3804 0.8885
vn 0.2565 0.3804 0.8885
vn 0.2621 0.3694 0.8915
vn 0.2621 0.3694 0.8915
vn 0.2621 0.3694 0.8915
vn 0.1039 -0.3812 0.9186
vn 0.1039 -0.3812 0.9186
vn 0.1039 -0.3812 0.9186
vn 0.0992 -0.3685 0.9243
vn 0.0992 -0.3685 0.9243
vn 0.0992 -0.3685 0.9243
vn -0.0825 -0.9205 0.382
vn -0.0825 -0.9205 0.382
vn -0.0825 -0.9205 0.382
vn -0.0982 -0.8928 0.4396
vn -0.0982 -0.8928 0.4396
vn -0.0982 -0.8928 0.4396
vn -0.2062 -0.904 -0.3746
vn -0.2062 -0.904 -0.3746
vn -0.2062 -0.904 -0.3746
vn -0.2221 -0.9212 -0.3195
vn -0.2221 -0.9212 -0.3195
vn -0.2221 -0.9212 -0.3195
vn -0.2329 -0.3715 -0.8987
vn -0.2329 -0.3715 -0.8987
vn -0.2329 -0.3715 -0.8987
vn -0.2303 -0.3787 -0.8964
vn -0.2303 -0.3787 -0.8964
vn -0.2303 -0.3787 -0.8964
vn -0.4709 0.3794 -0.7965
vn -0.4709 0.3794 -0.7965
vn -0.4709 0.3794 -0.7965
vn -0.4707 0.3721 -0.8
vn -0.4707 0.3721 -0.8
vn -0.4707 0.3721 -0.8
vn -0.1184 0.9041 -0.4105
vn -0.1184 0.9041 -0.4105
vn -0.1184 0.9041 -0.4105
vn -0.0701 0.9207 -0.3839
vn -0.0701 0.9207 -0.3839
vn -0.0701 0.9207 -0.3839
vn 0.3534 0.8993 0.2574
vn 0.3534 0.8993 0.2574
vn 0.3534 0.8993 0.2574
vn 0.3503 0.9181 0.1856
vn 0.3503 0.9181 0.1856
vn 0.3503 0.9181 0.1856
vn 0.5766 0.3806 0.723
vn 0.5766 0.3806 0.723
vn 0.5766 0.3806 0.723
vn 0.5831 0.3694 0.7236
vn 0.5831 0.3694 0.7236
vn 0.5831 0.3694 0.7236
vn 0.447 -0.38 0.8098
vn 0.447 -0.38 0.8098
vn 0.447 -0.38 0.8098
vn 0.4452 -0.3698 0.8155
vn 0.4452 -0.3698 0.8155
vn 0.4452 -0.3698 0.8155
vn 0.0694 -0.9212 0.383
vn 0.0694 -0.9212 0.383
vn 0.0694 -0.9212 0.383
vn 0.0773 -0.892 0.4453
vn 0.0773 -0.892 0.4453
vn 0.0773 -0.892 0.4453
vn -0.3337 -0.9044 -0.2657
vn -0.3337 -0.9044 -0.2657
vn -0.3337 -0.9044 -0.2657
vn -0.3279 -0.9205 -0.2126
vn -0.3279 -0.9205 -0.2126
vn -0.3279 -0.9205 -0.2126
vn -0.5595 -0.3716 -0.7409
vn -0.5595 -0.3716 -0.7409
vn -0.5595 -0.3716 -0.7409
vn -0.5557 -0.3799 -0.7395
vn -0.5557 -0.3799 -0.7395
vn -0.5557 -0.3799 -0.7395
vn -0.7396 0.3794 -0.5559
vn -0.7396 0.3794 -0.5559
vn -0.7396 0.3794 -0.5559
vn -0.7408 0.3721 -0.5592
vn -0.7408 0.3721 -0.5592
vn -0.7408 0.3721 -0.5592
vn -0.267 0.904 -0.3339
vn -0.267 0.904 -0.3339
vn -0.267 0.904 -0.3339
vn -0.2111 0.9209 -0.3277
vn -0.2111 0.9209 -0.3277
vn -0.2111 0.9209 -0.3277
vn 0.4245 0.8998 0.1007
vn 0.4245 0.8998 0.1007
vn 0.4245 0.8998 0.1007
vn 0.3956 0.9176 0.0388
vn 0.3956 0.9176 0.0388
vn 0.3956 0.9176 0.0388
vn 0.8095 0.3806 0.447
vn 0.8095 0.3806 0.447
vn 0.8095 0.3806 0.447
vn 0.8158 0.3692 0.4451
vn 0.8158 0.3692 0.4451
vn 0.8158 0.3692 0.4451
vn 0.723 -0.3811 0.5763
vn 0.723 -0.3811 0.5763
vn 0.723 -0.3811 0.5763
vn 0.7236 -0.3688 0.5834
vn 0.7236 -0.3688 0.5834
vn 0.7236 -0.3688 0.5834
vn 0.212 -0.9208 0.3275
vn 0.212 -0.9208 0.3275
vn 0.212 -0.9208 0.3275
vn 0.2427 -0.8921 0.3812
vn 0.2427 -0.8921 0.3812
vn 0.2427 -0.8921 0.3812
vn -0.4111 -0.9037 -0.1196
vn -0.4111 -0.9037 -0.1196
vn -0.4111 -0.9037 -0.1196
vn -0.3839 -0.9207 -0.0701
vn -0.3839 -0.9207 -0.0701
vn -0.3839 -0.9207 -0.0701
vn -0.7998 -0.3726 -0.4707
vn -0.7998 -0.3726 -0.4707
vn -0.7998 -0.3726 -0.4707
vn -0.7967 -0.3789 -0.4709
vn -0.7967 -0.3789 -0.4709
vn -0.7967 -0.3789 -0.4709
vn -0.8963 0.3792 -0.2301
vn -0.8963 0.3792 -0.2301
vn -0.8963 0.3792 -0.2301
vn -0.8987 0.3715 -0.2329
vn -0.8987 0.3715 -0.2329
vn -0.8987 0.3715 -0.2329
vn -0.3746 0.904 -0.2062
vn -0.3746 0.904 -0.2062
vn -0.3746 0.904 -0.2062
vn -0.321 0.9207 -0.2217
vn -0.321 0.9207 -0.2217
vn -0.321 0.9207 -0.2217
vn 0.4317 0.8994 -0.0684
vn 0.4317 0.8994 -0.0684
vn 0.4317 0.8994 -0.0684
vn 0.3807 0.9175 -0.1151
vn 0.3807 0.9175 -0.1151
vn 0.3807 0.9175 -0.1151
vn 0.9186 0.3812 0.1039
vn 0.9186 0.3812 0.1039
vn 0.9186 0.3812 0.1039
vn 0.9241 0.369 0.0994
vn 0.9241 0.369 0.0994
vn 0.9241 0.369 0.0994
vn 0.8887 -0.3799 0.2567
vn 0.8887 -0.3799 0.2567
vn 0.8887 -0.3799 0.2567
vn 0.8914 -0.3699 0.2618
vn 0.8914 -0.3699 0.2618
vn 0.8914 -0.3699 0.2618
vn 0.3211 -0.9206 0.2224
vn 0.3211 -0.9206 0.2224
vn 0.3211 -0.9206 0.2224
vn 0.3701 -0.8918 0.2603
vn 0.3701 -0.8918 0.2603
vn 0.3701 -0.8918 0.2603
vn -0.4252 -0.9038 0.0476
vn -0.4252 -0.9038 0.0476
vn -0.4252 -0.9038 0.0476
vn -0.3815 -0.9207 0.0827
vn -0.3815 -0.9207 0.0827
vn -0.3815 -0.9207 0.0827
vn -0.9195 -0.3713 -0.1286
vn -0.9195 -0.3713 -0.1286
vn -0.9195 -0.3713 -0.1286
vn -0.9163 -0.3788 -0.1302
vn -0.9163 -0.3788 -0.1302
vn -0.9163 -0.3788 -0.1302
vn -0.9163 0.3788 0.1302
vn -0.9163 0.3788 0.1302
vn -0.9163 0.3788 0.1302
vn -0.9195 0.3713 0.1286
vn -0.9195 0.3713 0.1286
vn -0.9195 0.3713 0.1286
vn -0.424 0.9044 -0.0479
vn -0.424 0.9044 -0.0479
vn -0.424 0.9044 -0.0479
vn -0.3815 0.9207 -0.082
vn -0.3815 0.9207 -0.082
vn -0.3815 0.9207 -0.082
vn 0.3732 0.8992 -0.2284
vn 0.3732 0.8992 -0.2284
vn 0.3732 0.8992 -0.2284
vn 0.3057 0.9179 -0.2529
vn 0.3057 0.9179 -0.2529
vn 0.3057 0.9179 -0.2529
vn 0.8887 0.3799 -0.2567
vn 0.8887 0.3799 -0.2567
vn 0.8887 0.3799 -0.2567
vn 0.8914 0.3699 -0.2618
vn 0.8914 0.3699 -0.2618
vn 0.8914 0.3699 -0.2618
vn 0.9186 -0.3812 -0.1039
vn 0.9186 -0.3812 -0.1039
vn 0.9186 -0.3812 -0.1039
vn 0.9241 -0.369 -0.0994
vn 0.9241 -0.369 -0.0994
vn 0.9241 -0.369 -0.0994
vn 0.382 -0.9205 0.0819
vn 0.382 -0.9205 0.0819
vn 0.382 -0.9205 0.0819
vn 0.4407 -0.8923 0.0979
vn 0.4407 -0.8923 0.0979
vn 0.4407 -0.8923 0.0979
vn -0.3746 -0.904 0.2062
vn -0.3746 -0.904 0.2062
vn -0.3746 -0.904 0.2062
vn -0.321 -0.9207 0.2217
vn -0.321 -0.9207 0.2217
vn -0.321 -0.9207 0.2217
vn -0.8987 -0.3715 0.2329
vn -0.8987 -0.3715 0.2329
vn -0.8987 -0.3715 0.2329
vn -0.8963 -0.3792 0.2301
vn -0.8963 -0.3792 0.2301
vn -0.8963 -0.3792 0.2301
vn -0.7967 0.3789 0.4709
vn -0.7967 0.3789 0.4709
vn -0.7967 0.3789 0.4709
vn -0.7998 0.3726 0.4707
vn -0.7998 0.3726 0.4707
vn -0.7998 0.3726 0.4707
vn -0.4111 0.9037 0.1196
vn -0.4111 0.9037 0.1196
vn -0.4111 0.9037 0.1196
vn -0.3831 0.9211 0.0687
vn -0.3831 0.9211 0.0687
vn -0.3831 0.9211 0.0687
vn 0.2561 0.8997 -0.3534
vn 0.2561 0.8997 -0.3534
vn 0.2561 0.8997 -0.3534
vn 0.1872 0.9177 -0.3504
vn 0.1872 0.9177 -0.3504
vn 0.1872 0.9177 -0.3504
vn 0.723 0.3811 -0.5763
vn 0.723 0.3811 -0.5763
vn 0.723 0.3811 -0.5763
vn 0.7236 0.3688 -0.5834
vn 0.7236 0.3688 -0.5834
vn 0.7236 0.3688 -0.5834
vn 0.8095 -0.3805 -0.4471
vn 0.8095 -0.3805 -0.4471
vn 0.8095 -0.3805 -0.4471
vn 0.8158 -0.3692 -0.4451
vn 0.8158 -0.3692 -0.4451
vn 0.8158 -0.3692 -0.4451
vn 0.3842 -0.9206 -0.0696
vn 0.3842 -0.9206 -0.0696
vn 0.3842 -0.9206 -0.0696
vn 0.4439 -0.8927 -0.0771
vn 0.4439 -0.8927 -0.0771
vn 0.4439 -0.8927 -0.0771
vn -0.267 -0.904 0.3339
vn -0.267 -0.904 0.3339
vn -0.267 -0.904 0.3339
vn -0.2111 -0.9209 0.3277
vn -0.2111 -0.9209 0.3277
vn -0.2111 -0.9209 0.3277
vn -0.7408 -0.3721 0.5592
vn -0.7408 -0.3721 0.5592
vn -0.7408 -0.3721 0.5592
vn -0.7396 -0.3794 0.5559
vn -0.7396 -0.3794 0.5559
vn -0.7396 -0.3794 0.5559
vn -0.5557 0.3799 0.7395
vn -0.5557 0.3799 0.7395
vn -0.5557 0.3799 0.7395
vn -0.5592 0.3721 0.7408
vn -0.5592 0.3721 0.7408
vn -0.5592 0.3721 0.7408
vn -0.3339 0.904 0.267
vn -0.3339 0.904 0.267
vn -0.3339 0.904 0.267
vn -0.3279 0.9205 0.2126
vn -0.3279 0.9205 0.2126
vn -0.3279 0.9205 0.2126
vn 0.1019 0.8994 -0.4251
vn 0.1019 0.8994 -0.4251
vn 0.1019 0.8994 -0.4251
vn 0.0388 0.9176 -0.3956
vn 0.0388 0.9176 -0.3956
vn 0.0388 0.9176 -0.3956
vn 0.4471 0.3805 -0.8095
vn 0.4471 0.3805 -0.8095
vn 0.4471 0.3805 -0.8095
vn 0.4452 0.3698 -0.8155
vn 0.4452 0.3698 -0.8155
vn 0.4452 0.3698 -0.8155
vn 0.5766 -0.3806 -0.723
vn 0.5766 -0.3806 -0.723
vn 0.5766 -0.3806 -0.723
vn 0.5831 -0.3694 -0.7236
vn 0.5831 -0.3694 -0.7236
vn 0.5831 -0.3694 -0.7236
vn 0.3268 -0.9212 -0.2109
vn 0.3268 -0.9212 -0.2109
vn 0.3268 -0.9212 -0.2109
vn 0.3818 -0.8919 -0.2423
vn 0.3818 -0.8919 -0.2423
vn 0.3818 -0.8919 -0.2423
vn -0.1184 -0.9041 0.4105
vn -0.1184 -0.9041 0.4105
vn -0.1184 -0.9041 0.4105
vn -0.0701 -0.9207 0.3839
vn -0.0701 -0.9207 0.3839
vn -0.0701 -0.9207 0.3839
vn -0.4707 -0.3721 0.8
vn -0.4707 -0.3721 0.8
vn -0.4707 -0.3721 0.8
vn -0.4709 -0.3794 0.7965
vn -0.4709 -0.3794 0.7965
vn -0.4709 -0.3794 0.7965
vn -0.2303 0.3792 0.8962
vn -0.2303 0.3792 0.8962
vn -0.2303 0.3792 0.8962
vn -0.2331 0.3715 0.8987
vn -0.2331 0.3715 0.8987
vn -0.2331 0.3715 0.8987
vn -0.2067 0.9039 0.3745
vn -0.2067 0.9039 0.3745
vn -0.2067 0.9039 0.3745
vn -0.2223 0.9207 0.3208
vn -0.2223 0.9207 0.3208
vn -0.2223 0.9207 0.3208
vn -0.069 0.8993 -0.4319
vn -0.069 0.8993 -0.4319
vn -0.069 0.8993 -0.4319
vn -0.1159 0.9174 -0.3807
vn -0.1159 0.9174 -0.3807
vn -0.1159 0.9174 -0.3807
vn 0.1035 0.3812 -0.9187
vn 0.1035 0.3812 -0.9187
vn 0.1035 0.3812 -0.9187
vn 0.099 0.369 -0.9241
vn 0.099 0.369 -0.9241
vn 0.099 0.369 -0.9241
vn 0.2565 -0.3804 -0.8885
vn 0.2565 -0.3804 -0.8885
vn 0.2565 -0.3804 -0.8885
vn 0.2621 -0.3694 -0.8915
vn 0.2621 -0.3694 -0.8915
vn 0.2621 -0.3694 -0.8915
vn 0.2218 -0.9206 -0.3213
vn 0.2218 -0.9206 -0.3213
vn 0.2218 -0.9206 -0.3213
vn 0.2596 -0.892 -0.3701
vn 0.2596 -0.892 -0.3701
vn 0.2596 -0.892 -0.3701
vn 0.0471 -0.904 0.425
vn 0.0471 -0.904 0.425
vn 0.0471 -0.904 0.425
vn 0.082 -0.9207 0.3815
vn 0.082 -0.9207 0.3815
vn 0.082 -0.9207 0.3815
vn -0.1287 -0.3719 0.9193
vn -0.1287 -0.3719 0.9193
vn -0.1287 -0.3719 0.9193
vn -0.1301 -0.3783 0.9165
vn -0.1301 -0.3783 0.9165
vn -0.1301 -0.3783 0.9165
vn 0.1302 0.3788 0.9163
vn 0.1302 0.3788 0.9163
vn 0.1302 0.3788 0.9163
vn 0.1287 0.3719 0.9193
vn 0.1287 0.3719 0.9193
vn 0.1287 0.3719 0.9193
vn -0.0471 0.904 0.425
vn -0.0471 0.904 0.425
vn -0.0471 0.904 0.425
vn -0.082 0.9207 0.3815
vn -0.082 0.9207 0.3815
vn -0.082 0.9207 0.3815
vn -0.2284 0.8992 -0.3732
vn -0.2284 0.8992 -0.3732
vn -0.2284 0.8992 -0.3732
vn -0.2524 0.9175 -0.3073
vn -0.2524 0.9175 -0.3073
vn -0.2524 0.9175 -0.3073
vn -0.2565 0.3804 -0.8885
vn -0.2565 0.3804 -0.8885
vn -0.2565 0.3804 -0.8885
vn -0.2618 0.3699 -0.8914
vn -0.2618 0.3699 -0.8914
vn -0.2618 0.3699 -0.8914
vn -0.1037 -0.3807 -0.9189
vn -0.1037 -0.3807 -0.9189
vn -0.1037 -0.3807 -0.9189
vn -0.0994 -0.369 -0.9241
vn -0.0994 -0.369 -0.9241
vn -0.0994 -0.369 -0.9241
vn 0.0825 -0.9205 -0.382
vn 0.0825 -0.9205 -0.382
vn 0.0825 -0.9205 -0.382
vn 0.0986 -0.8921 -0.4409
vn 0.0986 -0.8921 -0.4409
vn 0.0986 -0.8921 -0.4409
vn 0.2067 -0.9039 0.3745
vn 0.2067 -0.9039 0.3745
vn 0.2067 -0.9039 0.3745
vn 0.2223 -0.9207 0.3208
vn 0.2223 -0.9207 0.3208
vn 0.2223 -0.9207 0.3208
vn 0.2331 -0.371 0.8989
vn 0.2331 -0.371 0.8989
vn 0.2331 -0.371 0.8989
vn 0.2301 -0.3792 0.8963
vn 0.2301 -0.3792 0.8963
vn 0.2301 -0.3792 0.8963
vn 0.4522 0.3803 0.8067
vn 0.4522 0.3803 0.8067
vn 0.4522 0.3803 0.8067
vn 0.4524 0.3706 0.8112
vn 0.4524 0.3706 0.8112
vn 0.4524 0.3706 0.8112
vn 0.0802 0.8925 0.4438
vn 0.0802 0.8925 0.4438
vn 0.0802 0.8925 0.4438
vn 0.0101 0.9139 0.4058
vn 0.0101 0.9139 0.4058
vn 0.0101 0.9139 0.4058
vn -0.4055 0.8849 -0.2294
vn -0.4055 0.8849 -0.2294
vn -0.4055 0.8849 -0.2294
vn -0.4012 0.9067 -0.13
vn -0.4012 0.9067 -0.13
vn -0.4012 0.9067 -0.13
vn -0.6011 0.3822 -0.7019
vn -0.6011 0.3822 -0.7019
vn -0.6011 0.3822 -0.7019
vn -0.6093 0.3658 -0.7035
vn -0.6093 0.3658 -0.7035
vn -0.6093 0.3658 -0.7035
vn -0.4181 -0.3816 -0.8244
vn -0.4181 -0.3816 -0.8244
vn -0.4181 -0.3816 -0.8244
vn -0.4166 -0.3662 -0.8321
vn -0.4166 -0.3662 -0.8321
vn -0.4166 -0.3662 -0.8321
vn -0.0101 -0.9139 -0.4058
vn -0.0101 -0.9139 -0.4058
vn -0.0101 -0.9139 -0.4058
vn -0.0233 -0.8725 -0.488
vn -0.0233 -0.8725 -0.488
vn -0.0233 -0.8725 -0.488
vn 0.3792 -0.8928 0.2432
vn 0.3792 -0.8928 0.2432
vn 0.3792 -0.8928 0.2432
vn 0.3711 -0.9137 0.1655
vn 0.3711 -0.9137 0.1655
vn 0.3711 -0.9137 0.1655
vn 0.5767 -0.3701 0.7283
vn 0.5767 -0.3701 0.7283
vn 0.5767 -0.3701 0.7283
vn 0.5723 -0.3809 0.7262
vn 0.5723 -0.3809 0.7262
vn 0.5723 -0.3809 0.7262
vn 0.7523 0.3787 0.539
vn 0.7523 0.3787 0.539
vn 0.7523 0.3787 0.539
vn 0.753 0.374 0.5415
vn 0.753 0.374 0.5415
vn 0.753 0.374 0.5415
vn 0.2904 0.9128 0.2871
vn 0.2904 0.9128 0.2871
vn 0.2904 0.9128 0.2871
vn 0.2589 0.9234 0.2833
vn 0.2589 0.9234 0.2833
vn 0.2589 0.9234 0.2833
vn -0.3854 0.9108 -0.1482
vn -0.3854 0.9108 -0.1482
vn -0.3854 0.9108 -0.1482
vn -0.368 0.9231 -0.1114
vn -0.368 0.9231 -0.1114
vn -0.368 0.9231 -0.1114
vn -0.7941 0.3791 -0.4751
vn -0.7941 0.3791 -0.4751
vn -0.7941 0.3791 -0.4751
vn -0.7979 0.3729 -0.4736
vn -0.7979 0.3729 -0.4736
vn -0.7979 0.3729 -0.4736
vn -0.7432 -0.3796 -0.551
vn -0.7432 -0.3796 -0.551
vn -0.7432 -0.3796 -0.551
vn -0.7433 -0.372 -0.556
vn -0.7433 -0.372 -0.556
vn -0.7433 -0.372 -0.556
vn -0.2583 -0.9237 -0.2829
vn -0.2583 -0.9237 -0.2829
vn -0.2583 -0.9237 -0.2829
vn -0.2756 -0.9081 -0.3152
vn -0.2756 -0.9081 -0.3152
vn -0.2756 -0.9081 -0.3152
vn 0.3765 -0.9126 0.1594
vn 0.3765 -0.9126 0.1594
vn 0.3765 -0.9126 0.1594
vn 0.3594 -0.9242 0.1292
vn 0.3594 -0.9242 0.1292
vn 0.3594 -0.9242 0.1292
vn 0.7879 -0.3745 0.4889
vn 0.7879 -0.3745 0.4889
vn 0.7879 -0.3745 0.4889
vn 0.7862 -0.3777 0.4891
vn 0.7862 -0.3777 0.4891
vn 0.7862 -0.3777 0.4891
vn 0.8963 0.3792 0.2301
vn 0.8963 0.3792 0.2301
vn 0.8963 0.3792 0.2301
vn 0.8987 0.3715 0.2329
vn 0.8987 0.3715 0.2329
vn 0.8987 0.3715 0.2329
vn 0.3746 0.904 0.2062
vn 0.3746 0.904 0.2062
vn 0.3746 0.904 0.2062
vn 0.321 0.9207 0.2217
vn 0.321 0.9207 0.2217
vn 0.321 0.9207 0.2217
vn -0.4317 0.8994 0.0684
vn -0.4317 0.8994 0.0684
vn -0.4317 0.8994 0.0684
vn -0.3807 0.9175 0.1151
vn -0.3807 0.9175 0.1151
vn -0.3807 0.9175 0.1151
vn -0.9186 0.3812 -0.1039
vn -0.9186 0.3812 -0.1039
vn -0.9186 0.3812 -0.1039
vn -0.9241 0.369 -0.0994
vn -0.9241 0.369 -0.0994
vn -0.9241 0.369 -0.0994
vn -0.8887 -0.3799 -0.2567
vn -0.8887 -0.3799 -0.2567
vn -0.8887 -0.3799 -0.2567
vn -0.8914 -0.3699 -0.2618
vn -0.8914 -0.3699 -0.2618
vn -0.8914 -0.3699 -0.2618
vn -0.3201 -0.9211 -0.2216
vn -0.3201 -0.9211 -0.2216
vn -0.3201 -0.9211 -0.2216
vn -0.3701 -0.8918 -0.2603
vn -0.3701 -0.8918 -0.2603
vn -0.3701 -0.8918 -0.2603
vn 0.424 -0.9044 -0.0479
vn 0.424 -0.9044 -0.0479
vn 0.424 -0.9044 -0.0479
vn 0.3815 -0.9207 -0.082
vn 0.3815 -0.9207 -0.082
vn 0.3815 -0.9207 -0.082
vn 0.9195 -0.3713 0.1286
vn 0.9195 -0.3713 0.1286
vn 0.9195 -0.3713 0.1286
vn 0.9163 -0.3788 0.1302
vn 0.9163 -0.3788 0.1302
vn 0.9163 -0.3788 0.1302
vn -0.1029 0.3814 0.9187
vn -0.1029 0.3814 0.9187
vn -0.1029 0.3814 0.9187
vn -0.098 0.3684 0.9245
vn -0.098 0.3684 0.9245
vn -0.098 0.3684 0.9245
vn -0.2577 -0.3805 0.8882
vn -0.2577 -0.3805 0.8882
vn -0.2577 -0.3805 0.8882
vn -0.2633 -0.3696 0.8911
vn -0.2633 -0.3696 0.8911
vn -0.2633 -0.3696 0.8911
vn -0.2309 -0.8995 0.371
vn -0.2309 -0.8995 0.371
vn -0.2309 -0.8995 0.371
vn -0.2548 -0.9172 0.3062
vn -0.2548 -0.9172 0.3062
vn -0.2548 -0.9172 0.3062
vn -0.0489 -0.9036 -0.4256
vn -0.0489 -0.9036 -0.4256
vn -0.0489 -0.9036 -0.4256
vn -0.0851 -0.9206 -0.381
vn -0.0851 -0.9206 -0.381
vn -0.0851 -0.9206 -0.381
vn 0.1292 -0.3787 -0.9165
vn 0.1292 -0.3787 -0.9165
vn 0.1292 -0.3787 -0.9165
vn 0.1277 -0.3718 -0.9195
vn 0.1277 -0.3718 -0.9195
vn 0.1277 -0.3718 -0.9195
vn 0.2334 0.3721 -0.8984
vn 0.2334 0.3721 -0.8984
vn 0.2334 0.3721 -0.8984
vn 0.231 0.3787 -0.8962
vn 0.231 0.3787 -0.8962
vn 0.231 0.3787 -0.8962
vn 0.2016 0.9227 -0.3287
vn 0.2016 0.9227 -0.3287
vn 0.2016 0.9227 -0.3287
vn 0.231 0.899 -0.372
vn 0.231 0.899 -0.372
vn 0.231 0.899 -0.372
vn 0.0846 0.9199 0.3829
vn 0.0846 0.9199 0.3829
vn 0.0846 0.9199 0.3829
vn 0.1005 0.8922 0.4402
vn 0.1005 0.8922 0.4402
vn 0.1005 0.8922 0.4402
vn -1.0 0.0 -0.0075
vn -1.0 0.0 -0.0075
vn -1.0 0.0 -0.0075
vn -1.0 0.0 -0.0047
vn -1.0 0.0 -0.0047
vn -1.0 0.0 -0.0047
vn -1.0 0.0006 -0.006
vn -1.0 0.0006 -0.006
vn -1.0 0.0006 -0.006
vn -1.0 -0.0005 -0.005
vn -1.0 -0.0005 -0.005
vn -1.0 -0.0005 -0.005
vn -1.0 0.0007 -0.0055
vn -1.0 0.0007 -0.0055
vn -1.0 0.0007 -0.0055
vn -1.0 -0.0019 -0.0055
vn -1.0 -0.0019 -0.0055
vn -1.0 -0.0019 -0.0055
vn 1.0 0.0 0.0
vn 1.0 0.0 0.0
vn 1.0 0.0 0.0
vn 1.0 0.0 0.0
vn 1.0 0.0 0.0
vn 1.0 0.0 0.0
vn 1.0 0.0 0.0
vn 1.0 0.0 0.0
vn 1.0 0.0 0.0
vn 1.0 0.0 0.0
vn 1.0 0.0 0.0
vn 1.0 0.0 0.0
vn 1.0 0.0 0.0
vn 1.0 0.0 0.0
vn 1.0 0.0 0.0
vn 1.0 0.0 0.0
vn 1.0 0.0 0.0
vn 1.0 0.0 0.0
vn 0.9163 0.3788 -0.1302
vn 0.9163 0.3788 -0.1302
vn 0.9163 0.3788 -0.1302
vn 0.9195 0.3713 -0.1286
vn 0.9195 0.3713 -0.1286
vn 0.9195 0.3713 -0.1286
vn 0.424 0.9044 0.0479
vn 0.424 0.9044 0.0479
vn 0.424 0.9044 0.0479
vn 0.3815 0.9207 0.082
vn 0.3815 0.9207 0.082
vn 0.3815 0.9207 0.082
vn -0.3732 0.8992 0.2284
vn -0.3732 0.8992 0.2284
vn -0.3732 0.8992 0.2284
vn -0.3057 0.9179 0.2529
vn -0.3057 0.9179 0.2529
vn -0.3057 0.9179 0.2529
vn -0.8887 0.3799 0.2567
vn -0.8887 0.3799 0.2567
vn -0.8887 0.3799 0.2567
vn -0.8914 0.3699 0.2618
vn -0.8914 0.3699 0.2618
vn -0.8914 0.3699 0.2618
vn -0.9189 -0.3807 0.1037
vn -0.9189 -0.3807 0.1037
vn -0.9189 -0.3807 0.1037
vn -0.9241 -0.369 0.0994
vn -0.9241 -0.369 0.0994
vn -0.9241 -0.369 0.0994
vn -0.3808 -0.921 -0.0822
vn -0.3808 -0.921 -0.0822
vn -0.3808 -0.921 -0.0822
vn -0.4409 -0.8921 -0.0986
vn -0.4409 -0.8921 -0.0986
vn -0.4409 -0.8921 -0.0986
vn 0.3733 -0.9044 -0.2065
vn 0.3733 -0.9044 -0.2065
vn 0.3733 -0.9044 -0.2065
vn 0.321 -0.9207 -0.2217
vn 0.321 -0.9207 -0.2217
vn 0.321 -0.9207 -0.2217
vn 0.8989 -0.371 -0.2331
vn 0.8989 -0.371 -0.2331
vn 0.8989 -0.371 -0.2331
vn 0.8963 -0.3792 -0.2301
vn 0.8963 -0.3792 -0.2301
vn 0.8963 -0.3792 -0.2301
vn 0.7967 0.3789 -0.4709
vn 0.7967 0.3789 -0.4709
vn 0.7967 0.3789 -0.4709
vn 0.7998 0.3726 -0.4707
vn 0.7998 0.3726 -0.4707
vn 0.7998 0.3726 -0.4707
vn 0.4111 0.9037 -0.1196
vn 0.4111 0.9037 -0.1196
vn 0.4111 0.9037 -0.1196
vn 0.3831 0.9211 -0.0687
vn 0.3831 0.9211 -0.0687
vn 0.3831 0.9211 -0.0687
vn -0.2561 0.8997 0.3534
vn -0.2561 0.8997 0.3534
vn -0.2561 0.8997 0.3534
vn -0.1872 0.9177 0.3504
vn -0.1872 0.9177 0.3504
vn -0.1872 0.9177 0.3504
vn -0.723 0.3811 0.5763
vn -0.723 0.3811 0.5763
vn -0.723 0.3811 0.5763
vn -0.7236 0.3688 0.5834
vn -0.7236 0.3688 0.5834
vn -0.7236 0.3688 0.5834
vn -0.8095 -0.3805 0.4471
vn -0.8095 -0.3805 0.4471
vn -0.8095 -0.3805 0.4471
vn -0.8158 -0.3692 0.4451
vn -0.8158 -0.3692 0.4451
vn -0.8158 -0.3692 0.4451
vn -0.3842 -0.9206 0.0696
vn -0.3842 -0.9206 0.0696
vn -0.3842 -0.9206 0.0696
vn -0.4439 -0.8927 0.0771
vn -0.4439 -0.8927 0.0771
vn -0.4439 -0.8927 0.0771
vn 0.267 -0.904 -0.3339
vn 0.267 -0.904 -0.3339
vn 0.267 -0.904 -0.3339
vn 0.2111 -0.9209 -0.3277
vn 0.2111 -0.9209 -0.3277
vn 0.2111 -0.9209 -0.3277
vn 0.7408 -0.3721 -0.5592
vn 0.7408 -0.3721 -0.5592
vn 0.7408 -0.3721 -0.5592
vn 0.7396 -0.3794 -0.5559
vn 0.7396 -0.3794 -0.5559
vn 0.7396 -0.3794 -0.5559
vn 0.5557 0.3799 -0.7395
vn 0.5557 0.3799 -0.7395
vn 0.5557 0.3799 -0.7395
vn 0.5592 0.3721 -0.7408
vn 0.5592 0.3721 -0.7408
vn 0.5592 0.3721 -0.7408
vn 0.3339 0.904 -0.267
vn 0.3339 0.904 -0.267
vn 0.3339 0.904 -0.267
vn 0.3279 0.9205 -0.2126
vn 0.3279 0.9205 -0.2126
vn 0.3279 0.9205 -0.2126
vn -0.1019 0.8994 0.4251
vn -0.1019 0.8994 0.4251
vn -0.1019 0.8994 0.4251
vn -0.0388 0.9176 0.3956
vn -0.0388 0.9176 0.3956
vn -0.0388 0.9176 0.3956
vn -0.447 0.3806 0.8095
vn -0.447 0.3806 0.8095
vn -0.447 0.3806 0.8095
vn -0.4452 0.3698 0.8155
vn -0.4452 0.3698 0.8155
vn -0.4452 0.3698 0.8155
vn -0.5766 -0.3806 0.723
vn -0.5766 -0.3806 0.723
vn -0.5766 -0.3806 0.723
vn -0.5831 -0.3694 0.7236
vn -0.5831 -0.3694 0.7236
vn -0.5831 -0.3694 0.7236
vn -0.3268 -0.9212 0.2109
vn -0.3268 -0.9212 0.2109
vn -0.3268 -0.9212 0.2109
vn -0.3818 -0.8919 0.2423
vn -0.3818 -0.8919 0.2423
vn -0.3818 -0.8919 0.2423
vn 0.1184 -0.9041 -0.4105
vn 0.1184 -0.9041 -0.4105
vn 0.1184 -0.9041 -0.4105
vn 0.0701 -0.9207 -0.3839
vn 0.0701 -0.9207 -0.3839
vn 0.0701 -0.9207 -0.3839
vn 0.4707 -0.3721 -0.8
vn 0.4707 -0.3721 -0.8
vn 0.4707 -0.3721 -0.8
vn 0.4709 -0.3794 -0.7965
vn 0.4709 -0.3794 -0.7965
vn 0.4709 -0.3794 -0.7965
vn -0.1302 0.3788 -0.9163
vn -0.1302 0.3788 -0.9163
vn -0.1302 0.3788 -0.9163
vn -0.1286 0.3713 -0.9195
vn -0.1286 0.3713 -0.9195
vn -0.1286 0.3713 -0.9195
vn 0.0476 0.9038 -0.4252
vn 0.0476 0.9038 -0.4252
vn 0.0476 0.9038 -0.4252
vn 0.0827 0.9207 -0.3815
vn 0.0827 0.9207 -0.3815
vn 0.0827 0.9207 -0.3815
vn 0.229 0.8991 0.3731
vn 0.229 0.8991 0.3731
vn 0.229 0.8991 0.3731
vn 0.2531 0.9175 0.307
vn 0.2531 0.9175 0.307
vn 0.2531 0.9175 0.307
vn 0.2567 0.3799 0.8887
vn 0.2567 0.3799 0.8887
vn 0.2567 0.3799 0.8887
vn 0.2618 0.3699 0.8914
vn 0.2618 0.3699 0.8914
vn 0.2618 0.3699 0.8914
vn 0.1039 -0.3812 0.9186
vn 0.1039 -0.3812 0.9186
vn 0.1039 -0.3812 0.9186
vn 0.0994 -0.369 0.9241
vn 0.0994 -0.369 0.9241
vn 0.0994 -0.369 0.9241
vn -0.0819 -0.9205 0.382
vn -0.0819 -0.9205 0.382
vn -0.0819 -0.9205 0.382
vn -0.0979 -0.8923 0.4407
vn -0.0979 -0.8923 0.4407
vn -0.0979 -0.8923 0.4407
vn -0.2062 -0.904 -0.3746
vn -0.2062 -0.904 -0.3746
vn -0.2062 -0.904 -0.3746
vn -0.2217 -0.9207 -0.321
vn -0.2217 -0.9207 -0.321
vn -0.2217 -0.9207 -0.321
vn -0.2329 -0.3715 -0.8987
vn -0.2329 -0.3715 -0.8987
vn -0.2329 -0.3715 -0.8987
vn -0.2301 -0.3792 -0.8963
vn -0.2301 -0.3792 -0.8963
vn -0.2301 -0.3792 -0.8963
vn -0.4709 0.3789 -0.7967
vn -0.4709 0.3789 -0.7967
vn -0.4709 0.3789 -0.7967
vn -0.4707 0.3726 -0.7998
vn -0.4707 0.3726 -0.7998
vn -0.4707 0.3726 -0.7998
vn -0.1196 0.9037 -0.4111
vn -0.1196 0.9037 -0.4111
vn -0.1196 0.9037 -0.4111
vn -0.0701 0.9207 -0.3839
vn -0.0701 0.9207 -0.3839
vn -0.0701 0.9207 -0.3839
vn 0.3534 0.8993 0.2574
vn 0.3534 0.8993 0.2574
vn 0.3534 0.8993 0.2574
vn 0.3504 0.9177 0.1872
vn 0.3504 0.9177 0.1872
vn 0.3504 0.9177 0.1872
vn 0.5763 0.3811 0.723
vn 0.5763 0.3811 0.723
vn 0.5763 0.3811 0.723
vn 0.5834 0.3688 0.7236
vn 0.5834 0.3688 0.7236
vn 0.5834 0.3688 0.7236
vn 0.4471 -0.3805 0.8095
vn 0.4471 -0.3805 0.8095
vn 0.4471 -0.3805 0.8095
vn 0.4451 -0.3692 0.8158
vn 0.4451 -0.3692 0.8158
vn 0.4451 -0.3692 0.8158
vn 0.0696 -0.9206 0.3842
vn 0.0696 -0.9206 0.3842
vn 0.0696 -0.9206 0.3842
vn 0.0771 -0.8927 0.4439
vn 0.0771 -0.8927 0.4439
vn 0.0771 -0.8927 0.4439
vn -0.3339 -0.904 -0.267
vn -0.3339 -0.904 -0.267
vn -0.3339 -0.904 -0.267
vn -0.3277 -0.9209 -0.2111
vn -0.3277 -0.9209 -0.2111
vn -0.3277 -0.9209 -0.2111
vn -0.5592 -0.3721 -0.7408
vn -0.5592 -0.3721 -0.7408
vn -0.5592 -0.3721 -0.7408
vn -0.5559 -0.3794 -0.7396
vn -0.5559 -0.3794 -0.7396
vn -0.5559 -0.3794 -0.7396
vn -0.7395 0.3799 -0.5557
vn -0.7395 0.3799 -0.5557
vn -0.7395 0.3799 -0.5557
vn -0.7409 0.3716 -0.5595
vn -0.7409 0.3716 -0.5595
vn -0.7409 0.3716 -0.5595
vn -0.2657 0.9044 -0.3337
vn -0.2657 0.9044 -0.3337
vn -0.2657 0.9044 -0.3337
vn -0.2126 0.9205 -0.3279
vn -0.2126 0.9205 -0.3279
vn -0.2126 0.9205 -0.3279
vn 0.4251 0.8994 0.1019
vn 0.4251 0.8994 0.1019
vn 0.4251 0.8994 0.1019
vn 0.3949 0.918 0.0372
vn 0.3949 0.918 0.0372
vn 0.3949 0.918 0.0372
vn 0.8098 0.38 0.447
vn 0.8098 0.38 0.447
vn 0.8098 0.38 0.447
vn 0.8155 0.3698 0.4452
vn 0.8155 0.3698 0.4452
vn 0.8155 0.3698 0.4452
vn 0.723 -0.3806 0.5766
vn 0.723 -0.3806 0.5766
vn 0.723 -0.3806 0.5766
vn 0.7236 -0.3694 0.5831
vn 0.7236 -0.3694 0.5831
vn 0.7236 -0.3694 0.5831
vn 0.2109 -0.9212 0.3268
vn 0.2109 -0.9212 0.3268
vn 0.2109 -0.9212 0.3268
vn 0.2423 -0.8919 0.3818
vn 0.2423 -0.8919 0.3818
vn 0.2423 -0.8919 0.3818
vn -0.4105 -0.9041 -0.1184
vn -0.4105 -0.9041 -0.1184
vn -0.4105 -0.9041 -0.1184
vn -0.3839 -0.9207 -0.0701
vn -0.3839 -0.9207 -0.0701
vn -0.3839 -0.9207 -0.0701
vn -0.8 -0.3721 -0.4707
vn -0.8 -0.3721 -0.4707
vn -0.8 -0.3721 -0.4707
vn -0.7965 -0.3794 -0.4709
vn -0.7965 -0.3794 -0.4709
vn -0.7965 -0.3794 -0.4709
vn -0.8964 0.3787 -0.2303
vn -0.8964 0.3787 -0.2303
vn -0.8964 0.3787 -0.2303
vn -0.8987 0.3715 -0.2329
vn -0.8987 0.3715 -0.2329
vn -0.8987 0.3715 -0.2329
vn -0.3746 0.904 -0.2062
vn -0.3746 0.904 -0.2062
vn -0.3746 0.904 -0.2062
vn -0.3195 0.9212 -0.2221
vn -0.3195 0.9212 -0.2221
vn -0.3195 0.9212 -0.2221
vn 0.4307 0.8998 -0.0693
vn 0.4307 0.8998 -0.0693
vn 0.4307 0.8998 -0.0693
vn 0.3807 0.9175 -0.1151
vn 0.3807 0.9175 -0.1151
vn 0.3807 0.9175 -0.1151
vn 0.9186 0.3812 0.1039
vn 0.9186 0.3812 0.1039
vn 0.9186 0.3812 0.1039
vn 0.9243 0.3685 0.0992
vn 0.9243 0.3685 0.0992
vn 0.9243 0.3685 0.0992
vn 0.8885 -0.3804 0.2565
vn 0.8885 -0.3804 0.2565
vn 0.8885 -0.3804 0.2565
vn 0.8915 -0.3694 0.2621
vn 0.8915 -0.3694 0.2621
vn 0.8915 -0.3694 0.2621
vn 0.3211 -0.9206 0.2224
vn 0.3211 -0.9206 0.2224
vn 0.3211 -0.9206 0.2224
vn 0.369 -0.8925 0.2594
vn 0.369 -0.8925 0.2594
vn 0.369 -0.8925 0.2594
vn -0.425 -0.904 0.0471
vn -0.425 -0.904 0.0471
vn -0.425 -0.904 0.0471
vn -0.3802 -0.9212 0.083
vn -0.3802 -0.9212 0.083
vn -0.3802 -0.9212 0.083
vn -0.9193 -0.3719 -0.1287
vn -0.9193 -0.3719 -0.1287
vn -0.9193 -0.3719 -0.1287
vn -0.9165 -0.3783 -0.1301
vn -0.9165 -0.3783 -0.1301
vn -0.9165 -0.3783 -0.1301
vn -0.9163 0.3788 0.1302
vn -0.9163 0.3788 0.1302
vn -0.9163 0.3788 0.1302
vn -0.9193 0.3719 0.1287
vn -0.9193 0.3719 0.1287
vn -0.9193 0.3719 0.1287
vn -0.425 0.904 -0.0471
vn -0.425 0.904 -0.0471
vn -0.425 0.904 -0.0471
vn -0.3815 0.9207 -0.082
vn -0.3815 0.9207 -0.082
vn -0.3815 0.9207 -0.082
vn 0.3732 0.8992 -0.2284
vn 0.3732 0.8992 -0.2284
vn 0.3732 0.8992 -0.2284
vn 0.3073 0.9175 -0.2524
vn 0.3073 0.9175 -0.2524
vn 0.3073 0.9175 -0.2524
vn 0.8885 0.3804 -0.2565
vn 0.8885 0.3804 -0.2565
vn 0.8885 0.3804 -0.2565
vn 0.8914 0.3699 -0.2618
vn 0.8914 0.3699 -0.2618
vn 0.8914 0.3699 -0.2618
vn 0.9189 -0.3807 -0.1037
vn 0.9189 -0.3807 -0.1037
vn 0.9189 -0.3807 -0.1037
vn 0.9241 -0.369 -0.0994
vn 0.9241 -0.369 -0.0994
vn 0.9241 -0.369 -0.0994
vn 0.3808 -0.921 0.0822
vn 0.3808 -0.921 0.0822
vn 0.3808 -0.921 0.0822
vn 0.4409 -0.8921 0.0986
vn 0.4409 -0.8921 0.0986
vn 0.4409 -0.8921 0.0986
vn -0.3733 -0.9044 0.2065
vn -0.3733 -0.9044 0.2065
vn -0.3733 -0.9044 0.2065
vn -0.321 -0.9207 0.2217
vn -0.321 -0.9207 0.2217
vn -0.321 -0.9207 0.2217
vn -0.8989 -0.371 0.2331
vn -0.8989 -0.371 0.2331
vn -0.8989 -0.371 0.2331
vn -0.8963 -0.3792 0.2301
vn -0.8963 -0.3792 0.2301
vn -0.8963 -0.3792 0.2301
vn -0.7965 0.3794 0.4709
vn -0.7965 0.3794 0.4709
vn -0.7965 0.3794 0.4709
vn -0.8 0.3721 0.4707
vn -0.8 0.3721 0.4707
vn -0.8 0.3721 0.4707
vn -0.4114 0.9036 0.1192
vn -0.4114 0.9036 0.1192
vn -0.4114 0.9036 0.1192
vn -0.3841 0.9207 0.0695
vn -0.3841 0.9207 0.0695
vn -0.3841 0.9207 0.0695
vn 0.2571 0.8992 -0.354
vn 0.2571 0.8992 -0.354
vn 0.2571 0.8992 -0.354
vn 0.1867 0.9176 -0.351
vn 0.1867 0.9176 -0.351
vn 0.1867 0.9176 -0.351
vn 0.723 0.3806 -0.5766
vn 0.723 0.3806 -0.5766
vn 0.723 0.3806 -0.5766
vn 0.7236 0.3694 -0.5831
vn 0.7236 0.3694 -0.5831
vn 0.7236 0.3694 -0.5831
vn 0.8095 -0.3805 -0.4471
vn 0.8095 -0.3805 -0.4471
vn 0.8095 -0.3805 -0.4471
vn 0.8155 -0.3698 -0.4452
vn 0.8155 -0.3698 -0.4452
vn 0.8155 -0.3698 -0.4452
vn 0.384 -0.9207 -0.0702
vn 0.384 -0.9207 -0.0702
vn 0.384 -0.9207 -0.0702
vn 0.4449 -0.8922 -0.0779
vn 0.4449 -0.8922 -0.0779
vn 0.4449 -0.8922 -0.0779
vn -0.267 -0.904 0.3339
vn -0.267 -0.904 0.3339
vn -0.267 -0.904 0.3339
vn -0.2126 -0.9205 0.3279
vn -0.2126 -0.9205 0.3279
vn -0.2126 -0.9205 0.3279
vn -0.7408 -0.3721 0.5592
vn -0.7408 -0.3721 0.5592
vn -0.7408 -0.3721 0.5592
vn -0.7395 -0.3799 0.5557
vn -0.7395 -0.3799 0.5557
vn -0.7395 -0.3799 0.5557
vn -0.5559 0.3794 0.7396
vn -0.5559 0.3794 0.7396
vn -0.5559 0.3794 0.7396
vn -0.5592 0.3721 0.7408
vn -0.5592 0.3721 0.7408
vn -0.5592 0.3721 0.7408
vn -0.3339 0.904 0.267
vn -0.3339 0.904 0.267
vn -0.3339 0.904 0.267
vn -0.3279 0.9205 0.2126
vn -0.3279 0.9205 0.2126
vn -0.3279 0.9205 0.2126
vn 0.1019 0.8994 -0.4251
vn 0.1019 0.8994 -0.4251
vn 0.1019 0.8994 -0.4251
vn 0.0388 0.9176 -0.3956
vn 0.0388 0.9176 -0.3956
vn 0.0388 0.9176 -0.3956
vn 0.4471 0.3805 -0.8095
vn 0.4471 0.3805 -0.8095
vn 0.4471 0.3805 -0.8095
vn 0.4451 0.3692 -0.8158
vn 0.4451 0.3692 -0.8158
vn 0.4451 0.3692 -0.8158
vn 0.5763 -0.3811 -0.723
vn 0.5763 -0.3811 -0.723
vn 0.5763 -0.3811 -0.723
vn 0.5834 -0.3688 -0.7236
vn 0.5834 -0.3688 -0.7236
vn 0.5834 -0.3688 -0.7236
vn 0.3279 -0.9207 -0.2115
vn 0.3279 -0.9207 -0.2115
vn 0.3279 -0.9207 -0.2115
vn 0.3806 -0.8926 -0.2417
vn 0.3806 -0.8926 -0.2417
vn 0.3806 -0.8926 -0.2417
vn -0.1196 -0.9037 0.4111
vn -0.1196 -0.9037 0.4111
vn -0.1196 -0.9037 0.4111
vn -0.0687 -0.9211 0.3831
vn -0.0687 -0.9211 0.3831
vn -0.0687 -0.9211 0.3831
vn -0.4707 -0.3726 0.7998
vn -0.4707 -0.3726 0.7998
vn -0.4707 -0.3726 0.7998
vn -0.4709 -0.3789 0.7967
vn -0.4709 -0.3789 0.7967
vn -0.4709 -0.3789 0.7967
vn -0.2301 0.3792 0.8963
vn -0.2301 0.3792 0.8963
vn -0.2301 0.3792 0.8963
vn -0.2331 0.371 0.8989
vn -0.2331 0.371 0.8989
vn -0.2331 0.371 0.8989
vn -0.2065 0.9044 0.3733
vn -0.2065 0.9044 0.3733
vn -0.2065 0.9044 0.3733
vn -0.2217 0.9207 0.321
vn -0.2217 0.9207 0.321
vn -0.2217 0.9207 0.321
vn -0.0684 0.8994 -0.4317
vn -0.0684 0.8994 -0.4317
vn -0.0684 0.8994 -0.4317
vn -0.1162 0.9179 -0.3795
vn -0.1162 0.9179 -0.3795
vn -0.1162 0.9179 -0.3795
vn 0.1037 0.3807 -0.9189
vn 0.1037 0.3807 -0.9189
vn 0.1037 0.3807 -0.9189
vn 0.0994 0.369 -0.9241
vn 0.0994 0.369 -0.9241
vn 0.0994 0.369 -0.9241
vn 0.2567 -0.3799 -0.8887
vn 0.2567 -0.3799 -0.8887
vn 0.2567 -0.3799 -0.8887
vn 0.2618 -0.3699 -0.8914
vn 0.2618 -0.3699 -0.8914
vn 0.2618 -0.3699 -0.8914
vn 0.2216 -0.9211 -0.3201
vn 0.2216 -0.9211 -0.3201
vn 0.2216 -0.9211 -0.3201
vn 0.2603 -0.8918 -0.3701
vn 0.2603 -0.8918 -0.3701
vn 0.2603 -0.8918 -0.3701
vn 0.0479 -0.9044 0.424
vn 0.0479 -0.9044 0.424
vn 0.0479 -0.9044 0.424
vn 0.082 -0.9207 0.3815
vn 0.082 -0.9207 0.3815
vn 0.082 -0.9207 0.3815
vn -0.1286 -0.3713 0.9195
vn -0.1286 -0.3713 0.9195
vn -0.1286 -0.3713 0.9195
vn -0.1302 -0.3788 0.9163
vn -0.1302 -0.3788 0.9163
vn -0.1302 -0.3788 0.9163
vn 0.1301 0.3783 0.9165
vn 0.1301 0.3783 0.9165
vn 0.1301 0.3783 0.9165
vn 0.1287 0.3719 0.9193
vn 0.1287 0.3719 0.9193
vn 0.1287 0.3719 0.9193
vn -0.0471 0.904 0.425
vn -0.0471 0.904 0.425
vn -0.0471 0.904 0.425
vn -0.083 0.9212 0.3802
vn -0.083 0.9212 0.3802
vn -0.083 0.9212 0.3802
vn -0.2289 0.8996 -0.3719
vn -0.2289 0.8996 -0.3719
vn -0.2289 0.8996 -0.3719
vn -0.2524 0.9175 -0.3073
vn -0.2524 0.9175 -0.3073
vn -0.2524 0.9175 -0.3073
vn -0.2565 0.3804 -0.8885
vn -0.2565 0.3804 -0.8885
vn -0.2565 0.3804 -0.8885
vn -0.2621 0.3694 -0.8915
vn -0.2621 0.3694 -0.8915
vn -0.2621 0.3694 -0.8915
vn -0.1039 -0.3812 -0.9186
vn -0.1039 -0.3812 -0.9186
vn -0.1039 -0.3812 -0.9186
vn -0.0992 -0.3685 -0.9243
vn -0.0992 -0.3685 -0.9243
vn -0.0992 -0.3685 -0.9243
vn 0.0825 -0.9205 -0.382
vn 0.0825 -0.9205 -0.382
vn 0.0825 -0.9205 -0.382
vn 0.0982 -0.8928 -0.4396
vn 0.0982 -0.8928 -0.4396
vn 0.0982 -0.8928 -0.4396
vn 0.2062 -0.904 0.3746
vn 0.2062 -0.904 0.3746
vn 0.2062 -0.904 0.3746
vn 0.2222 -0.9212 0.3195
vn 0.2222 -0.9212 0.3195
vn 0.2222 -0.9212 0.3195
vn 0.2329 -0.3716 0.8987
vn 0.2329 -0.3716 0.8987
vn 0.2329 -0.3716 0.8987
vn 0.2303 -0.3787 0.8964
vn 0.2303 -0.3787 0.8964
vn 0.2303 -0.3787 0.8964
vn 0.4522 0.3803 0.8067
vn 0.4522 0.3803 0.8067
vn 0.4522 0.3803 0.8067
vn 0.4524 0.3706 0.8112
vn 0.4524 0.3706 0.8112
vn 0.4524 0.3706 0.8112
vn 0.0802 0.8925 0.4438
vn 0.0802 0.8925 0.4438
vn 0.0802 0.8925 0.4438
vn 0.0101 0.9139 0.4058
vn 0.0101 0.9139 0.4058
vn 0.0101 0.9139 0.4058
vn -0.4055 0.8849 -0.2294
vn -0.4055 0.8849 -0.2294
vn -0.4055 0.8849 -0.2294
vn -0.4012 0.9067 -0.13
vn -0.4012 0.9067 -0.13
vn -0.4012 0.9067 -0.13
vn -0.6011 0.3822 -0.7019
vn -0.6011 0.3822 -0.7019
vn -0.6011 0.3822 -0.7019
vn -0.6093 0.3658 -0.7035
vn -0.6093 0.3658 -0.7035
vn -0.6093 0.3658 -0.7035
vn -0.4183 -0.3811 -0.8245
vn -0.4183 -0.3811 -0.8245
vn -0.4183 -0.3811 -0.8245
vn -0.4168 -0.3658 -0.8321
vn -0.4168 -0.3658 -0.8321
vn -0.4168 -0.3658 -0.8321
vn -0.0093 -0.9144 -0.4048
vn -0.0093 -0.9144 -0.4048
vn -0.0093 -0.9144 -0.4048
vn -0.0225 -0.8731 -0.4871
vn -0.0225 -0.8731 -0.4871
vn -0.0225 -0.8731 -0.4871
vn 0.3786 -0.8933 0.2422
vn 0.3786 -0.8933 0.2422
vn 0.3786 -0.8933 0.2422
vn 0.3704 -0.9142 0.1644
vn 0.3704 -0.9142 0.1644
vn 0.3704 -0.9142 0.1644
vn 0.5767 -0.3696 0.7285
vn 0.5767 -0.3696 0.7285
vn 0.5767 -0.3696 0.7285
vn 0.5723 -0.3803 0.7265
vn 0.5723 -0.3803 0.7265
vn 0.5723 -0.3803 0.7265
vn 0.7524 0.3787 0.5389
vn 0.7524 0.3787 0.5389
vn 0.7524 0.3787 0.5389
vn 0.7531 0.3735 0.5416
vn 0.7531 0.3735 0.5416
vn 0.7531 0.3735 0.5416
vn 0.2893 0.9134 0.2864
vn 0.2893 0.9134 0.2864
vn 0.2893 0.9134 0.2864
vn 0.2594 0.9234 0.2828
vn 0.2594 0.9234 0.2828
vn 0.2594 0.9234 0.2828
vn -0.385 0.9109 -0.1486
vn -0.385 0.9109 -0.1486
vn -0.385 0.9109 -0.1486
vn -0.367 0.9236 -0.1107
vn -0.367 0.9236 -0.1107
vn -0.367 0.9236 -0.1107
vn -0.7942 0.3786 -0.4752
vn -0.7942 0.3786 -0.4752
vn -0.7942 0.3786 -0.4752
vn -0.7977 0.3729 -0.4739
vn -0.7977 0.3729 -0.4739
vn -0.7977 0.3729 -0.4739
vn -0.7432 -0.3791 -0.5514
vn -0.7432 -0.3791 -0.5514
vn -0.7432 -0.3791 -0.5514
vn -0.7433 -0.3725 -0.5557
vn -0.7433 -0.3725 -0.5557
vn -0.7433 -0.3725 -0.5557
vn -0.2577 -0.9242 -0.2818
vn -0.2577 -0.9242 -0.2818
vn -0.2577 -0.9242 -0.2818
vn -0.2763 -0.9075 -0.3165
vn -0.2763 -0.9075 -0.3165
vn -0.2763 -0.9075 -0.3165
vn 0.3758 -0.9131 0.1583
vn 0.3758 -0.9131 0.1583
vn 0.3758 -0.9131 0.1583
vn 0.3602 -0.9237 0.1305
vn 0.3602 -0.9237 0.1305
vn 0.3602 -0.9237 0.1305
vn 0.7881 -0.374 0.4889
vn 0.7881 -0.374 0.4889
vn 0.7881 -0.374 0.4889
vn 0.7859 -0.3782 0.4892
vn 0.7859 -0.3782 0.4892
vn 0.7859 -0.3782 0.4892
vn 0.8964 0.3787 0.2303
vn 0.8964 0.3787 0.2303
vn 0.8964 0.3787 0.2303
vn 0.8987 0.3715 0.2329
vn 0.8987 0.3715 0.2329
vn 0.8987 0.3715 0.2329
vn 0.3746 0.904 0.2062
vn 0.3746 0.904 0.2062
vn 0.3746 0.904 0.2062
vn 0.3195 0.9212 0.2221
vn 0.3195 0.9212 0.2221
vn 0.3195 0.9212 0.2221
vn -0.4307 0.8998 0.0693
vn -0.4307 0.8998 0.0693
vn -0.4307 0.8998 0.0693
vn -0.3807 0.9175 0.1151
vn -0.3807 0.9175 0.1151
vn -0.3807 0.9175 0.1151
vn -0.9186 0.3812 -0.1039
vn -0.9186 0.3812 -0.1039
vn -0.9186 0.3812 -0.1039
vn -0.9243 0.3685 -0.0992
vn -0.9243 0.3685 -0.0992
vn -0.9243 0.3685 -0.0992
vn -0.8885 -0.3804 -0.2565
vn -0.8885 -0.3804 -0.2565
vn -0.8885 -0.3804 -0.2565
vn -0.8915 -0.3694 -0.2621
vn -0.8915 -0.3694 -0.2621
vn -0.8915 -0.3694 -0.2621
vn -0.3211 -0.9206 -0.2224
vn -0.3211 -0.9206 -0.2224
vn -0.3211 -0.9206 -0.2224
vn -0.369 -0.8925 -0.2594
vn -0.369 -0.8925 -0.2594
vn -0.369 -0.8925 -0.2594
vn 0.425 -0.904 -0.0471
vn 0.425 -0.904 -0.0471
vn 0.425 -0.904 -0.0471
vn 0.3802 -0.9212 -0.083
vn 0.3802 -0.9212 -0.083
vn 0.3802 -0.9212 -0.083
vn 0.9193 -0.3719 0.1287
vn 0.9193 -0.3719 0.1287
vn 0.9193 -0.3719 0.1287
vn 0.9165 -0.3783 0.1301
vn 0.9165 -0.3783 0.1301
vn 0.9165 -0.3783 0.1301
vn -0.1027 0.3809 0.9189
vn -0.1027 0.3809 0.9189
vn -0.1027 0.3809 0.9189
vn -0.0982 0.3689 0.9243
vn -0.0982 0.3689 0.9243
vn -0.0982 0.3689 0.9243
vn -0.2577 -0.3805 0.8882
vn -0.2577 -0.3805 0.8882
vn -0.2577 -0.3805 0.8882
vn -0.263 -0.3701 0.891
vn -0.263 -0.3701 0.891
vn -0.263 -0.3701 0.891
vn -0.2304 -0.8991 0.3722
vn -0.2304 -0.8991 0.3722
vn -0.2304 -0.8991 0.3722
vn -0.2548 -0.9172 0.3062
vn -0.2548 -0.9172 0.3062
vn -0.2548 -0.9172 0.3062
vn -0.0489 -0.9036 -0.4256
vn -0.0489 -0.9036 -0.4256
vn -0.0489 -0.9036 -0.4256
vn -0.0841 -0.9202 -0.3823
vn -0.0841 -0.9202 -0.3823
vn -0.0841 -0.9202 -0.3823
vn 0.1293 -0.3792 -0.9162
vn 0.1293 -0.3792 -0.9162
vn 0.1293 -0.3792 -0.9162
vn 0.1277 -0.3718 -0.9195
vn 0.1277 -0.3718 -0.9195
vn 0.1277 -0.3718 -0.9195
vn 0.2336 0.3716 -0.8985
vn 0.2336 0.3716 -0.8985
vn 0.2336 0.3716 -0.8985
vn 0.2308 0.3792 -0.8961
vn 0.2308 0.3792 -0.8961
vn 0.2308 0.3792 -0.8961
vn 0.2023 0.9221 -0.3297
vn 0.2023 0.9221 -0.3297
vn 0.2023 0.9221 -0.3297
vn 0.2303 0.8997 -0.3709
vn 0.2303 0.8997 -0.3709
vn 0.2303 0.8997 -0.3709
vn 0.0843 0.9205 0.3817
vn 0.0843 0.9205 0.3817
vn 0.0843 0.9205 0.3817
vn 0.1009 0.8915 0.4416
vn 0.1009 0.8915 0.4416
vn 0.1009 0.8915 0.4416
vn -1.0 0.0 -0.0075
vn -1.0 0.0 -0.0075
vn -1.0 0.0 -0.0075
vn -1.0 0.0 -0.0047
vn -1.0 0.0 -0.0047
vn -1.0 0.0 -0.0047
vn -1.0 0.0006 -0.006
vn -1.0 0.0006 -0.006
vn -1.0 0.0006 -0.006
vn -1.0 -0.0005 -0.005
vn -1.0 -0.0005 -0.005
vn -1.0 -0.0005 -0.005
vn -1.0 0.0007 -0.0055
vn -1.0 0.0007 -0.0055
vn -1.0 0.0007 -0.0055
vn -1.0 -0.0019 -0.0055
vn -1.0 -0.0019 -0.0055
vn -1.0 -0.0019 -0.0055
vn 1.0 0.0 0.0
vn 1.0 0.0 0.0
vn 1.0 0.0 0.0
vn 1.0 0.0 0.0
vn 1.0 0.0 0.0
vn 1.0 0.0 0.0
vn 1.0 0.0 0.0
vn 1.0 0.0 0.0
vn 1.0 0.0 0.0
vn 1.0 0.0 0.0
vn 1.0 0.0 0.0
vn 1.0 0.0 0.0
vn 1.0 0.0 0.0
vn 1.0 0.0 0.0
vn 1.0 0.0 0.0
vn 1.0 0.0 0.0
vn 1.0 0.0 0.0
vn 1.0 0.0 0.0
vn 0.9165 0.3783 -0.1301
vn 0.9165 0.3783 -0.1301
vn 0.9165 0.3783 -0.1301
vn 0.9193 0.3719 -0.1287
vn 0.9193 0.3719 -0.1287
vn 0.9193 0.3719 -0.1287
vn 0.425 0.904 0.0471
vn 0.425 0.904 0.0471
vn 0.425 0.904 0.0471
vn 0.3802 0.9212 0.083
vn 0.3802 0.9212 0.083
vn 0.3802 0.9212 0.083
vn -0.3719 0.8996 0.2289
vn -0.3719 0.8996 0.2289
vn -0.3719 0.8996 0.2289
vn -0.3073 0.9175 0.2524
vn -0.3073 0.9175 0.2524
vn -0.3073 0.9175 0.2524
vn -0.8885 0.3804 0.2565
vn -0.8885 0.3804 0.2565
vn -0.8885 0.3804 0.2565
vn -0.8915 0.3694 0.2621
vn -0.8915 0.3694 0.2621
vn -0.8915 0.3694 0.2621
vn -0.9186 -0.3812 0.1039
vn -0.9186 -0.3812 0.1039
vn -0.9186 -0.3812 0.1039
vn -0.9243 -0.3685 0.0992
vn -0.9243 -0.3685 0.0992
vn -0.9243 -0.3685 0.0992
vn -0.382 -0.9205 -0.0819
vn -0.382 -0.9205 -0.0819
vn -0.382 -0.9205 -0.0819
vn -0.4407 -0.8923 -0.0979
vn -0.4407 -0.8923 -0.0979
vn -0.4407 -0.8923 -0.0979
vn 0.3746 -0.904 -0.2062
vn 0.3746 -0.904 -0.2062
vn 0.3746 -0.904 -0.2062
vn 0.321 -0.9207 -0.2217
vn 0.321 -0.9207 -0.2217
vn 0.321 -0.9207 -0.2217
vn 0.8987 -0.3715 -0.2329
vn 0.8987 -0.3715 -0.2329
vn 0.8987 -0.3715 -0.2329
vn 0.8964 -0.3787 -0.2303
vn 0.8964 -0.3787 -0.2303
vn 0.8964 -0.3787 -0.2303
vn 0.7965 0.3794 -0.4709
vn 0.7965 0.3794 -0.4709
vn 0.7965 0.3794 -0.4709
vn 0.7998 0.3726 -0.4707
vn 0.7998 0.3726 -0.4707
vn 0.7998 0.3726 -0.4707
vn 0.4111 0.9037 -0.1196
vn 0.4111 0.9037 -0.1196
vn 0.4111 0.9037 -0.1196
vn 0.3839 0.9207 -0.0701
vn 0.3839 0.9207 -0.0701
vn 0.3839 0.9207 -0.0701
vn -0.2574 0.8993 0.3534
vn -0.2574 0.8993 0.3534
vn -0.2574 0.8993 0.3534
vn -0.1872 0.9177 0.3504
vn -0.1872 0.9177 0.3504
vn -0.1872 0.9177 0.3504
vn -0.723 0.3811 0.5763
vn -0.723 0.3811 0.5763
vn -0.723 0.3811 0.5763
vn -0.7236 0.3694 0.5831
vn -0.7236 0.3694 0.5831
vn -0.7236 0.3694 0.5831
vn -0.8098 -0.38 0.447
vn -0.8098 -0.38 0.447
vn -0.8098 -0.38 0.447
vn -0.8155 -0.3698 0.4452
vn -0.8155 -0.3698 0.4452
vn -0.8155 -0.3698 0.4452
vn -0.3842 -0.9206 0.0696
vn -0.3842 -0.9206 0.0696
vn -0.3842 -0.9206 0.0696
vn -0.4453 -0.892 0.0773
vn -0.4453 -0.892 0.0773
vn -0.4453 -0.892 0.0773
vn 0.2668 -0.9039 -0.3343
vn 0.2668 -0.9039 -0.3343
vn 0.2668 -0.9039 -0.3343
vn 0.2122 -0.9204 -0.3283
vn 0.2122 -0.9204 -0.3283
vn 0.2122 -0.9204 -0.3283
vn 0.7409 -0.3716 -0.5595
vn 0.7409 -0.3716 -0.5595
vn 0.7409 -0.3716 -0.5595
vn 0.7395 -0.3799 -0.5557
vn 0.7395 -0.3799 -0.5557
vn 0.7395 -0.3799 -0.5557
vn 0.5557 0.3799 -0.7395
vn 0.5557 0.3799 -0.7395
vn 0.5557 0.3799 -0.7395
vn 0.5595 0.3716 -0.7409
vn 0.5595 0.3716 -0.7409
vn 0.5595 0.3716 -0.7409
vn 0.3337 0.9044 -0.2657
vn 0.3337 0.9044 -0.2657
vn 0.3337 0.9044 -0.2657
vn 0.3279 0.9205 -0.2126
vn 0.3279 0.9205 -0.2126
vn 0.3279 0.9205 -0.2126
vn -0.1019 0.8994 0.4251
vn -0.1019 0.8994 0.4251
vn -0.1019 0.8994 0.4251
vn -0.0372 0.918 0.3949
vn -0.0372 0.918 0.3949
vn -0.0372 0.918 0.3949
vn -0.447 0.38 0.8098
vn -0.447 0.38 0.8098
vn -0.447 0.38 0.8098
vn -0.4452 0.3698 0.8155
vn -0.4452 0.3698 0.8155
vn -0.4452 0.3698 0.8155
vn -0.5763 -0.3811 0.723
vn -0.5763 -0.3811 0.723
vn -0.5763 -0.3811 0.723
vn -0.5831 -0.3694 0.7236
vn -0.5831 -0.3694 0.7236
vn -0.5831 -0.3694 0.7236
vn -0.3275 -0.9208 0.212
vn -0.3275 -0.9208 0.212
vn -0.3275 -0.9208 0.212
vn -0.3812 -0.8921 0.2427
vn -0.3812 -0.8921 0.2427
vn -0.3812 -0.8921 0.2427
vn 0.1196 -0.9037 -0.4111
vn 0.1196 -0.9037 -0.4111
vn 0.1196 -0.9037 -0.4111
vn 0.0701 -0.9207 -0.3839
vn 0.0701 -0.9207 -0.3839
vn 0.0701 -0.9207 -0.3839
vn 0.4707 -0.3726 -0.7998
vn 0.4707 -0.3726 -0.7998
vn 0.4707 -0.3726 -0.7998
vn 0.4709 -0.3794 -0.7965
vn 0.4709 -0.3794 -0.7965
vn 0.4709 -0.3794 -0.7965
vn -0.1301 0.3783 -0.9165
vn -0.1301 0.3783 -0.9165
vn -0.1301 0.3783 -0.9165
vn -0.1287 0.3719 -0.9193
vn -0.1287 0.3719 -0.9193
vn -0.1287 0.3719 -0.9193
vn 0.0471 0.904 -0.425
vn 0.0471 0.904 -0.425
vn 0.0471 0.904 -0.425
vn 0.083 0.9212 -0.3802
vn 0.083 0.9212 -0.3802
vn 0.083 0.9212 -0.3802
vn 0.2289 0.8996 0.3719
vn 0.2289 0.8996 0.3719
vn 0.2289 0.8996 0.3719
vn 0.2524 0.9175 0.3073
vn 0.2524 0.9175 0.3073
vn 0.2524 0.9175 0.3073
vn 0.2565 0.3804 0.8885
vn 0.2565 0.3804 0.8885
vn 0.2565 0.3804 0.8885
vn 0.2621 0.3694 0.8915
vn 0.2621 0.3694 0.8915
vn 0.2621 0.3694 0.8915
vn 0.1039 -0.3812 0.9186
vn 0.1039 -0.3812 0.9186
vn 0.1039 -0.3812 0.9186
vn 0.0992 -0.3685 0.9243
vn 0.0992 -0.3685 0.9243
vn 0.0992 -0.3685 0.9243
vn -0.0825 -0.9205 0.382
vn -0.0825 -0.9205 0.382
vn -0.0825 -0.9205 0.382
vn -0.0982 -0.8928 0.4396
vn -0.0982 -0.8928 0.4396
vn -0.0982 -0.8928 0.4396
vn -0.2062 -0.904 -0.3746
vn -0.2062 -0.904 -0.3746
vn -0.2062 -0.904 -0.3746
vn -0.2221 -0.9212 -0.3195
vn -0.2221 -0.9212 -0.3195
vn -0.2221 -0.9212 -0.3195
vn -0.2329 -0.3716 -0.8987
vn -0.2329 -0.3716 -0.8987
vn -0.2329 -0.3716 -0.8987
vn -0.2303 -0.3787 -0.8964
vn -0.2303 -0.3787 -0.8964
vn -0.2303 -0.3787 -0.8964
vn -0.4709 0.3794 -0.7965
vn -0.4709 0.3794 -0.7965
vn -0.4709 0.3794 -0.7965
vn -0.4707 0.3721 -0.8
vn -0.4707 0.3721 -0.8
vn -0.4707 0.3721 -0.8
vn -0.1184 0.9041 -0.4105
vn -0.1184 0.9041 -0.4105
vn -0.1184 0.9041 -0.4105
vn -0.0701 0.9207 -0.3839
vn -0.0701 0.9207 -0.3839
vn -0.0701 0.9207 -0.3839
vn 0.3534 0.8993 0.2574
vn 0.3534 0.8993 0.2574
vn 0.3534 0.8993 0.2574
vn 0.3503 0.9181 0.1855
vn 0.3503 0.9181 0.1855
vn 0.3503 0.9181 0.1855
vn 0.5766 0.3806 0.723
vn 0.5766 0.3806 0.723
vn 0.5766 0.3806 0.723
vn 0.5831 0.3694 0.7236
vn 0.5831 0.3694 0.7236
vn 0.5831 0.3694 0.7236
vn 0.447 -0.3801 0.8098
vn 0.447 -0.3801 0.8098
vn 0.447 -0.3801 0.8098
vn 0.4452 -0.3698 0.8155
vn 0.4452 -0.3698 0.8155
vn 0.4452 -0.3698 0.8155
vn 0.0694 -0.9212 0.383
vn 0.0694 -0.9212 0.383
vn 0.0694 -0.9212 0.383
vn 0.0773 -0.892 0.4453
vn 0.0773 -0.892 0.4453
vn 0.0773 -0.892 0.4453
vn -0.3337 -0.9044 -0.2657
vn -0.3337 -0.9044 -0.2657
vn -0.3337 -0.9044 -0.2657
vn -0.3279 -0.9205 -0.2126
vn -0.3279 -0.9205 -0.2126
vn -0.3279 -0.9205 -0.2126
vn -0.5595 -0.3716 -0.7409
vn -0.5595 -0.3716 -0.7409
vn -0.5595 -0.3716 -0.7409
vn -0.5557 -0.3799 -0.7395
vn -0.5557 -0.3799 -0.7395
vn -0.5557 -0.3799 -0.7395
vn -0.7396 0.3794 -0.5559
vn -0.7396 0.3794 -0.5559
vn -0.7396 0.3794 -0.5559
vn -0.7408 0.3721 -0.5592
vn -0.7408 0.3721 -0.5592
vn -0.7408 0.3721 -0.5592
vn -0.267 0.904 -0.3339
vn -0.267 0.904 -0.3339
vn -0.267 0.904 -0.3339
vn -0.2111 0.9209 -0.3277
vn -0.2111 0.9209 -0.3277
vn -0.2111 0.9209 -0.3277
vn 0.4245 0.8998 0.1007
vn 0.4245 0.8998 0.1007
vn 0.4245 0.8998 0.1007
vn 0.3956 0.9176 0.0388
vn 0.3956 0.9176 0.0388
vn 0.3956 0.9176 0.0388
vn 0.8095 0.3805 0.4471
vn 0.8095 0.3805 0.4471
vn 0.8095 0.3805 0.4471
vn 0.8158 0.3692 0.4451
vn 0.8158 0.3692 0.4451
vn 0.8158 0.3692 0.4451
vn 0.723 -0.3811 0.5763
vn 0.723 -0.3811 0.5763
vn 0.723 -0.3811 0.5763
vn 0.7236 -0.3688 0.5834
vn 0.7236 -0.3688 0.5834
vn 0.7236 -0.3688 0.5834
vn 0.2115 -0.9207 0.3279
vn 0.2115 -0.9207 0.3279
vn 0.2115 -0.9207 0.3279
vn 0.2416 -0.8926 0.3806
vn 0.2416 -0.8926 0.3806
vn 0.2416 -0.8926 0.3806
vn -0.4111 -0.9037 -0.1196
vn -0.4111 -0.9037 -0.1196
vn -0.4111 -0.9037 -0.1196
vn -0.3831 -0.9211 -0.0687
vn -0.3831 -0.9211 -0.0687
vn -0.3831 -0.9211 -0.0687
vn -0.7998 -0.3726 -0.4707
vn -0.7998 -0.3726 -0.4707
vn -0.7998 -0.3726 -0.4707
vn -0.7967 -0.3789 -0.4709
vn -0.7967 -0.3789 -0.4709
vn -0.7967 -0.3789 -0.4709
vn -0.8963 0.3792 -0.2301
vn -0.8963 0.3792 -0.2301
vn -0.8963 0.3792 -0.2301
vn -0.8987 0.3715 -0.2329
vn -0.8987 0.3715 -0.2329
vn -0.8987 0.3715 -0.2329
vn -0.3746 0.904 -0.2062
vn -0.3746 0.904 -0.2062
vn -0.3746 0.904 -0.2062
vn -0.321 0.9207 -0.2217
vn -0.321 0.9207 -0.2217
vn -0.321 0.9207 -0.2217
vn 0.4317 0.8994 -0.0684
vn 0.4317 0.8994 -0.0684
vn 0.4317 0.8994 -0.0684
vn 0.3807 0.9175 -0.1151
vn 0.3807 0.9175 -0.1151
vn 0.3807 0.9175 -0.1151
vn 0.9186 0.3812 0.1039
vn 0.9186 0.3812 0.1039
vn 0.9186 0.3812 0.1039
vn 0.9241 0.369 0.0994
vn 0.9241 0.369 0.0994
vn 0.9241 0.369 0.0994
vn 0.8887 -0.3799 0.2567
vn 0.8887 -0.3799 0.2567
vn 0.8887 -0.3799 0.2567
vn 0.8914 -0.3699 0.2618
vn 0.8914 -0.3699 0.2618
vn 0.8914 -0.3699 0.2618
vn 0.3201 -0.9211 0.2216
vn 0.3201 -0.9211 0.2216
vn 0.3201 -0.9211 0.2216
vn 0.3701 -0.8918 0.2603
vn 0.3701 -0.8918 0.2603
vn 0.3701 -0.8918 0.2603
vn -0.424 -0.9044 0.0479
vn -0.424 -0.9044 0.0479
vn -0.424 -0.9044 0.0479
vn -0.3815 -0.9207 0.082
vn -0.3815 -0.9207 0.082
vn -0.3815 -0.9207 0.082
vn -0.9195 -0.3713 -0.1286
vn -0.9195 -0.3713 -0.1286
vn -0.9195 -0.3713 -0.1286
vn -0.9163 -0.3788 -0.1302
vn -0.9163 -0.3788 -0.1302
vn -0.9163 -0.3788 -0.1302
vn -0.9163 0.3788 0.1302
vn -0.9163 0.3788 0.1302
vn -0.9163 0.3788 0.1302
vn -0.9195 0.3713 0.1286
vn -0.9195 0.3713 0.1286
vn -0.9195 0.3713 0.1286
vn -0.424 0.9044 -0.0479
vn -0.424 0.9044 -0.0479
vn -0.424 0.9044 -0.0479
vn -0.3815 0.9207 -0.082
vn -0.3815 0.9207 -0.082
vn -0.3815 0.9207 -0.082
vn 0.3732 0.8992 -0.2284
vn 0.3732 0.8992 -0.2284
vn 0.3732 0.8992 -0.2284
vn 0.3057 0.9179 -0.2529
vn 0.3057 0.9179 -0.2529
vn 0.3057 0.9179 -0.2529
vn 0.8887 0.3799 -0.2567
vn 0.8887 0.3799 -0.2567
vn 0.8887 0.3799 -0.2567
vn 0.8914 0.3699 -0.2618
vn 0.8914 0.3699 -0.2618
vn 0.8914 0.3699 -0.2618
vn 0.9186 -0.3812 -0.1039
vn 0.9186 -0.3812 -0.1039
vn 0.9186 -0.3812 -0.1039
vn 0.9241 -0.369 -0.0994
vn 0.9241 -0.369 -0.0994
vn 0.9241 -0.369 -0.0994
vn 0.382 -0.9205 0.0819
vn 0.382 -0.9205 0.0819
vn 0.382 -0.9205 0.0819
vn 0.4407 -0.8923 0.0979
vn 0.4407 -0.8923 0.0979
vn 0.4407 -0.8923 0.0979
vn -0.3746 -0.904 0.2062
vn -0.3746 -0.904 0.2062
vn -0.3746 -0.904 0.2062
vn -0.321 -0.9207 0.2217
vn -0.321 -0.9207 0.2217
vn -0.321 -0.9207 0.2217
vn -0.8987 -0.3716 0.2329
vn -0.8987 -0.3716 0.2329
vn -0.8987 -0.3716 0.2329
vn -0.8963 -0.3792 0.2301
vn -0.8963 -0.3792 0.2301
vn -0.8963 -0.3792 0.2301
vn -0.7967 0.3789 0.4709
vn -0.7967 0.3789 0.4709
vn -0.7967 0.3789 0.4709
vn -0.7998 0.3726 0.4707
vn -0.7998 0.3726 0.4707
vn -0.7998 0.3726 0.4707
vn -0.4111 0.9037 0.1196
vn -0.4111 0.9037 0.1196
vn -0.4111 0.9037 0.1196
vn -0.3831 0.9211 0.0687
vn -0.3831 0.9211 0.0687
vn -0.3831 0.9211 0.0687
vn 0.2561 0.8997 -0.3534
vn 0.2561 0.8997 -0.3534
vn 0.2561 0.8997 -0.3534
vn 0.1872 0.9177 -0.3504
vn 0.1872 0.9177 -0.3504
vn 0.1872 0.9177 -0.3504
vn 0.723 0.3811 -0.5763
vn 0.723 0.3811 -0.5763
vn 0.723 0.3811 -0.5763
vn 0.7236 0.3688 -0.5834
vn 0.7236 0.3688 -0.5834
vn 0.7236 0.3688 -0.5834
vn 0.8095 -0.3805 -0.4471
vn 0.8095 -0.3805 -0.4471
vn 0.8095 -0.3805 -0.4471
vn 0.8158 -0.3692 -0.4451
vn 0.8158 -0.3692 -0.4451
vn 0.8158 -0.3692 -0.4451
vn 0.3842 -0.9206 -0.0696
vn 0.3842 -0.9206 -0.0696
vn 0.3842 -0.9206 -0.0696
vn 0.4439 -0.8927 -0.0771
vn 0.4439 -0.8927 -0.0771
vn 0.4439 -0.8927 -0.0771
vn -0.267 -0.904 0.3339
vn -0.267 -0.904 0.3339
vn -0.267 -0.904 0.3339
vn -0.2111 -0.9209 0.3277
vn -0.2111 -0.9209 0.3277
vn -0.2111 -0.9209 0.3277
vn -0.7408 -0.3721 0.5592
vn -0.7408 -0.3721 0.5592
vn -0.7408 -0.3721 0.5592
vn -0.7396 -0.3794 0.5559
vn -0.7396 -0.3794 0.5559
vn -0.7396 -0.3794 0.5559
vn -0.5557 0.3799 0.7395
vn -0.5557 0.3799 0.7395
vn -0.5557 0.3799 0.7395
vn -0.5595 0.3716 0.7409
vn -0.5595 0.3716 0.7409
vn -0.5595 0.3716 0.7409
vn -0.3337 0.9044 0.2657
vn -0.3337 0.9044 0.2657
vn -0.3337 0.9044 0.2657
vn -0.3279 0.9205 0.2126
vn -0.3279 0.9205 0.2126
vn -0.3279 0.9205 0.2126
vn 0.1019 0.8994 -0.4251
vn 0.1019 0.8994 -0.4251
vn 0.1019 0.8994 -0.4251
vn 0.0372 0.918 -0.3949
vn 0.0372 0.918 -0.3949
vn 0.0372 0.918 -0.3949
vn 0.447 0.3801 -0.8098
vn 0.447 0.3801 -0.8098
vn 0.447 0.3801 -0.8098
vn 0.4452 0.3698 -0.8155
vn 0.4452 0.3698 -0.8155
vn 0.4452 0.3698 -0.8155
vn 0.5766 -0.3806 -0.723
vn 0.5766 -0.3806 -0.723
vn 0.5766 -0.3806 -0.723
vn 0.5831 -0.3694 -0.7236
vn 0.5831 -0.3694 -0.7236
vn 0.5831 -0.3694 -0.7236
vn 0.3268 -0.9212 -0.2109
vn 0.3268 -0.9212 -0.2109
vn 0.3268 -0.9212 -0.2109
vn 0.3818 -0.8919 -0.2423
vn 0.3818 -0.8919 -0.2423
vn 0.3818 -0.8919 -0.2423
vn -0.1184 -0.9041 0.4105
vn -0.1184 -0.9041 0.4105
vn -0.1184 -0.9041 0.4105
vn -0.0701 -0.9207 0.3839
vn -0.0701 -0.9207 0.3839
vn -0.0701 -0.9207 0.3839
vn -0.4707 -0.3721 0.8
vn -0.4707 -0.3721 0.8
vn -0.4707 -0.3721 0.8
vn -0.4709 -0.3794 0.7965
vn -0.4709 -0.3794 0.7965
vn -0.4709 -0.3794 0.7965
vn -0.2303 0.3787 0.8964
vn -0.2303 0.3787 0.8964
vn -0.2303 0.3787 0.8964
vn -0.2329 0.3716 0.8987
vn -0.2329 0.3716 0.8987
vn -0.2329 0.3716 0.8987
vn -0.2062 0.904 0.3746
vn -0.2062 0.904 0.3746
vn -0.2062 0.904 0.3746
vn -0.2222 0.9212 0.3195
vn -0.2222 0.9212 0.3195
vn -0.2222 0.9212 0.3195
vn -0.0693 0.8998 -0.4307
vn -0.0693 0.8998 -0.4307
vn -0.0693 0.8998 -0.4307
vn -0.1151 0.9175 -0.3807
vn -0.1151 0.9175 -0.3807
vn -0.1151 0.9175 -0.3807
vn 0.1039 0.3812 -0.9186
vn 0.1039 0.3812 -0.9186
vn 0.1039 0.3812 -0.9186
vn 0.0992 0.3685 -0.9243
vn 0.0992 0.3685 -0.9243
vn 0.0992 0.3685 -0.9243
vn 0.2565 -0.3804 -0.8885
vn 0.2565 -0.3804 -0.8885
vn 0.2565 -0.3804 -0.8885
vn 0.2621 -0.3694 -0.8915
vn 0.2621 -0.3694 -0.8915
vn 0.2621 -0.3694 -0.8915
vn 0.2224 -0.9206 -0.3211
vn 0.2224 -0.9206 -0.3211
vn 0.2224 -0.9206 -0.3211
vn 0.2594 -0.8925 -0.369
vn 0.2594 -0.8925 -0.369
vn 0.2594 -0.8925 -0.369
vn 0.0471 -0.904 0.425
vn 0.0471 -0.904 0.425
vn 0.0471 -0.904 0.425
vn 0.083 -0.9212 0.3802
vn 0.083 -0.9212 0.3802
vn 0.083 -0.9212 0.3802
vn -0.1287 -0.3719 0.9193
vn -0.1287 -0.3719 0.9193
vn -0.1287 -0.3719 0.9193
vn -0.1301 -0.3783 0.9165
vn -0.1301 -0.3783 0.9165
vn -0.1301 -0.3783 0.9165
vn 0.1302 0.3788 0.9163
vn 0.1302 0.3788 0.9163
vn 0.1302 0.3788 0.9163
vn 0.1287 0.3719 0.9193
vn 0.1287 0.3719 0.9193
vn 0.1287 0.3719 0.9193
vn -0.0471 0.9039 0.425
vn -0.0471 0.9039 0.425
vn -0.0471 0.9039 0.425
vn -0.082 0.9207 0.3815
vn -0.082 0.9207 0.3815
vn -0.082 0.9207 0.3815
vn -0.2284 0.8992 -0.3732
vn -0.2284 0.8992 -0.3732
vn -0.2284 0.8992 -0.3732
vn -0.2524 0.9175 -0.3073
vn -0.2524 0.9175 -0.3073
vn -0.2524 0.9175 -0.3073
vn -0.2565 0.3804 -0.8885
vn -0.2565 0.3804 -0.8885
vn -0.2565 0.3804 -0.8885
vn -0.2618 0.3699 -0.8914
vn -0.2618 0.3699 -0.8914
vn -0.2618 0.3699 -0.8914
vn -0.1037 -0.3807 -0.9189
vn -0.1037 -0.3807 -0.9189
vn -0.1037 -0.3807 -0.9189
vn -0.0994 -0.369 -0.9241
vn -0.0994 -0.369 -0.9241
vn -0.0994 -0.369 -0.9241
vn 0.0822 -0.921 -0.3808
vn 0.0822 -0.921 -0.3808
vn 0.0822 -0.921 -0.3808
vn 0.0986 -0.8921 -0.4409
vn 0.0986 -0.8921 -0.4409
vn 0.0986 -0.8921 -0.4409
vn 0.2065 -0.9044 0.3733
vn 0.2065 -0.9044 0.3733
vn 0.2065 -0.9044 0.3733
vn 0.2217 -0.9207 0.321
vn 0.2217 -0.9207 0.321
vn 0.2217 -0.9207 0.321
vn 0.2331 -0.371 0.8989
vn 0.2331 -0.371 0.8989
vn 0.2331 -0.371 0.8989
vn 0.2301 -0.3792 0.8963
vn 0.2301 -0.3792 0.8963
vn 0.2301 -0.3792 0.8963
vn 0.4522 0.3803 0.8067
vn 0.4522 0.3803 0.8067
vn 0.4522 0.3803 0.8067
vn 0.4524 0.3706 0.8112
vn 0.4524 0.3706 0.8112
vn 0.4524 0.3706 0.8112
vn 0.0802 0.8925 0.4438
vn 0.0802 0.8925 0.4438
vn 0.0802 0.8925 0.4438
vn 0.0101 0.9139 0.4058
vn 0.0101 0.9139 0.4058
vn 0.0101 0.9139 0.4058
vn -0.4055 0.8849 -0.2294
vn -0.4055 0.8849 -0.2294
vn -0.4055 0.8849 -0.2294
vn -0.4012 0.9067 -0.13
vn -0.4012 0.9067 -0.13
vn -0.4012 0.9067 -0.13
vn -0.6011 0.3822 -0.7018
vn -0.6011 0.3822 -0.7018
vn -0.6011 0.3822 -0.7018
vn -0.6093 0.3658 -0.7035
vn -0.6093 0.3658 -0.7035
vn -0.6093 0.3658 -0.7035
vn -0.4181 -0.3816 -0.8244
vn -0.4181 -0.3816 -0.8244
vn -0.4181 -0.3816 -0.8244
vn -0.4166 -0.3662 -0.8321
vn -0.4166 -0.3662 -0.8321
vn -0.4166 -0.3662 -0.8321
vn -0.0101 -0.9139 -0.4058
vn -0.0101 -0.9139 -0.4058
vn -0.0101 -0.9139 -0.4058
vn -0.0233 -0.8726 -0.488
vn -0.0233 -0.8726 -0.488
vn -0.0233 -0.8726 -0.488
vn 0.3792 -0.8928 0.2432
vn 0.3792 -0.8928 0.2432
vn 0.3792 -0.8928 0.2432
vn 0.3711 -0.9137 0.1655
vn 0.3711 -0.9137 0.1655
vn 0.3711 -0.9137 0.1655
vn 0.5767 -0.3701 0.7283
vn 0.5767 -0.3701 0.7283
vn 0.5767 -0.3701 0.7283
vn 0.5723 -0.3808 0.7262
vn 0.5723 -0.3808 0.7262
vn 0.5723 -0.3808 0.7262
vn 0.7523 0.3787 0.539
vn 0.7523 0.3787 0.539
vn 0.7523 0.3787 0.539
vn 0.753 0.374 0.5415
vn 0.753 0.374 0.5415
vn 0.753 0.374 0.5415
vn 0.2904 0.9128 0.2871
vn 0.2904 0.9128 0.2871
vn 0.2904 0.9128 0.2871
vn 0.2589 0.9234 0.2833
vn 0.2589 0.9234 0.2833
vn 0.2589 0.9234 0.2833
vn -0.3854 0.9108 -0.1482
vn -0.3854 0.9108 -0.1482
vn -0.3854 0.9108 -0.1482
vn -0.368 0.9231 -0.1114
vn -0.368 0.9231 -0.1114
vn -0.368 0.9231 -0.1114
vn -0.7941 0.3791 -0.4751
vn -0.7941 0.3791 -0.4751
vn -0.7941 0.3791 -0.4751
vn -0.7979 0.3729 -0.4736
vn -0.7979 0.3729 -0.4736
vn -0.7979 0.3729 -0.4736
vn -0.7432 -0.3796 -0.551
vn -0.7432 -0.3796 -0.551
vn -0.7432 -0.3796 -0.551
vn -0.7433 -0.372 -0.556
vn -0.7433 -0.372 -0.556
vn -0.7433 -0.372 -0.556
vn -0.2583 -0.9237 -0.2829
vn -0.2583 -0.9237 -0.2829
vn -0.2583 -0.9237 -0.2829
vn -0.2756 -0.9081 -0.3152
vn -0.2756 -0.9081 -0.3152
vn -0.2756 -0.9081 -0.3152
vn 0.3764 -0.9126 0.1594
vn 0.3764 -0.9126 0.1594
vn 0.3764 -0.9126 0.1594
vn 0.3594 -0.9242 0.1292
vn 0.3594 -0.9242 0.1292
vn 0.3594 -0.9242 0.1292
vn 0.7879 -0.3745 0.4889
vn 0.7879 -0.3745 0.4889
vn 0.7879 -0.3745 0.4889
vn 0.7862 -0.3777 0.4891
vn 0.7862 -0.3777 0.4891
vn 0.7862 -0.3777 0.4891
vn 0.8963 0.3792 0.2301
vn 0.8963 0.3792 0.2301
vn 0.8963 0.3792 0.2301
vn 0.8989 0.371 0.2331
vn 0.8989 0.371 0.2331
vn 0.8989 0.371 0.2331
vn 0.3733 0.9044 0.2065
vn 0.3733 0.9044 0.2065
vn 0.3733 0.9044 0.2065
vn 0.321 0.9207 0.2217
vn 0.321 0.9207 0.2217
vn 0.321 0.9207 0.2217
vn -0.4317 0.8994 0.0684
vn -0.4317 0.8994 0.0684
vn -0.4317 0.8994 0.0684
vn -0.3795 0.9179 0.1162
vn -0.3795 0.9179 0.1162
vn -0.3795 0.9179 0.1162
vn -0.9189 0.3807 -0.1037
vn -0.9189 0.3807 -0.1037
vn -0.9189 0.3807 -0.1037
vn -0.9241 0.369 -0.0994
vn -0.9241 0.369 -0.0994
vn -0.9241 0.369 -0.0994
vn -0.8887 -0.3799 -0.2567
vn -0.8887 -0.3799 -0.2567
vn -0.8887 -0.3799 -0.2567
vn -0.8914 -0.3699 -0.2618
vn -0.8914 -0.3699 -0.2618
vn -0.8914 -0.3699 -0.2618
vn -0.3201 -0.9211 -0.2216
vn -0.3201 -0.9211 -0.2216
vn -0.3201 -0.9211 -0.2216
vn -0.3701 -0.8918 -0.2603
vn -0.3701 -0.8918 -0.2603
vn -0.3701 -0.8918 -0.2603
vn 0.424 -0.9044 -0.0479
vn 0.424 -0.9044 -0.0479
vn 0.424 -0.9044 -0.0479
vn 0.3815 -0.9207 -0.082
vn 0.3815 -0.9207 -0.082
vn 0.3815 -0.9207 -0.082
vn 0.9195 -0.3713 0.1286
vn 0.9195 -0.3713 0.1286
vn 0.9195 -0.3713 0.1286
vn 0.9163 -0.3788 0.1302
vn 0.9163 -0.3788 0.1302
vn 0.9163 -0.3788 0.1302
vn -0.1029 0.3814 0.9187
vn -0.1029 0.3814 0.9187
vn -0.1029 0.3814 0.9187
vn -0.098 0.3684 0.9245
vn -0.098 0.3684 0.9245
vn -0.098 0.3684 0.9245
vn -0.2577 -0.3805 0.8882
vn -0.2577 -0.3805 0.8882
vn -0.2577 -0.3805 0.8882
vn -0.2633 -0.3696 0.8911
vn -0.2633 -0.3696 0.8911
vn -0.2633 -0.3696 0.8911
vn -0.2309 -0.8995 0.371
vn -0.2309 -0.8995 0.371
vn -0.2309 -0.8995 0.371
vn -0.2548 -0.9172 0.3062
vn -0.2548 -0.9172 0.3062
vn -0.2548 -0.9172 0.3062
vn -0.049 -0.9036 -0.4256
vn -0.049 -0.9036 -0.4256
vn -0.049 -0.9036 -0.4256
vn -0.0851 -0.9206 -0.381
vn -0.0851 -0.9206 -0.381
vn -0.0851 -0.9206 -0.381
vn 0.1292 -0.3787 -0.9165
vn 0.1292 -0.3787 -0.9165
vn 0.1292 -0.3787 -0.9165
vn 0.1277 -0.3718 -0.9195
vn 0.1277 -0.3718 -0.9195
vn 0.1277 -0.3718 -0.9195
vn 0.2334 0.3721 -0.8984
vn 0.2334 0.3721 -0.8984
vn 0.2334 0.3721 -0.8984
vn 0.231 0.3787 -0.8962
vn 0.231 0.3787 -0.8962
vn 0.231 0.3787 -0.8962
vn 0.2016 0.9227 -0.3287
vn 0.2016 0.9227 -0.3287
vn 0.2016 0.9227 -0.3287
vn 0.231 0.899 -0.372
vn 0.231 0.899 -0.372
vn 0.231 0.899 -0.372
vn 0.0846 0.9199 0.3829
vn 0.0846 0.9199 0.3829
vn 0.0846 0.9199 0.3829
vn 0.1005 0.8922 0.4402
vn 0.1005 0.8922 0.4402
vn 0.1005 0.8922 0.4402
vn -1.0 0.0 -0.0075
vn -1.0 0.0 -0.0075
vn -1.0 0.0 -0.0075
vn -1.0 0.0 -0.0047
vn -1.0 0.0 -0.0047
vn -1.0 0.0 -0.0047
vn -1.0 0.0006 -0.006
vn -1.0 0.0006 -0.006
vn -1.0 0.0006 -0.006
vn -1.0 -0.0005 -0.005
vn -1.0 -0.0005 -0.005
vn -1.0 -0.0005 -0.005
vn -1.0 0.0007 -0.0055
vn -1.0 0.0007 -0.0055
vn -1.0 0.0007 -0.0055
vn -1.0 -0.0019 -0.0055
vn -1.0 -0.0019 -0.0055
vn -1.0 -0.0019 -0.0055
vn 1.0 0.0 0.0
vn 1.0 0.0 0.0
vn 1.0 0.0 0.0
vn 1.0 0.0 0.0
vn 1.0 0.0 0.0
vn 1.0 0.0 0.0
vn 1.0 0.0 0.0
vn 1.0 0.0 0.0
vn 1.0 0.0 0.0
vn 1.0 0.0 0.0
vn 1.0 0.0 0.0
vn 1.0 0.0 0.0
vn 1.0 0.0 0.0
vn 1.0 0.0 0.0
vn 1.0 0.0 0.0
vn 1.0 0.0 0.0
vn 1.0 0.0 0.0
vn 1.0 0.0 0.0
vn 0.9163 0.3788 -0.1302
vn 0.9163 0.3788 -0.1302
vn 0.9163 0.3788 -0.1302
vn 0.9195 0.3713 -0.1286
vn 0.9195 0.3713 -0.1286
vn 0.9195 0.3713 -0.1286
vn 0.424 0.9044 0.0479
vn 0.424 0.9044 0.0479
vn 0.424 0.9044 0.0479
vn 0.3815 0.9207 0.082
vn 0.3815 0.9207 0.082
vn 0.3815 0.9207 0.082
vn -0.3732 0.8992 0.2284
vn -0.3732 0.8992 0.2284
vn -0.3732 0.8992 0.2284
vn -0.3057 0.9179 0.2529
vn -0.3057 0.9179 0.2529
vn -0.3057 0.9179 0.2529
vn -0.8887 0.3799 0.2567
vn -0.8887 0.3799 0.2567
vn -0.8887 0.3799 0.2567
vn -0.8914 0.3699 0.2618
vn -0.8914 0.3699 0.2618
vn -0.8914 0.3699 0.2618
vn -0.9186 -0.3812 0.1039
vn -0.9186 -0.3812 0.1039
vn -0.9186 -0.3812 0.1039
vn -0.9241 -0.369 0.0994
vn -0.9241 -0.369 0.0994
vn -0.9241 -0.369 0.0994
vn -0.382 -0.9205 -0.0819
vn -0.382 -0.9205 -0.0819
vn -0.382 -0.9205 -0.0819
vn -0.4407 -0.8923 -0.0979
vn -0.4407 -0.8923 -0.0979
vn -0.4407 -0.8923 -0.0979
vn 0.3746 -0.904 -0.2062
vn 0.3746 -0.904 -0.2062
vn 0.3746 -0.904 -0.2062
vn 0.321 -0.9207 -0.2217
vn 0.321 -0.9207 -0.2217
vn 0.321 -0.9207 -0.2217
vn 0.8987 -0.3716 -0.2329
vn 0.8987 -0.3716 -0.2329
vn 0.8987 -0.3716 -0.2329
vn 0.8963 -0.3792 -0.2301
vn 0.8963 -0.3792 -0.2301
vn 0.8963 -0.3792 -0.2301
vn 0.7967 0.3789 -0.4709
vn 0.7967 0.3789 -0.4709
vn 0.7967 0.3789 -0.4709
vn 0.7998 0.3726 -0.4707
vn 0.7998 0.3726 -0.4707
vn 0.7998 0.3726 -0.4707
vn 0.4111 0.9037 -0.1196
vn 0.4111 0.9037 -0.1196
vn 0.4111 0.9037 -0.1196
vn 0.3831 0.9211 -0.0687
vn 0.3831 0.9211 -0.0687
vn 0.3831 0.9211 -0.0687
vn -0.2561 0.8997 0.3534
vn -0.2561 0.8997 0.3534
vn -0.2561 0.8997 0.3534
vn -0.1872 0.9177 0.3504
vn -0.1872 0.9177 0.3504
vn -0.1872 0.9177 0.3504
vn -0.723 0.3811 0.5763
vn -0.723 0.3811 0.5763
vn -0.723 0.3811 0.5763
vn -0.7236 0.3688 0.5834
vn -0.7236 0.3688 0.5834
vn -0.7236 0.3688 0.5834
vn -0.8095 -0.3805 0.4471
vn -0.8095 -0.3805 0.4471
vn -0.8095 -0.3805 0.4471
vn -0.8158 -0.3692 0.4451
vn -0.8158 -0.3692 0.4451
vn -0.8158 -0.3692 0.4451
vn -0.3842 -0.9206 0.0696
vn -0.3842 -0.9206 0.0696
vn -0.3842 -0.9206 0.0696
vn -0.4439 -0.8927 0.0771
vn -0.4439 -0.8927 0.0771
vn -0.4439 -0.8927 0.0771
vn 0.267 -0.904 -0.3339
vn 0.267 -0.904 -0.3339
vn 0.267 -0.904 -0.3339
vn 0.2111 -0.9209 -0.3277
vn 0.2111 -0.9209 -0.3277
vn 0.2111 -0.9209 -0.3277
vn 0.7408 -0.3721 -0.5592
vn 0.7408 -0.3721 -0.5592
vn 0.7408 -0.3721 -0.5592
vn 0.7396 -0.3794 -0.5559
vn 0.7396 -0.3794 -0.5559
vn 0.7396 -0.3794 -0.5559
vn 0.5557 0.3799 -0.7395
vn 0.5557 0.3799 -0.7395
vn 0.5557 0.3799 -0.7395
vn 0.5595 0.3716 -0.7409
vn 0.5595 0.3716 -0.7409
vn 0.5595 0.3716 -0.7409
vn 0.3337 0.9044 -0.2657
vn 0.3337 0.9044 -0.2657
vn 0.3337 0.9044 -0.2657
vn 0.3279 0.9205 -0.2126
vn 0.3279 0.9205 -0.2126
vn 0.3279 0.9205 -0.2126
vn -0.1019 0.8994 0.4251
vn -0.1019 0.8994 0.4251
vn -0.1019 0.8994 0.4251
vn -0.0372 0.918 0.3949
vn -0.0372 0.918 0.3949
vn -0.0372 0.918 0.3949
vn -0.447 0.3801 0.8098
vn -0.447 0.3801 0.8098
vn -0.447 0.3801 0.8098
vn -0.4452 0.3698 0.8155
vn -0.4452 0.3698 0.8155
vn -0.4452 0.3698 0.8155
vn -0.5766 -0.3806 0.723
vn -0.5766 -0.3806 0.723
vn -0.5766 -0.3806 0.723
vn -0.5831 -0.3694 0.7236
vn -0.5831 -0.3694 0.7236
vn -0.5831 -0.3694 0.7236
vn -0.3268 -0.9212 0.2109
vn -0.3268 -0.9212 0.2109
vn -0.3268 -0.9212 0.2109
vn -0.3818 -0.8919 0.2423
vn -0.3818 -0.8919 0.2423
vn -0.3818 -0.8919 0.2423
vn 0.1184 -0.9041 -0.4105
vn 0.1184 -0.9041 -0.4105
vn 0.1184 -0.9041 -0.4105
vn 0.0701 -0.9207 -0.3839
vn 0.0701 -0.9207 -0.3839
vn 0.0701 -0.9207 -0.3839
vn 0.4707 -0.3721 -0.8
vn 0.4707 -0.3721 -0.8
vn 0.4707 -0.3721 -0.8
vn 0.4709 -0.3794 -0.7965
vn 0.4709 -0.3794 -0.7965
vn 0.4709 -0.3794 -0.7965
vn -0.1301 0.3783 -0.9165
vn -0.1301 0.3783 -0.9165
vn -0.1301 0.3783 -0.9165
vn -0.1287 0.3719 -0.9193
vn -0.1287 0.3719 -0.9193
vn -0.1287 0.3719 -0.9193
vn 0.0471 0.904 -0.425
vn 0.0471 0.904 -0.425
vn 0.0471 0.904 -0.425
vn 0.083 0.9212 -0.3802
vn 0.083 0.9212 -0.3802
vn 0.083 0.9212 -0.3802
vn 0.2289 0.8996 0.3719
vn 0.2289 0.8996 0.3719
vn 0.2289 0.8996 0.3719
vn 0.2524 0.9175 0.3073
vn 0.2524 0.9175 0.3073
vn 0.2524 0.9175 0.3073
vn 0.2565 0.3804 0.8885
vn 0.2565 0.3804 0.8885
vn 0.2565 0.3804 0.8885
vn 0.2621 0.3694 0.8915
vn 0.2621 0.3694 0.8915
vn 0.2621 0.3694 0.8915
vn 0.1039 -0.3812 0.9186
vn 0.1039 -0.3812 0.9186
vn 0.1039 -0.3812 0.9186
vn 0.0992 -0.3685 0.9243
vn 0.0992 -0.3685 0.9243
vn 0.0992 -0.3685 0.9243
vn -0.0825 -0.9205 0.382
vn -0.0825 -0.9205 0.382
vn -0.0825 -0.9205 0.382
vn -0.0982 -0.8928 0.4396
vn -0.0982 -0.8928 0.4396
vn -0.0982 -0.8928 0.4396
vn -0.2062 -0.904 -0.3746
vn -0.2062 -0.904 -0.3746
vn -0.2062 -0.904 -0.3746
vn -0.2221 -0.9212 -0.3195
vn -0.2221 -0.9212 -0.3195
vn -0.2221 -0.9212 -0.3195
vn -0.2329 -0.3715 -0.8987
vn -0.2329 -0.3715 -0.8987
vn -0.2329 -0.3715 -0.8987
vn -0.2303 -0.3787 -0.8964
vn -0.2303 -0.3787 -0.8964
vn -0.2303 -0.3787 -0.8964
vn -0.4709 0.3794 -0.7965
vn -0.4709 0.3794 -0.7965
vn -0.4709 0.3794 -0.7965
vn -0.4707 0.3726 -0.7998
vn -0.4707 0.3726 -0.7998
vn -0.4707 0.3726 -0.7998
vn -0.1196 0.9037 -0.4111
vn -0.1196 0.9037 -0.4111
vn -0.1196 0.9037 -0.4111
vn -0.0701 0.9207 -0.3839
vn -0.0701 0.9207 -0.3839
vn -0.0701 0.9207 -0.3839
vn 0.3534 0.8993 0.2574
vn 0.3534 0.8993 0.2574
vn 0.3534 0.8993 0.2574
vn 0.3504 0.9177 0.1872
vn 0.3504 0.9177 0.1872
vn 0.3504 0.9177 0.1872
vn 0.5763 0.3811 0.723
vn 0.5763 0.3811 0.723
vn 0.5763 0.3811 0.723
vn 0.5831 0.3694 0.7236
vn 0.5831 0.3694 0.7236
vn 0.5831 0.3694 0.7236
vn 0.447 -0.38 0.8098
vn 0.447 -0.38 0.8098
vn 0.447 -0.38 0.8098
vn 0.4452 -0.3698 0.8155
vn 0.4452 -0.3698 0.8155
vn 0.4452 -0.3698 0.8155
vn 0.0694 -0.9212 0.383
vn 0.0694 -0.9212 0.383
vn 0.0694 -0.9212 0.383
vn 0.0773 -0.892 0.4453
vn 0.0773 -0.892 0.4453
vn 0.0773 -0.892 0.4453
vn -0.3337 -0.9044 -0.2657
vn -0.3337 -0.9044 -0.2657
vn -0.3337 -0.9044 -0.2657
vn -0.3279 -0.9205 -0.2126
vn -0.3279 -0.9205 -0.2126
vn -0.3279 -0.9205 -0.2126
vn -0.5595 -0.3716 -0.7409
vn -0.5595 -0.3716 -0.7409
vn -0.5595 -0.3716 -0.7409
vn -0.5557 -0.3799 -0.7395
vn -0.5557 -0.3799 -0.7395
vn -0.5557 -0.3799 -0.7395
vn -0.7395 0.3799 -0.5557
vn -0.7395 0.3799 -0.5557
vn -0.7395 0.3799 -0.5557
vn -0.7409 0.3716 -0.5595
vn -0.7409 0.3716 -0.5595
vn -0.7409 0.3716 -0.5595
vn -0.2668 0.9039 -0.3343
vn -0.2668 0.9039 -0.3343
vn -0.2668 0.9039 -0.3343
vn -0.2122 0.9204 -0.3283
vn -0.2122 0.9204 -0.3283
vn -0.2122 0.9204 -0.3283
vn 0.4255 0.8993 0.1014
vn 0.4255 0.8993 0.1014
vn 0.4255 0.8993 0.1014
vn 0.3959 0.9175 0.038
vn 0.3959 0.9175 0.038
vn 0.3959 0.9175 0.038
vn 0.8098 0.38 0.447
vn 0.8098 0.38 0.447
vn 0.8098 0.38 0.447
vn 0.8155 0.3698 0.4452
vn 0.8155 0.3698 0.4452
vn 0.8155 0.3698 0.4452
vn 0.723 -0.3811 0.5763
vn 0.723 -0.3811 0.5763
vn 0.723 -0.3811 0.5763
vn 0.7236 -0.3694 0.5831
vn 0.7236 -0.3694 0.5831
vn 0.7236 -0.3694 0.5831
vn 0.212 -0.9208 0.3275
vn 0.212 -0.9208 0.3275
vn 0.212 -0.9208 0.3275
vn 0.2427 -0.8921 0.3812
vn 0.2427 -0.8921 0.3812
vn 0.2427 -0.8921 0.3812
vn -0.4111 -0.9037 -0.1196
vn -0.4111 -0.9037 -0.1196
vn -0.4111 -0.9037 -0.1196
vn -0.3839 -0.9207 -0.0701
vn -0.3839 -0.9207 -0.0701
vn -0.3839 -0.9207 -0.0701
vn -0.7998 -0.3726 -0.4707
vn -0.7998 -0.3726 -0.4707
vn -0.7998 -0.3726 -0.4707
vn -0.7965 -0.3794 -0.4709
vn -0.7965 -0.3794 -0.4709
vn -0.7965 -0.3794 -0.4709
vn -0.8964 0.3787 -0.2303
vn -0.8964 0.3787 -0.2303
vn -0.8964 0.3787 -0.2303
vn -0.8987 0.3715 -0.2329
vn -0.8987 0.3715 -0.2329
vn -0.8987 0.3715 -0.2329
vn -0.3746 0.904 -0.2062
vn -0.3746 0.904 -0.2062
vn -0.3746 0.904 -0.2062
vn -0.321 0.9207 -0.2217
vn -0.321 0.9207 -0.2217
vn -0.321 0.9207 -0.2217
vn 0.4317 0.8994 -0.0684
vn 0.4317 0.8994 -0.0684
vn 0.4317 0.8994 -0.0684
vn 0.3807 0.9175 -0.1151
vn 0.3807 0.9175 -0.1151
vn 0.3807 0.9175 -0.1151
vn 0.9186 0.3812 0.1039
vn 0.9186 0.3812 0.1039
vn 0.9186 0.3812 0.1039
vn 0.9243 0.3685 0.0992
vn 0.9243 0.3685 0.0992
vn 0.9243 0.3685 0.0992
vn 0.8884 -0.3804 0.2568
vn 0.8884 -0.3804 0.2568
vn 0.8884 -0.3804 0.2568
vn 0.8913 -0.3699 0.2622
vn 0.8913 -0.3699 0.2622
vn 0.8913 -0.3699 0.2622
vn 0.3211 -0.9206 0.2224
vn 0.3211 -0.9206 0.2224
vn 0.3211 -0.9206 0.2224
vn 0.3701 -0.8918 0.2603
vn 0.3701 -0.8918 0.2603
vn 0.3701 -0.8918 0.2603
vn -0.4252 -0.9038 0.0476
vn -0.4252 -0.9038 0.0476
vn -0.4252 -0.9038 0.0476
vn -0.3815 -0.9207 0.0827
vn -0.3815 -0.9207 0.0827
vn -0.3815 -0.9207 0.0827
vn -0.9194 -0.3718 -0.1285
vn -0.9194 -0.3718 -0.1285
vn -0.9194 -0.3718 -0.1285
vn -0.9163 -0.3788 -0.1299
vn -0.9163 -0.3788 -0.1299
vn -0.9163 -0.3788 -0.1299
vn -0.9163 0.3788 0.1302
vn -0.9163 0.3788 0.1302
vn -0.9163 0.3788 0.1302
vn -0.9195 0.3713 0.1286
vn -0.9195 0.3713 0.1286
vn -0.9195 0.3713 0.1286
vn -0.424 0.9044 -0.0479
vn -0.424 0.9044 -0.0479
vn -0.424 0.9044 -0.0479
vn -0.3815 0.9207 -0.082
vn -0.3815 0.9207 -0.082
vn -0.3815 0.9207 -0.082
vn 0.3732 0.8992 -0.2284
vn 0.3732 0.8992 -0.2284
vn 0.3732 0.8992 -0.2284
vn 0.3057 0.9179 -0.2529
vn 0.3057 0.9179 -0.2529
vn 0.3057 0.9179 -0.2529
vn 0.8887 0.3799 -0.2567
vn 0.8887 0.3799 -0.2567
vn 0.8887 0.3799 -0.2567
vn 0.8914 0.3699 -0.2618
vn 0.8914 0.3699 -0.2618
vn 0.8914 0.3699 -0.2618
vn 0.9186 -0.3812 -0.1039
vn 0.9186 -0.3812 -0.1039
vn 0.9186 -0.3812 -0.1039
vn 0.9241 -0.369 -0.0994
vn 0.9241 -0.369 -0.0994
vn 0.9241 -0.369 -0.0994
vn 0.382 -0.9205 0.0819
vn 0.382 -0.9205 0.0819
vn 0.382 -0.9205 0.0819
vn 0.4407 -0.8923 0.0979
vn 0.4407 -0.8923 0.0979
vn 0.4407 -0.8923 0.0979
vn -0.3746 -0.904 0.2062
vn -0.3746 -0.904 0.2062
vn -0.3746 -0.904 0.2062
vn -0.321 -0.9207 0.2217
vn -0.321 -0.9207 0.2217
vn -0.321 -0.9207 0.2217
vn -0.8987 -0.3715 0.2329
vn -0.8987 -0.3715 0.2329
vn -0.8987 -0.3715 0.2329
vn -0.8963 -0.3792 0.2301
vn -0.8963 -0.3792 0.2301
vn -0.8963 -0.3792 0.2301
vn -0.7967 0.3789 0.4709
vn -0.7967 0.3789 0.4709
vn -0.7967 0.3789 0.4709
vn -0.7998 0.3726 0.4707
vn -0.7998 0.3726 0.4707
vn -0.7998 0.3726 0.4707
vn -0.4111 0.9037 0.1196
vn -0.4111 0.9037 0.1196
vn -0.4111 0.9037 0.1196
vn -0.3831 0.9211 0.0687
vn -0.3831 0.9211 0.0687
vn -0.3831 0.9211 0.0687
vn 0.2561 0.8997 -0.3534
vn 0.2561 0.8997 -0.3534
vn 0.2561 0.8997 -0.3534
vn 0.1872 0.9177 -0.3504
vn 0.1872 0.9177 -0.3504
vn 0.1872 0.9177 -0.3504
vn 0.723 0.3811 -0.5763
vn 0.723 0.3811 -0.5763
vn 0.723 0.3811 -0.5763
vn 0.7236 0.3688 -0.5834
vn 0.7236 0.3688 -0.5834
vn 0.7236 0.3688 -0.5834
vn 0.8095 -0.3805 -0.447
vn 0.8095 -0.3805 -0.447
vn 0.8095 -0.3805 -0.447
vn 0.8158 -0.3692 -0.4451
vn 0.8158 -0.3692 -0.4451
vn 0.8158 -0.3692 -0.4451
vn 0.3842 -0.9206 -0.0696
vn 0.3842 -0.9206 -0.0696
vn 0.3842 -0.9206 -0.0696
vn 0.4439 -0.8927 -0.0771
vn 0.4439 -0.8927 -0.0771
vn 0.4439 -0.8927 -0.0771
vn -0.267 -0.904 0.3339
vn -0.267 -0.904 0.3339
vn -0.267 -0.904 0.3339
vn -0.2111 -0.9209 0.3277
vn -0.2111 -0.9209 0.3277
vn -0.2111 -0.9209 0.3277
vn -0.7408 -0.3721 0.5592
vn -0.7408 -0.3721 0.5592
vn -0.7408 -0.3721 0.5592
vn -0.7396 -0.3794 0.5559
vn -0.7396 -0.3794 0.5559
vn -0.7396 -0.3794 0.5559
vn -0.5557 0.3799 0.7395
vn -0.5557 0.3799 0.7395
vn -0.5557 0.3799 0.7395
vn -0.5592 0.3721 0.7408
vn -0.5592 0.3721 0.7408
vn -0.5592 0.3721 0.7408
vn -0.3339 0.904 0.267
vn -0.3339 0.904 0.267
vn -0.3339 0.904 0.267
vn -0.3279 0.9205 0.2126
vn -0.3279 0.9205 0.2126
vn -0.3279 0.9205 0.2126
vn 0.1019 0.8994 -0.4251
vn 0.1019 0.8994 -0.4251
vn 0.1019 0.8994 -0.4251
vn 0.0388 0.9176 -0.3956
vn 0.0388 0.9176 -0.3956
vn 0.0388 0.9176 -0.3956
vn 0.4471 0.3805 -0.8095
vn 0.4471 0.3805 -0.8095
vn 0.4471 0.3805 -0.8095
vn 0.4452 0.3698 -0.8155
vn 0.4452 0.3698 -0.8155
vn 0.4452 0.3698 -0.8155
vn 0.5766 -0.3806 -0.723
vn 0.5766 -0.3806 -0.723
vn 0.5766 -0.3806 -0.723
vn 0.5831 -0.3694 -0.7236
vn 0.5831 -0.3694 -0.7236
vn 0.5831 -0.3694 -0.7236
vn 0.3268 -0.9212 -0.2109
vn 0.3268 -0.9212 -0.2109
vn 0.3268 -0.9212 -0.2109
vn 0.3818 -0.8919 -0.2423
vn 0.3818 -0.8919 -0.2423
vn 0.3818 -0.8919 -0.2423
vn -0.1184 -0.9041 0.4105
vn -0.1184 -0.9041 0.4105
vn -0.1184 -0.9041 0.4105
vn -0.0701 -0.9207 0.3839
vn -0.0701 -0.9207 0.3839
vn -0.0701 -0.9207 0.3839
vn -0.4707 -0.3721 0.8
vn -0.4707 -0.3721 0.8
vn -0.4707 -0.3721 0.8
vn -0.4709 -0.3794 0.7965
vn -0.4709 -0.3794 0.7965
vn -0.4709 -0.3794 0.7965
vn -0.2301 0.3792 0.8963
vn -0.2301 0.3792 0.8963
vn -0.2301 0.3792 0.8963
vn -0.2331 0.371 0.8989
vn -0.2331 0.371 0.8989
vn -0.2331 0.371 0.8989
vn -0.2065 0.9044 0.3733
vn -0.2065 0.9044 0.3733
vn -0.2065 0.9044 0.3733
vn -0.2217 0.9207 0.321
vn -0.2217 0.9207 0.321
vn -0.2217 0.9207 0.321
vn -0.0684 0.8994 -0.4317
vn -0.0684 0.8994 -0.4317
vn -0.0684 0.8994 -0.4317
vn -0.1162 0.9179 -0.3795
vn -0.1162 0.9179 -0.3795
vn -0.1162 0.9179 -0.3795
vn 0.1037 0.3807 -0.9189
vn 0.1037 0.3807 -0.9189
vn 0.1037 0.3807 -0.9189
vn 0.0994 0.369 -0.9241
vn 0.0994 0.369 -0.9241
vn 0.0994 0.369 -0.9241
vn 0.2565 -0.3804 -0.8885
vn 0.2565 -0.3804 -0.8885
vn 0.2565 -0.3804 -0.8885
vn 0.2618 -0.3699 -0.8914
vn 0.2618 -0.3699 -0.8914
vn 0.2618 -0.3699 -0.8914
vn 0.2218 -0.9206 -0.3213
vn 0.2218 -0.9206 -0.3213
vn 0.2218 -0.9206 -0.3213
vn 0.2596 -0.892 -0.3701
vn 0.2596 -0.892 -0.3701
vn 0.2596 -0.892 -0.3701
vn 0.0471 -0.904 0.425
vn 0.0471 -0.904 0.425
vn 0.0471 -0.904 0.425
vn 0.082 -0.9207 0.3815
vn 0.082 -0.9207 0.3815
vn 0.082 -0.9207 0.3815
vn -0.1287 -0.3719 0.9193
vn -0.1287 -0.3719 0.9193
vn -0.1287 -0.3719 0.9193
vn -0.1302 -0.3788 0.9163
vn -0.1302 -0.3788 0.9163
vn -0.1302 -0.3788 0.9163
vn 0.1301 0.3783 0.9165
vn 0.1301 0.3783 0.9165
vn 0.1301 0.3783 0.9165
vn 0.1287 0.3719 0.9193
vn 0.1287 0.3719 0.9193
vn 0.1287 0.3719 0.9193
vn -0.0471 0.904 0.425
vn -0.0471 0.904 0.425
vn -0.0471 0.904 0.425
vn -0.083 0.9212 0.3802
vn -0.083 0.9212 0.3802
vn -0.083 0.9212 0.3802
vn -0.2289 0.8996 -0.3719
vn -0.2289 0.8996 -0.3719
vn -0.2289 0.8996 -0.3719
vn -0.2524 0.9175 -0.3073
vn -0.2524 0.9175 -0.3073
vn -0.2524 0.9175 -0.3073
vn -0.2565 0.3804 -0.8885
vn -0.2565 0.3804 -0.8885
vn -0.2565 0.3804 -0.8885
vn -0.2621 0.3694 -0.8915
vn -0.2621 0.3694 -0.8915
vn -0.2621 0.3694 -0.8915
vn -0.1039 -0.3812 -0.9186
vn -0.1039 -0.3812 -0.9186
vn -0.1039 -0.3812 -0.9186
vn -0.0992 -0.3685 -0.9243
vn -0.0992 -0.3685 -0.9243
vn -0.0992 -0.3685 -0.9243
vn 0.0825 -0.9205 -0.382
vn 0.0825 -0.9205 -0.382
vn 0.0825 -0.9205 -0.382
vn 0.0982 -0.8928 -0.4396
vn 0.0982 -0.8928 -0.4396
vn 0.0982 -0.8928 -0.4396
vn 0.2062 -0.904 0.3746
vn 0.2062 -0.904 0.3746
vn 0.2062 -0.904 0.3746
vn 0.2221 -0.9212 0.3195
vn 0.2221 -0.9212 0.3195
vn 0.2221 -0.9212 0.3195
vn 0.2329 -0.3716 0.8987
vn 0.2329 -0.3716 0.8987
vn 0.2329 -0.3716 0.8987
vn 0.2303 -0.3787 0.8964
vn 0.2303 -0.3787 0.8964
vn 0.2303 -0.3787 0.8964
vn 0.4522 0.3803 0.8067
vn 0.4522 0.3803 0.8067
vn 0.4522 0.3803 0.8067
vn 0.4524 0.3706 0.8112
vn 0.4524 0.3706 0.8112
vn 0.4524 0.3706 0.8112
vn 0.0802 0.8925 0.4438
vn 0.0802 0.8925 0.4438
vn 0.0802 0.8925 0.4438
vn 0.0101 0.9139 0.4058
vn 0.0101 0.9139 0.4058
vn 0.0101 0.9139 0.4058
vn -0.4055 0.8849 -0.2294
vn -0.4055 0.8849 -0.2294
vn -0.4055 0.8849 -0.2294
vn -0.4012 0.9067 -0.13
vn -0.4012 0.9067 -0.13
vn -0.4012 0.9067 -0.13
vn -0.6011 0.3822 -0.7019
vn -0.6011 0.3822 -0.7019
vn -0.6011 0.3822 -0.7019
vn -0.6093 0.3658 -0.7035
vn -0.6093 0.3658 -0.7035
vn -0.6093 0.3658 -0.7035
vn -0.4181 -0.3811 -0.8246
vn -0.4181 -0.3811 -0.8246
vn -0.4181 -0.3811 -0.8246
vn -0.4166 -0.3662 -0.8321
vn -0.4166 -0.3662 -0.8321
vn -0.4166 -0.3662 -0.8321
vn -0.0093 -0.9144 -0.4048
vn -0.0093 -0.9144 -0.4048
vn -0.0093 -0.9144 -0.4048
vn -0.0227 -0.8723 -0.4884
vn -0.0227 -0.8723 -0.4884
vn -0.0227 -0.8723 -0.4884
vn 0.3791 -0.8932 0.2419
vn 0.3791 -0.8932 0.2419
vn 0.3791 -0.8932 0.2419
vn 0.3711 -0.9137 0.1655
vn 0.3711 -0.9137 0.1655
vn 0.3711 -0.9137 0.1655
vn 0.5769 -0.3696 0.7284
vn 0.5769 -0.3696 0.7284
vn 0.5769 -0.3696 0.7284
vn 0.5723 -0.3809 0.7262
vn 0.5723 -0.3809 0.7262
vn 0.5723 -0.3809 0.7262
vn 0.7523 0.3787 0.539
vn 0.7523 0.3787 0.539
vn 0.7523 0.3787 0.539
vn 0.753 0.374 0.5415
vn 0.753 0.374 0.5415
vn 0.753 0.374 0.5415
vn 0.2904 0.9128 0.2871
vn 0.2904 0.9128 0.2871
vn 0.2904 0.9128 0.2871
vn 0.2589 0.9234 0.2833
vn 0.2589 0.9234 0.2833
vn 0.2589 0.9234 0.2833
vn -0.3854 0.9108 -0.1482
vn -0.3854 0.9108 -0.1482
vn -0.3854 0.9108 -0.1482
vn -0.368 0.9231 -0.1114
vn -0.368 0.9231 -0.1114
vn -0.368 0.9231 -0.1114
vn -0.7941 0.3791 -0.4751
vn -0.7941 0.3791 -0.4751
vn -0.7941 0.3791 -0.4751
vn -0.7979 0.3729 -0.4736
vn -0.7979 0.3729 -0.4736
vn -0.7979 0.3729 -0.4736
vn -0.7432 -0.3796 -0.551
vn -0.7432 -0.3796 -0.551
vn -0.7432 -0.3796 -0.551
vn -0.7433 -0.372 -0.556
vn -0.7433 -0.372 -0.556
vn -0.7433 -0.372 -0.556
vn -0.2583 -0.9237 -0.2829
vn -0.2583 -0.9237 -0.2829
vn -0.2583 -0.9237 -0.2829
vn -0.2756 -0.9081 -0.3152
vn -0.2756 -0.9081 -0.3152
vn -0.2756 -0.9081 -0.3152
vn 0.3764 -0.9126 0.1594
vn 0.3764 -0.9126 0.1594
vn 0.3764 -0.9126 0.1594
vn 0.3594 -0.9242 0.1292
vn 0.3594 -0.9242 0.1292
vn 0.3594 -0.9242 0.1292
vn 0.7879 -0.3745 0.4889
vn 0.7879 -0.3745 0.4889
vn 0.7879 -0.3745 0.4889
vn 0.7862 -0.3777 0.4891
vn 0.7862 -0.3777 0.4891
vn 0.7862 -0.3777 0.4891
vn 0.8963 0.3792 0.2301
vn 0.8963 0.3792 0.2301
vn 0.8963 0.3792 0.2301
vn 0.8987 0.3715 0.2329
vn 0.8987 0.3715 0.2329
vn 0.8987 0.3715 0.2329
vn 0.3746 0.904 0.2062
vn 0.3746 0.904 0.2062
vn 0.3746 0.904 0.2062
vn 0.321 0.9207 0.2217
vn 0.321 0.9207 0.2217
vn 0.321 0.9207 0.2217
vn -0.4317 0.8994 0.0684
vn -0.4317 0.8994 0.0684
vn -0.4317 0.8994 0.0684
vn -0.3807 0.9175 0.1151
vn -0.3807 0.9175 0.1151
vn -0.3807 0.9175 0.1151
vn -0.9186 0.3812 -0.1039
vn -0.9186 0.3812 -0.1039
vn -0.9186 0.3812 -0.1039
vn -0.9241 0.369 -0.0994
vn -0.9241 0.369 -0.0994
vn -0.9241 0.369 -0.0994
vn -0.8887 -0.3799 -0.2567
vn -0.8887 -0.3799 -0.2567
vn -0.8887 -0.3799 -0.2567
vn -0.8914 -0.3699 -0.2618
vn -0.8914 -0.3699 -0.2618
vn -0.8914 -0.3699 -0.2618
vn -0.3201 -0.9211 -0.2216
vn -0.3201 -0.9211 -0.2216
vn -0.3201 -0.9211 -0.2216
vn -0.3701 -0.8918 -0.2603
vn -0.3701 -0.8918 -0.2603
vn -0.3701 -0.8918 -0.2603
vn 0.424 -0.9044 -0.0479
vn 0.424 -0.9044 -0.0479
vn 0.424 -0.9044 -0.0479
vn 0.3815 -0.9207 -0.082
vn 0.3815 -0.9207 -0.082
vn 0.3815 -0.9207 -0.082
vn 0.9195 -0.3713 0.1286
vn 0.9195 -0.3713 0.1286
vn 0.9195 -0.3713 0.1286
vn 0.9163 -0.3788 0.1302
vn 0.9163 -0.3788 0.1302
vn 0.9163 -0.3788 0.1302
vn -0.1029 0.3814 0.9187
vn -0.1029 0.3814 0.9187
vn -0.1029 0.3814 0.9187
vn -0.098 0.3684 0.9245
vn -0.098 0.3684 0.9245
vn -0.098 0.3684 0.9245
vn -0.2577 -0.3805 0.8882
vn -0.2577 -0.3805 0.8882
vn -0.2577 -0.3805 0.8882
vn -0.2633 -0.3696 0.8911
vn -0.2633 -0.3696 0.8911
vn -0.2633 -0.3696 0.8911
vn -0.2309 -0.8995 0.371
vn -0.2309 -0.8995 0.371
vn -0.2309 -0.8995 0.371
vn -0.2548 -0.9172 0.3062
vn -0.2548 -0.9172 0.3062
vn -0.2548 -0.9172 0.3062
vn -0.0489 -0.9036 -0.4256
vn -0.0489 -0.9036 -0.4256
vn -0.0489 -0.9036 -0.4256
vn -0.0851 -0.9206 -0.381
vn -0.0851 -0.9206 -0.381
vn -0.0851 -0.9206 -0.381
vn 0.1292 -0.3787 -0.9165
vn 0.1292 -0.3787 -0.9165
vn 0.1292 -0.3787 -0.9165
vn 0.1277 -0.3718 -0.9195
vn 0.1277 -0.3718 -0.9195
vn 0.1277 -0.3718 -0.9195
vn 0.2334 0.3721 -0.8984
vn 0.2334 0.3721 -0.8984
vn 0.2334 0.3721 -0.8984
vn 0.231 0.3787 -0.8962
vn 0.231 0.3787 -0.8962
vn 0.231 0.3787 -0.8962
vn 0.2016 0.9227 -0.3287
vn 0.2016 0.9227 -0.3287
vn 0.2016 0.9227 -0.3287
vn 0.231 0.899 -0.372
vn 0.231 0.899 -0.372
vn 0.231 0.899 -0.372
vn 0.0846 0.9199 0.3829
vn 0.0846 0.9199 0.3829
vn 0.0846 0.9199 0.3829
vn 0.1005 0.8922 0.4402
vn 0.1005 0.8922 0.4402
vn 0.1005 0.8922 0.4402
vn -1.0 0.0 -0.0075
vn -1.0 0.0 -0.0075
vn -1.0 0.0 -0.0075
vn -1.0 0.0 -0.0047
vn -1.0 0.0 -0.0047
vn -1.0 0.0 -0.0047
vn -1.0 0.0006 -0.006
vn -1.0 0.0006 -0.006
vn -1.0 0.0006 -0.006
vn -1.0 -0.0005 -0.005
vn -1.0 -0.0005 -0.005
vn -1.0 -0.0005 -0.005
vn -1.0 0.0007 -0.0055
vn -1.0 0.0007 -0.0055
vn -1.0 0.0007 -0.0055
vn -1.0 -0.0019 -0.0055
vn -1.0 -0.0019 -0.0055
vn -1.0 -0.0019 -0.0055
vn 1.0 0.0 0.0
vn 1.0 0.0 0.0
vn 1.0 0.0 0.0
vn 1.0 0.0 0.0
vn 1.0 0.0 0.0
vn 1.0 0.0 0.0
vn 1.0 0.0 0.0
vn 1.0 0.0 0.0
vn 1.0 0.0 0.0
vn 1.0 0.0 0.0
vn 1.0 0.0 0.0
vn 1.0 0.0 0.0
vn 1.0 0.0 0.0
vn 1.0 0.0 0.0
vn 1.0 0.0 0.0
vn 1.0 0.0 0.0
vn 1.0 0.0 0.0
vn 1.0 0.0 0.0
vn 0.9163 0.3788 -0.1302
vn 0.9163 0.3788 -0.1302
vn 0.9163 0.3788 -0.1302
vn 0.9195 0.3713 -0.1286
vn 0.9195 0.3713 -0.1286
vn 0.9195 0.3713 -0.1286
vn 0.424 0.9044 0.0479
vn 0.424 0.9044 0.0479
vn 0.424 0.9044 0.0479
vn 0.3815 0.9207 0.082
vn 0.3815 0.9207 0.082
vn 0.3815 0.9207 0.082
vn -0.3732 0.8992 0.2284
vn -0.3732 0.8992 0.2284
vn -0.3732 0.8992 0.2284
vn -0.3057 0.9179 0.2529
vn -0.3057 0.9179 0.2529
vn -0.3057 0.9179 0.2529
vn -0.8887 0.3799 0.2567
vn -0.8887 0.3799 0.2567
vn -0.8887 0.3799 0.2567
vn -0.8914 0.3699 0.2618
vn -0.8914 0.3699 0.2618
vn -0.8914 0.3699 0.2618
vn -0.9189 -0.3807 0.1037
vn -0.9189 -0.3807 0.1037
vn -0.9189 -0.3807 0.1037
vn -0.9241 -0.369 0.0994
vn -0.9241 -0.369 0.0994
vn -0.9241 -0.369 0.0994
vn -0.3808 -0.921 -0.0822
vn -0.3808 -0.921 -0.0822
vn -0.3808 -0.921 -0.0822
vn -0.4409 -0.8921 -0.0986
vn -0.4409 -0.8921 -0.0986
vn -0.4409 -0.8921 -0.0986
vn 0.3733 -0.9044 -0.2065
vn 0.3733 -0.9044 -0.2065
vn 0.3733 -0.9044 -0.2065
vn 0.321 -0.9207 -0.2217
vn 0.321 -0.9207 -0.2217
vn 0.321 -0.9207 -0.2217
vn 0.8989 -0.371 -0.2331
vn 0.8989 -0.371 -0.2331
vn 0.8989 -0.371 -0.2331
vn 0.8963 -0.3792 -0.2301
vn 0.8963 -0.3792 -0.2301
vn 0.8963 -0.3792 -0.2301
vn 0.7967 0.3789 -0.4709
vn 0.7967 0.3789 -0.4709
vn 0.7967 0.3789 -0.4709
vn 0.7998 0.3726 -0.4707
vn 0.7998 0.3726 -0.4707
vn 0.7998 0.3726 -0.4707
vn 0.4111 0.9037 -0.1196
vn 0.4111 0.9037 -0.1196
vn 0.4111 0.9037 -0.1196
vn 0.3831 0.9211 -0.0687
vn 0.3831 0.9211 -0.0687
vn 0.3831 0.9211 -0.0687
vn -0.2561 0.8997 0.3534
vn -0.2561 0.8997 0.3534
vn -0.2561 0.8997 0.3534
vn -0.1873 0.9177 0.3504
vn -0.1873 0.9177 0.3504
vn -0.1873 0.9177 0.3504
vn -0.723 0.3811 0.5763
vn -0.723 0.3811 0.5763
vn -0.723 0.3811 0.5763
vn -0.7236 0.3688 0.5834
vn -0.7236 0.3688 0.5834
vn -0.7236 0.3688 0.5834
vn -0.8095 -0.3805 0.4471
vn -0.8095 -0.3805 0.4471
vn -0.8095 -0.3805 0.4471
vn -0.8158 -0.3692 0.4451
vn -0.8158 -0.3692 0.4451
vn -0.8158 -0.3692 0.4451
vn -0.384 -0.9207 0.0702
vn -0.384 -0.9207 0.0702
vn -0.384 -0.9207 0.0702
vn -0.4449 -0.8922 0.0779
vn -0.4449 -0.8922 0.0779
vn -0.4449 -0.8922 0.0779
vn 0.267 -0.904 -0.3339
vn 0.267 -0.904 -0.3339
vn 0.267 -0.904 -0.3339
vn 0.2126 -0.9205 -0.3279
vn 0.2126 -0.9205 -0.3279
vn 0.2126 -0.9205 -0.3279
vn 0.7408 -0.3721 -0.5592
vn 0.7408 -0.3721 -0.5592
vn 0.7408 -0.3721 -0.5592
vn 0.7396 -0.3794 -0.5559
vn 0.7396 -0.3794 -0.5559
vn 0.7396 -0.3794 -0.5559
vn 0.5557 0.3799 -0.7395
vn 0.5557 0.3799 -0.7395
vn 0.5557 0.3799 -0.7395
vn 0.5592 0.3721 -0.7408
vn 0.5592 0.3721 -0.7408
vn 0.5592 0.3721 -0.7408
vn 0.3339 0.904 -0.267
vn 0.3339 0.904 -0.267
vn 0.3339 0.904 -0.267
vn 0.3279 0.9205 -0.2127
vn 0.3279 0.9205 -0.2127
vn 0.3279 0.9205 -0.2127
vn -0.1019 0.8994 0.4251
vn -0.1019 0.8994 0.4251
vn -0.1019 0.8994 0.4251
vn -0.0388 0.9176 0.3956
vn -0.0388 0.9176 0.3956
vn -0.0388 0.9176 0.3956
vn -0.447 0.3806 0.8095
vn -0.447 0.3806 0.8095
vn -0.447 0.3806 0.8095
vn -0.4452 0.3698 0.8155
vn -0.4452 0.3698 0.8155
vn -0.4452 0.3698 0.8155
vn -0.5766 -0.3806 0.723
vn -0.5766 -0.3806 0.723
vn -0.5766 -0.3806 0.723
vn -0.5831 -0.3694 0.7236
vn -0.5831 -0.3694 0.7236
vn -0.5831 -0.3694 0.7236
vn -0.3279 -0.9207 0.2115
vn -0.3279 -0.9207 0.2115
vn -0.3279 -0.9207 0.2115
vn -0.3818 -0.8919 0.2423
vn -0.3818 -0.8919 0.2423
vn -0.3818 -0.8919 0.2423
vn 0.1192 -0.9036 -0.4114
vn 0.1192 -0.9036 -0.4114
vn 0.1192 -0.9036 -0.4114
vn 0.0695 -0.9207 -0.3841
vn 0.0695 -0.9207 -0.3841
vn 0.0695 -0.9207 -0.3841
vn 0.4707 -0.3721 -0.8
vn 0.4707 -0.3721 -0.8
vn 0.4707 -0.3721 -0.8
vn 0.4709 -0.3794 -0.7965
vn 0.4709 -0.3794 -0.7965
vn 0.4709 -0.3794 -0.7965
vn -0.1302 0.3788 -0.9163
vn -0.1302 0.3788 -0.9163
vn -0.1302 0.3788 -0.9163
vn -0.1286 0.3713 -0.9195
vn -0.1286 0.3713 -0.9195
vn -0.1286 0.3713 -0.9195
vn 0.0479 0.9044 -0.424
vn 0.0479 0.9044 -0.424
vn 0.0479 0.9044 -0.424
vn 0.082 0.9207 -0.3815
vn 0.082 0.9207 -0.3815
vn 0.082 0.9207 -0.3815
vn 0.2284 0.8992 0.3732
vn 0.2284 0.8992 0.3732
vn 0.2284 0.8992 0.3732
vn 0.2529 0.9179 0.3057
vn 0.2529 0.9179 0.3057
vn 0.2529 0.9179 0.3057
vn 0.2567 0.3799 0.8887
vn 0.2567 0.3799 0.8887
vn 0.2567 0.3799 0.8887
vn 0.2618 0.3699 0.8914
vn 0.2618 0.3699 0.8914
vn 0.2618 0.3699 0.8914
vn 0.1039 -0.3812 0.9186
vn 0.1039 -0.3812 0.9186
vn 0.1039 -0.3812 0.9186
vn 0.0994 -0.369 0.9241
vn 0.0994 -0.369 0.9241
vn 0.0994 -0.369 0.9241
vn -0.0819 -0.9205 0.382
vn -0.0819 -0.9205 0.382
vn -0.0819 -0.9205 0.382
vn -0.0979 -0.8923 0.4407
vn -0.0979 -0.8923 0.4407
vn -0.0979 -0.8923 0.4407
vn -0.2062 -0.904 -0.3746
vn -0.2062 -0.904 -0.3746
vn -0.2062 -0.904 -0.3746
vn -0.2217 -0.9207 -0.321
vn -0.2217 -0.9207 -0.321
vn -0.2217 -0.9207 -0.321
vn -0.2329 -0.3715 -0.8987
vn -0.2329 -0.3715 -0.8987
vn -0.2329 -0.3715 -0.8987
vn -0.2301 -0.3792 -0.8963
vn -0.2301 -0.3792 -0.8963
vn -0.2301 -0.3792 -0.8963
vn -0.4709 0.3789 -0.7967
vn -0.4709 0.3789 -0.7967
vn -0.4709 0.3789 -0.7967
vn -0.4707 0.3726 -0.7998
vn -0.4707 0.3726 -0.7998
vn -0.4707 0.3726 -0.7998
vn -0.1196 0.9037 -0.4111
vn -0.1196 0.9037 -0.4111
vn -0.1196 0.9037 -0.4111
vn -0.0687 0.9211 -0.3831
vn -0.0687 0.9211 -0.3831
vn -0.0687 0.9211 -0.3831
vn 0.3534 0.8997 0.2561
vn 0.3534 0.8997 0.2561
vn 0.3534 0.8997 0.2561
vn 0.3504 0.9177 0.1872
vn 0.3504 0.9177 0.1872
vn 0.3504 0.9177 0.1872
vn 0.5763 0.3811 0.723
vn 0.5763 0.3811 0.723
vn 0.5763 0.3811 0.723
vn 0.5834 0.3688 0.7236
vn 0.5834 0.3688 0.7236
vn 0.5834 0.3688 0.7236
vn 0.447 -0.3805 0.8095
vn 0.447 -0.3805 0.8095
vn 0.447 -0.3805 0.8095
vn 0.4451 -0.3692 0.8158
vn 0.4451 -0.3692 0.8158
vn 0.4451 -0.3692 0.8158
vn 0.0696 -0.9206 0.3842
vn 0.0696 -0.9206 0.3842
vn 0.0696 -0.9206 0.3842
vn 0.0771 -0.8927 0.4439
vn 0.0771 -0.8927 0.4439
vn 0.0771 -0.8927 0.4439
vn -0.3339 -0.904 -0.267
vn -0.3339 -0.904 -0.267
vn -0.3339 -0.904 -0.267
vn -0.3277 -0.9209 -0.2111
vn -0.3277 -0.9209 -0.2111
vn -0.3277 -0.9209 -0.2111
vn -0.5592 -0.3721 -0.7408
vn -0.5592 -0.3721 -0.7408
vn -0.5592 -0.3721 -0.7408
vn -0.5559 -0.3794 -0.7396
vn -0.5559 -0.3794 -0.7396
vn -0.5559 -0.3794 -0.7396
vn -0.7395 0.3799 -0.5557
vn -0.7395 0.3799 -0.5557
vn -0.7395 0.3799 -0.5557
vn -0.7409 0.3716 -0.5595
vn -0.7409 0.3716 -0.5595
vn -0.7409 0.3716 -0.5595
vn -0.2657 0.9044 -0.3337
vn -0.2657 0.9044 -0.3337
vn -0.2657 0.9044 -0.3337
vn -0.2126 0.9205 -0.3279
vn -0.2126 0.9205 -0.3279
vn -0.2126 0.9205 -0.3279
vn 0.4251 0.8994 0.1019
vn 0.4251 0.8994 0.1019
vn 0.4251 0.8994 0.1019
vn 0.3949 0.918 0.0372
vn 0.3949 0.918 0.0372
vn 0.3949 0.918 0.0372
vn 0.8098 0.38 0.447
vn 0.8098 0.38 0.447
vn 0.8098 0.38 0.447
vn 0.8155 0.3698 0.4452
vn 0.8155 0.3698 0.4452
vn 0.8155 0.3698 0.4452
vn 0.723 -0.3806 0.5766
vn 0.723 -0.3806 0.5766
vn 0.723 -0.3806 0.5766
vn 0.7236 -0.3694 0.5831
vn 0.7236 -0.3694 0.5831
vn 0.7236 -0.3694 0.5831
vn 0.2109 -0.9212 0.3268
vn 0.2109 -0.9212 0.3268
vn 0.2109 -0.9212 0.3268
vn 0.2423 -0.8919 0.3818
vn 0.2423 -0.8919 0.3818
vn 0.2423 -0.8919 0.3818
vn -0.4105 -0.9041 -0.1184
vn -0.4105 -0.9041 -0.1184
vn -0.4105 -0.9041 -0.1184
vn -0.3839 -0.9207 -0.0701
vn -0.3839 -0.9207 -0.0701
vn -0.3839 -0.9207 -0.0701
vn -0.8 -0.3721 -0.4707
vn -0.8 -0.3721 -0.4707
vn -0.8 -0.3721 -0.4707
vn -0.7965 -0.3793 -0.4709
vn -0.7965 -0.3793 -0.4709
vn -0.7965 -0.3793 -0.4709
vn -0.8964 0.3787 -0.2303
vn -0.8964 0.3787 -0.2303
vn -0.8964 0.3787 -0.2303
vn -0.8987 0.3715 -0.2329
vn -0.8987 0.3715 -0.2329
vn -0.8987 0.3715 -0.2329
vn -0.3746 0.904 -0.2062
vn -0.3746 0.904 -0.2062
vn -0.3746 0.904 -0.2062
vn -0.3195 0.9212 -0.2221
vn -0.3195 0.9212 -0.2221
vn -0.3195 0.9212 -0.2221
vn 0.4307 0.8998 -0.0693
vn 0.4307 0.8998 -0.0693
vn 0.4307 0.8998 -0.0693
vn 0.3807 0.9175 -0.1151
vn 0.3807 0.9175 -0.1151
vn 0.3807 0.9175 -0.1151
vn 0.9186 0.3812 0.1039
vn 0.9186 0.3812 0.1039
vn 0.9186 0.3812 0.1039
vn 0.9243 0.3685 0.0992
vn 0.9243 0.3685 0.0992
vn 0.9243 0.3685 0.0992
vn 0.8885 -0.3804 0.2565
vn 0.8885 -0.3804 0.2565
vn 0.8885 -0.3804 0.2565
vn 0.8915 -0.3694 0.2621
vn 0.8915 -0.3694 0.2621
vn 0.8915 -0.3694 0.2621
vn 0.3211 -0.9206 0.2224
vn 0.3211 -0.9206 0.2224
vn 0.3211 -0.9206 0.2224
vn 0.369 -0.8925 0.2594
vn 0.369 -0.8925 0.2594
vn 0.369 -0.8925 0.2594
vn -0.425 -0.904 0.0471
vn -0.425 -0.904 0.0471
vn -0.425 -0.904 0.0471
vn -0.3802 -0.9212 0.083
vn -0.3802 -0.9212 0.083
vn -0.3802 -0.9212 0.083
vn -0.9193 -0.3719 -0.1287
vn -0.9193 -0.3719 -0.1287
vn -0.9193 -0.3719 -0.1287
vn -0.9165 -0.3783 -0.1301
vn -0.9165 -0.3783 -0.1301
vn -0.9165 -0.3783 -0.1301
vn -0.9163 0.3788 0.1302
vn -0.9163 0.3788 0.1302
vn -0.9163 0.3788 0.1302
vn -0.9193 0.3719 0.1287
vn -0.9193 0.3719 0.1287
vn -0.9193 0.3719 0.1287
vn -0.425 0.904 -0.0471
vn -0.425 0.904 -0.0471
vn -0.425 0.904 -0.0471
vn -0.3815 0.9207 -0.082
vn -0.3815 0.9207 -0.082
vn -0.3815 0.9207 -0.082
vn 0.3732 0.8992 -0.2284
vn 0.3732 0.8992 -0.2284
vn 0.3732 0.8992 -0.2284
vn 0.3073 0.9175 -0.2524
vn 0.3073 0.9175 -0.2524
vn 0.3073 0.9175 -0.2524
vn 0.8885 0.3804 -0.2565
vn 0.8885 0.3804 -0.2565
vn 0.8885 0.3804 -0.2565
vn 0.8914 0.3699 -0.2618
vn 0.8914 0.3699 -0.2618
vn 0.8914 0.3699 -0.2618
vn 0.9189 -0.3807 -0.1037
vn 0.9189 -0.3807 -0.1037
vn 0.9189 -0.3807 -0.1037
vn 0.9241 -0.369 -0.0994
vn 0.9241 -0.369 -0.0994
vn 0.9241 -0.369 -0.0994
vn 0.3808 -0.921 0.0822
vn 0.3808 -0.921 0.0822
vn 0.3808 -0.921 0.0822
vn 0.4409 -0.8921 0.0986
vn 0.4409 -0.8921 0.0986
vn 0.4409 -0.8921 0.0986
vn -0.3733 -0.9044 0.2065
vn -0.3733 -0.9044 0.2065
vn -0.3733 -0.9044 0.2065
vn -0.321 -0.9207 0.2217
vn -0.321 -0.9207 0.2217
vn -0.321 -0.9207 0.2217
vn -0.8989 -0.371 0.2331
vn -0.8989 -0.371 0.2331
vn -0.8989 -0.371 0.2331
vn -0.8963 -0.3792 0.2301
vn -0.8963 -0.3792 0.2301
vn -0.8963 -0.3792 0.2301
vn -0.7965 0.3794 0.4709
vn -0.7965 0.3794 0.4709
vn -0.7965 0.3794 0.4709
vn -0.8 0.3721 0.4707
vn -0.8 0.3721 0.4707
vn -0.8 0.3721 0.4707
vn -0.4105 0.9041 0.1184
vn -0.4105 0.9041 0.1184
vn -0.4105 0.9041 0.1184
vn -0.3839 0.9207 0.0701
vn -0.3839 0.9207 0.0701
vn -0.3839 0.9207 0.0701
vn 0.2574 0.8993 -0.3534
vn 0.2574 0.8993 -0.3534
vn 0.2574 0.8993 -0.3534
vn 0.1855 0.9181 -0.3503
vn 0.1855 0.9181 -0.3503
vn 0.1855 0.9181 -0.3503
vn 0.723 0.3806 -0.5766
vn 0.723 0.3806 -0.5766
vn 0.723 0.3806 -0.5766
vn 0.7236 0.3694 -0.5831
vn 0.7236 0.3694 -0.5831
vn 0.7236 0.3694 -0.5831
vn 0.8095 -0.3805 -0.447
vn 0.8095 -0.3805 -0.447
vn 0.8095 -0.3805 -0.447
vn 0.8155 -0.3698 -0.4452
vn 0.8155 -0.3698 -0.4452
vn 0.8155 -0.3698 -0.4452
vn 0.384 -0.9207 -0.0702
vn 0.384 -0.9207 -0.0702
vn 0.384 -0.9207 -0.0702
vn 0.4449 -0.8922 -0.0779
vn 0.4449 -0.8922 -0.0779
vn 0.4449 -0.8922 -0.0779
vn -0.267 -0.904 0.3339
vn -0.267 -0.904 0.3339
vn -0.267 -0.904 0.3339
vn -0.2127 -0.9205 0.3279
vn -0.2127 -0.9205 0.3279
vn -0.2127 -0.9205 0.3279
vn -0.7408 -0.3721 0.5592
vn -0.7408 -0.3721 0.5592
vn -0.7408 -0.3721 0.5592
vn -0.7395 -0.3799 0.5557
vn -0.7395 -0.3799 0.5557
vn -0.7395 -0.3799 0.5557
vn -0.5559 0.3794 0.7396
vn -0.5559 0.3794 0.7396
vn -0.5559 0.3794 0.7396
vn -0.5592 0.3721 0.7408
vn -0.5592 0.3721 0.7408
vn -0.5592 0.3721 0.7408
vn -0.3339 0.904 0.267
vn -0.3339 0.904 0.267
vn -0.3339 0.904 0.267
vn -0.3277 0.9209 0.2111
vn -0.3277 0.9209 0.2111
vn -0.3277 0.9209 0.2111
vn 0.1007 0.8998 -0.4245
vn 0.1007 0.8998 -0.4245
vn 0.1007 0.8998 -0.4245
vn 0.0388 0.9176 -0.3956
vn 0.0388 0.9176 -0.3956
vn 0.0388 0.9176 -0.3956
vn 0.447 0.3806 -0.8095
vn 0.447 0.3806 -0.8095
vn 0.447 0.3806 -0.8095
vn 0.4451 0.3692 -0.8158
vn 0.4451 0.3692 -0.8158
vn 0.4451 0.3692 -0.8158
vn 0.5763 -0.3811 -0.723
vn 0.5763 -0.3811 -0.723
vn 0.5763 -0.3811 -0.723
vn 0.5834 -0.3688 -0.7236
vn 0.5834 -0.3688 -0.7236
vn 0.5834 -0.3688 -0.7236
vn 0.3279 -0.9207 -0.2115
vn 0.3279 -0.9207 -0.2115
vn 0.3279 -0.9207 -0.2115
vn 0.3806 -0.8926 -0.2417
vn 0.3806 -0.8926 -0.2417
vn 0.3806 -0.8926 -0.2417
vn -0.1196 -0.9037 0.4111
vn -0.1196 -0.9037 0.4111
vn -0.1196 -0.9037 0.4111
vn -0.0687 -0.9211 0.3831
vn -0.0687 -0.9211 0.3831
vn -0.0687 -0.9211 0.3831
vn -0.4707 -0.3726 0.7998
vn -0.4707 -0.3726 0.7998
vn -0.4707 -0.3726 0.7998
vn -0.4709 -0.3789 0.7967
vn -0.4709 -0.3789 0.7967
vn -0.4709 -0.3789 0.7967
vn -0.2301 0.3792 0.8963
vn -0.2301 0.3792 0.8963
vn -0.2301 0.3792 0.8963
vn -0.2331 0.371 0.8989
vn -0.2331 0.371 0.8989
vn -0.2331 0.371 0.8989
vn -0.2065 0.9044 0.3733
vn -0.2065 0.9044 0.3733
vn -0.2065 0.9044 0.3733
vn -0.2217 0.9207 0.321
vn -0.2217 0.9207 0.321
vn -0.2217 0.9207 0.321
vn -0.0684 0.8994 -0.4317
vn -0.0684 0.8994 -0.4317
vn -0.0684 0.8994 -0.4317
vn -0.1162 0.9179 -0.3795
vn -0.1162 0.9179 -0.3795
vn -0.1162 0.9179 -0.3795
vn 0.1037 0.3807 -0.9189
vn 0.1037 0.3807 -0.9189
vn 0.1037 0.3807 -0.9189
vn 0.0994 0.369 -0.9241
vn 0.0994 0.369 -0.9241
vn 0.0994 0.369 -0.9241
vn 0.2567 -0.3799 -0.8887
vn 0.2567 -0.3799 -0.8887
vn 0.2567 -0.3799 -0.8887
vn 0.2618 -0.3699 -0.8914
vn 0.2618 -0.3699 -0.8914
vn 0.2618 -0.3699 -0.8914
vn 0.2216 -0.9211 -0.3201
vn 0.2216 -0.9211 -0.3201
vn 0.2216 -0.9211 -0.3201
vn 0.2603 -0.8918 -0.3701
vn 0.2603 -0.8918 -0.3701
vn 0.2603 -0.8918 -0.3701
vn 0.0479 -0.9044 0.424
vn 0.0479 -0.9044 0.424
vn 0.0479 -0.9044 0.424
vn 0.082 -0.9207 0.3815
vn 0.082 -0.9207 0.3815
vn 0.082 -0.9207 0.3815
vn -0.1286 -0.3713 0.9195
vn -0.1286 -0.3713 0.9195
vn -0.1286 -0.3713 0.9195
vn -0.1302 -0.3788 0.9163
vn -0.1302 -0.3788 0.9163
vn -0.1302 -0.3788 0.9163
vn 0.1301 0.3783 0.9165
vn 0.1301 0.3783 0.9165
vn 0.1301 0.3783 0.9165
vn 0.1287 0.3719 0.9193
vn 0.1287 0.3719 0.9193
vn 0.1287 0.3719 0.9193
vn -0.0471 0.904 0.425
vn -0.0471 0.904 0.425
vn -0.0471 0.904 0.425
vn -0.083 0.9212 0.3802
vn -0.083 0.9212 0.3802
vn -0.083 0.9212 0.3802
vn -0.2289 0.8996 -0.3719
vn -0.2289 0.8996 -0.3719
vn -0.2289 0.8996 -0.3719
vn -0.2524 0.9175 -0.3073
vn -0.2524 0.9175 -0.3073
vn -0.2524 0.9175 -0.3073
vn -0.2565 0.3804 -0.8885
vn -0.2565 0.3804 -0.8885
vn -0.2565 0.3804 -0.8885
vn -0.2621 0.3694 -0.8915
vn -0.2621 0.3694 -0.8915
vn -0.2621 0.3694 -0.8915
vn -0.1039 -0.3812 -0.9186
vn -0.1039 -0.3812 -0.9186
vn -0.1039 -0.3812 -0.9186
vn -0.0992 -0.3685 -0.9243
vn -0.0992 -0.3685 -0.9243
vn -0.0992 -0.3685 -0.9243
vn 0.0819 -0.9205 -0.382
vn 0.0819 -0.9205 -0.382
vn 0.0819 -0.9205 -0.382
vn 0.0979 -0.8923 -0.4407
vn 0.0979 -0.8923 -0.4407
vn 0.0979 -0.8923 -0.4407
vn 0.2062 -0.904 0.3746
vn 0.2062 -0.904 0.3746
vn 0.2062 -0.904 0.3746
vn 0.2217 -0.9207 0.321
vn 0.2217 -0.9207 0.321
vn 0.2217 -0.9207 0.321
vn 0.2329 -0.3715 0.8987
vn 0.2329 -0.3715 0.8987
vn 0.2329 -0.3715 0.8987
vn 0.2303 -0.3787 0.8964
vn 0.2303 -0.3787 0.8964
vn 0.2303 -0.3787 0.8964
vn 0.4522 0.3803 0.8067
vn 0.4522 0.3803 0.8067
vn 0.4522 0.3803 0.8067
vn 0.4524 0.3706 0.8112
vn 0.4524 0.3706 0.8112
vn 0.4524 0.3706 0.8112
vn 0.0802 0.8925 0.4438
vn 0.0802 0.8925 0.4438
vn 0.0802 0.8925 0.4438
vn 0.0101 0.9139 0.4058
vn 0.0101 0.9139 0.4058
vn 0.0101 0.9139 0.4058
vn -0.4055 0.8849 -0.2294
vn -0.4055 0.8849 -0.2294
vn -0.4055 0.8849 -0.2294
vn -0.4012 0.9067 -0.13
vn -0.4012 0.9067 -0.13
vn -0.4012 0.9067 -0.13
vn -0.6011 0.3822 -0.7018
vn -0.6011 0.3822 -0.7018
vn -0.6011 0.3822 -0.7018
vn -0.6093 0.3658 -0.7035
vn -0.6093 0.3658 -0.7035
vn -0.6093 0.3658 -0.7035
vn -0.4183 -0.3811 -0.8245
vn -0.4183 -0.3811 -0.8245
vn -0.4183 -0.3811 -0.8245
vn -0.4168 -0.3657 -0.8321
vn -0.4168 -0.3657 -0.8321
vn -0.4168 -0.3657 -0.8321
vn -0.0095 -0.9138 -0.406
vn -0.0095 -0.9138 -0.406
vn -0.0095 -0.9138 -0.406
vn -0.0225 -0.8731 -0.4871
vn -0.0225 -0.8731 -0.4871
vn -0.0225 -0.8731 -0.4871
vn 0.3792 -0.8928 0.2432
vn 0.3792 -0.8928 0.2432
vn 0.3792 -0.8928 0.2432
vn 0.3709 -0.9141 0.1639
vn 0.3709 -0.9141 0.1639
vn 0.3709 -0.9141 0.1639
vn 0.5767 -0.3696 0.7285
vn 0.5767 -0.3696 0.7285
vn 0.5767 -0.3696 0.7285
vn 0.5723 -0.3803 0.7265
vn 0.5723 -0.3803 0.7265
vn 0.5723 -0.3803 0.7265
vn 0.7524 0.3787 0.5389
vn 0.7524 0.3787 0.5389
vn 0.7524 0.3787 0.5389
vn 0.7531 0.3735 0.5416
vn 0.7531 0.3735 0.5416
vn 0.7531 0.3735 0.5416
vn 0.2893 0.9134 0.2864
vn 0.2893 0.9134 0.2864
vn 0.2893 0.9134 0.2864
vn 0.2594 0.9234 0.2828
vn 0.2594 0.9234 0.2828
vn 0.2594 0.9234 0.2828
vn -0.385 0.9109 -0.1486
vn -0.385 0.9109 -0.1486
vn -0.385 0.9109 -0.1486
vn -0.367 0.9236 -0.1107
vn -0.367 0.9236 -0.1107
vn -0.367 0.9236 -0.1107
vn -0.7942 0.3786 -0.4752
vn -0.7942 0.3786 -0.4752
vn -0.7942 0.3786 -0.4752
vn -0.7977 0.373 -0.4739
vn -0.7977 0.373 -0.4739
vn -0.7977 0.373 -0.4739
vn -0.7432 -0.3791 -0.5514
vn -0.7432 -0.3791 -0.5514
vn -0.7432 -0.3791 -0.5514
vn -0.7433 -0.3725 -0.5557
vn -0.7433 -0.3725 -0.5557
vn -0.7433 -0.3725 -0.5557
vn -0.2577 -0.9242 -0.2818
vn -0.2577 -0.9242 -0.2818
vn -0.2577 -0.9242 -0.2818
vn -0.2763 -0.9075 -0.3165
vn -0.2763 -0.9075 -0.3165
vn -0.2763 -0.9075 -0.3165
vn 0.3758 -0.9131 0.1583
vn 0.3758 -0.9131 0.1583
vn 0.3758 -0.9131 0.1583
vn 0.3602 -0.9237 0.1305
vn 0.3602 -0.9237 0.1305
vn 0.3602 -0.9237 0.1305
vn 0.7881 -0.374 0.4889
vn 0.7881 -0.374 0.4889
vn 0.7881 -0.374 0.4889
vn 0.7859 -0.3782 0.4892
vn 0.7859 -0.3782 0.4892
vn 0.7859 -0.3782 0.4892
vn 0.8964 0.3787 0.2303
vn 0.8964 0.3787 0.2303
vn 0.8964 0.3787 0.2303
vn 0.8987 0.3716 0.2329
vn 0.8987 0.3716 0.2329
vn 0.8987 0.3716 0.2329
vn 0.3746 0.904 0.2062
vn 0.3746 0.904 0.2062
vn 0.3746 0.904 0.2062
vn 0.3195 0.9212 0.2221
vn 0.3195 0.9212 0.2221
vn 0.3195 0.9212 0.2221
vn -0.4307 0.8998 0.0693
vn -0.4307 0.8998 0.0693
vn -0.4307 0.8998 0.0693
vn -0.3807 0.9175 0.1151
vn -0.3807 0.9175 0.1151
vn -0.3807 0.9175 0.1151
vn -0.9186 0.3812 -0.1039
vn -0.9186 0.3812 -0.1039
vn -0.9186 0.3812 -0.1039
vn -0.9243 0.3685 -0.0992
vn -0.9243 0.3685 -0.0992
vn -0.9243 0.3685 -0.0992
vn -0.8885 -0.3804 -0.2565
vn -0.8885 -0.3804 -0.2565
vn -0.8885 -0.3804 -0.2565
vn -0.8915 -0.3694 -0.2621
vn -0.8915 -0.3694 -0.2621
vn -0.8915 -0.3694 -0.2621
vn -0.3211 -0.9206 -0.2224
vn -0.3211 -0.9206 -0.2224
vn -0.3211 -0.9206 -0.2224
vn -0.369 -0.8925 -0.2594
vn -0.369 -0.8925 -0.2594
vn -0.369 -0.8925 -0.2594
vn 0.425 -0.904 -0.0471
vn 0.425 -0.904 -0.0471
vn 0.425 -0.904 -0.0471
vn 0.3802 -0.9212 -0.083
vn 0.3802 -0.9212 -0.083
vn 0.3802 -0.9212 -0.083
vn 0.9193 -0.3719 0.1287
vn 0.9193 -0.3719 0.1287
vn 0.9193 -0.3719 0.1287
vn 0.9165 -0.3783 0.1301
vn 0.9165 -0.3783 0.1301
vn 0.9165 -0.3783 0.1301
vn -0.1027 0.3809 0.9189
vn -0.1027 0.3809 0.9189
vn -0.1027 0.3809 0.9189
vn -0.0982 0.3689 0.9243
vn -0.0982 0.3689 0.9243
vn -0.0982 0.3689 0.9243
vn -0.2577 -0.3805 0.8882
vn -0.2577 -0.3805 0.8882
vn -0.2577 -0.3805 0.8882
vn -0.263 -0.3701 0.891
vn -0.263 -0.3701 0.891
vn -0.263 -0.3701 0.891
vn -0.2304 -0.8991 0.3722
vn -0.2304 -0.8991 0.3722
vn -0.2304 -0.8991 0.3722
vn -0.2548 -0.9172 0.3062
vn -0.2548 -0.9172 0.3062
vn -0.2548 -0.9172 0.3062
vn -0.0489 -0.9036 -0.4256
vn -0.0489 -0.9036 -0.4256
vn -0.0489 -0.9036 -0.4256
vn -0.0841 -0.9202 -0.3823
vn -0.0841 -0.9202 -0.3823
vn -0.0841 -0.9202 -0.3823
vn 0.1293 -0.3792 -0.9162
vn 0.1293 -0.3792 -0.9162
vn 0.1293 -0.3792 -0.9162
vn 0.1277 -0.3718 -0.9195
vn 0.1277 -0.3718 -0.9195
vn 0.1277 -0.3718 -0.9195
vn 0.2336 0.3716 -0.8985
vn 0.2336 0.3716 -0.8985
vn 0.2336 0.3716 -0.8985
vn 0.2308 0.3792 -0.8961
vn 0.2308 0.3792 -0.8961
vn 0.2308 0.3792 -0.8961
vn 0.2023 0.9221 -0.3297
vn 0.2023 0.9221 -0.3297
vn 0.2023 0.9221 -0.3297
vn 0.2303 0.8997 -0.3709
vn 0.2303 0.8997 -0.3709
vn 0.2303 0.8997 -0.3709
vn 0.0843 0.9205 0.3817
vn 0.0843 0.9205 0.3817
vn 0.0843 0.9205 0.3817
vn 0.1009 0.8915 0.4416
vn 0.1009 0.8915 0.4416
vn 0.1009 0.8915 0.4416
vn -1.0 0.0 -0.0075
vn -1.0 0.0 -0.0075
vn -1.0 0.0 -0.0075
vn -1.0 0.0 -0.0047
vn -1.0 0.0 -0.0047
vn -1.0 0.0 -0.0047
vn -1.0 0.0006 -0.006
vn -1.0 0.0006 -0.006
vn -1.0 0.0006 -0.006
vn -1.0 -0.0005 -0.005
vn -1.0 -0.0005 -0.005
vn -1.0 -0.0005 -0.005
vn -1.0 0.0007 -0.0055
vn -1.0 0.0007 -0.0055
vn -1.0 0.0007 -0.0055
vn -1.0 -0.0019 -0.0055
vn -1.0 -0.0019 -0.0055
vn -1.0 -0.0019 -0.0055
vn 1.0 0.0 0.0
vn 1.0 0.0 0.0
vn 1.0 0.0 0.0
vn 1.0 0.0 0.0
vn 1.0 0.0 0.0
vn 1.0 0.0 0.0
vn 1.0 0.0 0.0
vn 1.0 0.0 0.0
vn 1.0 0.0 0.0
vn 1.0 0.0 0.0
vn 1.0 0.0 0.0
vn 1.0 0.0 0.0
vn 1.0 0.0 0.0
vn 1.0 0.0 0.0
vn 1.0 0.0 0.0
vn 1.0 0.0 0.0
vn 1.0 0.0 0.0
vn 1.0 0.0 0.0
vn 0.9163 0.3788 -0.1302
vn 0.9163 0.3788 -0.1302
vn 0.9163 0.3788 -0.1302
vn 0.9195 0.3713 -0.1286
vn 0.9195 0.3713 -0.1286
vn 0.9195 0.3713 -0.1286
vn 0.4252 0.9038 0.0476
vn 0.4252 0.9038 0.0476
vn 0.4252 0.9038 0.0476
vn 0.3815 0.9207 0.0827
vn 0.3815 0.9207 0.0827
vn 0.3815 0.9207 0.0827
vn -0.3731 0.8991 0.229
vn -0.3731 0.8991 0.229
vn -0.3731 0.8991 0.229
vn -0.307 0.9175 0.2531
vn -0.307 0.9175 0.2531
vn -0.307 0.9175 0.2531
vn -0.8887 0.3799 0.2567
vn -0.8887 0.3799 0.2567
vn -0.8887 0.3799 0.2567
vn -0.8914 0.3699 0.2618
vn -0.8914 0.3699 0.2618
vn -0.8914 0.3699 0.2618
vn -0.9186 -0.3812 0.1039
vn -0.9186 -0.3812 0.1039
vn -0.9186 -0.3812 0.1039
vn -0.9241 -0.369 0.0994
vn -0.9241 -0.369 0.0994
vn -0.9241 -0.369 0.0994
vn -0.382 -0.9205 -0.0819
vn -0.382 -0.9205 -0.0819
vn -0.382 -0.9205 -0.0819
vn -0.4407 -0.8923 -0.0979
vn -0.4407 -0.8923 -0.0979
vn -0.4407 -0.8923 -0.0979
vn 0.3746 -0.904 -0.2062
vn 0.3746 -0.904 -0.2062
vn 0.3746 -0.904 -0.2062
vn 0.321 -0.9207 -0.2217
vn 0.321 -0.9207 -0.2217
vn 0.321 -0.9207 -0.2217
vn 0.8987 -0.3715 -0.2329
vn 0.8987 -0.3715 -0.2329
vn 0.8987 -0.3715 -0.2329
vn 0.8963 -0.3792 -0.2301
vn 0.8963 -0.3792 -0.2301
vn 0.8963 -0.3792 -0.2301
vn 0.7967 0.3789 -0.4709
vn 0.7967 0.3789 -0.4709
vn 0.7967 0.3789 -0.4709
vn 0.7998 0.3726 -0.4707
vn 0.7998 0.3726 -0.4707
vn 0.7998 0.3726 -0.4707
vn 0.4111 0.9037 -0.1196
vn 0.4111 0.9037 -0.1196
vn 0.4111 0.9037 -0.1196
vn 0.3839 0.9207 -0.0701
vn 0.3839 0.9207 -0.0701
vn 0.3839 0.9207 -0.0701
vn -0.2574 0.8993 0.3534
vn -0.2574 0.8993 0.3534
vn -0.2574 0.8993 0.3534
vn -0.1873 0.9177 0.3504
vn -0.1873 0.9177 0.3504
vn -0.1873 0.9177 0.3504
vn -0.723 0.3811 0.5763
vn -0.723 0.3811 0.5763
vn -0.723 0.3811 0.5763
vn -0.7236 0.3688 0.5834
vn -0.7236 0.3688 0.5834
vn -0.7236 0.3688 0.5834
vn -0.8095 -0.3806 0.447
vn -0.8095 -0.3806 0.447
vn -0.8095 -0.3806 0.447
vn -0.8158 -0.3692 0.4451
vn -0.8158 -0.3692 0.4451
vn -0.8158 -0.3692 0.4451
vn -0.3842 -0.9206 0.0696
vn -0.3842 -0.9206 0.0696
vn -0.3842 -0.9206 0.0696
vn -0.4439 -0.8927 0.0772
vn -0.4439 -0.8927 0.0772
vn -0.4439 -0.8927 0.0772
vn 0.267 -0.904 -0.3339
vn 0.267 -0.904 -0.3339
vn 0.267 -0.904 -0.3339
vn 0.2111 -0.9209 -0.3277
vn 0.2111 -0.9209 -0.3277
vn 0.2111 -0.9209 -0.3277
vn 0.7408 -0.3721 -0.5592
vn 0.7408 -0.3721 -0.5592
vn 0.7408 -0.3721 -0.5592
vn 0.7396 -0.3794 -0.5559
vn 0.7396 -0.3794 -0.5559
vn 0.7396 -0.3794 -0.5559
vn 0.5557 0.3799 -0.7395
vn 0.5557 0.3799 -0.7395
vn 0.5557 0.3799 -0.7395
vn 0.5595 0.3716 -0.7409
vn 0.5595 0.3716 -0.7409
vn 0.5595 0.3716 -0.7409
vn 0.3337 0.9044 -0.2657
vn 0.3337 0.9044 -0.2657
vn 0.3337 0.9044 -0.2657
vn 0.3279 0.9205 -0.2126
vn 0.3279 0.9205 -0.2126
vn 0.3279 0.9205 -0.2126
vn -0.1019 0.8994 0.4251
vn -0.1019 0.8994 0.4251
vn -0.1019 0.8994 0.4251
vn -0.0372 0.918 0.3949
vn -0.0372 0.918 0.3949
vn -0.0372 0.918 0.3949
vn -0.447 0.38 0.8098
vn -0.447 0.38 0.8098
vn -0.447 0.38 0.8098
vn -0.4452 0.3698 0.8155
vn -0.4452 0.3698 0.8155
vn -0.4452 0.3698 0.8155
vn -0.5766 -0.3806 0.723
vn -0.5766 -0.3806 0.723
vn -0.5766 -0.3806 0.723
vn -0.5831 -0.3694 0.7236
vn -0.5831 -0.3694 0.7236
vn -0.5831 -0.3694 0.7236
vn -0.3268 -0.9212 0.2109
vn -0.3268 -0.9212 0.2109
vn -0.3268 -0.9212 0.2109
vn -0.3818 -0.8919 0.2423
vn -0.3818 -0.8919 0.2423
vn -0.3818 -0.8919 0.2423
vn 0.1184 -0.9041 -0.4105
vn 0.1184 -0.9041 -0.4105
vn 0.1184 -0.9041 -0.4105
vn 0.0701 -0.9207 -0.3839
vn 0.0701 -0.9207 -0.3839
vn 0.0701 -0.9207 -0.3839
vn 0.4707 -0.3721 -0.8
vn 0.4707 -0.3721 -0.8
vn 0.4707 -0.3721 -0.8
vn 0.4709 -0.3794 -0.7965
vn 0.4709 -0.3794 -0.7965
vn 0.4709 -0.3794 -0.7965
vn -0.1301 0.3783 -0.9165
vn -0.1301 0.3783 -0.9165
vn -0.1301 0.3783 -0.9165
vn -0.1287 0.3719 -0.9193
vn -0.1287 0.3719 -0.9193
vn -0.1287 0.3719 -0.9193
vn 0.0471 0.904 -0.425
vn 0.0471 0.904 -0.425
vn 0.0471 0.904 -0.425
vn 0.083 0.9212 -0.3802
vn 0.083 0.9212 -0.3802
vn 0.083 0.9212 -0.3802
vn 0.2289 0.8996 0.3719
vn 0.2289 0.8996 0.3719
vn 0.2289 0.8996 0.3719
vn 0.2524 0.9175 0.3073
vn 0.2524 0.9175 0.3073
vn 0.2524 0.9175 0.3073
vn 0.2565 0.3804 0.8885
vn 0.2565 0.3804 0.8885
vn 0.2565 0.3804 0.8885
vn 0.2621 0.3694 0.8915
vn 0.2621 0.3694 0.8915
vn 0.2621 0.3694 0.8915
vn 0.1039 -0.3812 0.9186
vn 0.1039 -0.3812 0.9186
vn 0.1039 -0.3812 0.9186
vn 0.0992 -0.3685 0.9243
vn 0.0992 -0.3685 0.9243
vn 0.0992 -0.3685 0.9243
vn -0.0825 -0.9205 0.382
vn -0.0825 -0.9205 0.382
vn -0.0825 -0.9205 0.382
vn -0.0982 -0.8928 0.4396
vn -0.0982 -0.8928 0.4396
vn -0.0982 -0.8928 0.4396
vn -0.2062 -0.904 -0.3746
vn -0.2062 -0.904 -0.3746
vn -0.2062 -0.904 -0.3746
vn -0.2221 -0.9212 -0.3195
vn -0.2221 -0.9212 -0.3195
vn -0.2221 -0.9212 -0.3195
vn -0.2329 -0.3715 -0.8987
vn -0.2329 -0.3715 -0.8987
vn -0.2329 -0.3715 -0.8987
vn -0.2303 -0.3787 -0.8964
vn -0.2303 -0.3787 -0.8964
vn -0.2303 -0.3787 -0.8964
vn -0.4709 0.3794 -0.7965
vn -0.4709 0.3794 -0.7965
vn -0.4709 0.3794 -0.7965
vn -0.4707 0.3721 -0.8
vn -0.4707 0.3721 -0.8
vn -0.4707 0.3721 -0.8
vn -0.1184 0.9041 -0.4105
vn -0.1184 0.9041 -0.4105
vn -0.1184 0.9041 -0.4105
vn -0.0701 0.9207 -0.3839
vn -0.0701 0.9207 -0.3839
vn -0.0701 0.9207 -0.3839
vn 0.3534 0.8993 0.2574
vn 0.3534 0.8993 0.2574
vn 0.3534 0.8993 0.2574
vn 0.3503 0.9181 0.1855
vn 0.3503 0.9181 0.1855
vn 0.3503 0.9181 0.1855
vn 0.5766 0.3806 0.723
vn 0.5766 0.3806 0.723
vn 0.5766 0.3806 0.723
vn 0.5831 0.3694 0.7236
vn 0.5831 0.3694 0.7236
vn 0.5831 0.3694 0.7236
vn 0.447 -0.38 0.8098
vn 0.447 -0.38 0.8098
vn 0.447 -0.38 0.8098
vn 0.4452 -0.3698 0.8155
vn 0.4452 -0.3698 0.8155
vn 0.4452 -0.3698 0.8155
vn 0.0694 -0.9212 0.383
vn 0.0694 -0.9212 0.383
vn 0.0694 -0.9212 0.383
vn 0.0773 -0.892 0.4453
vn 0.0773 -0.892 0.4453
vn 0.0773 -0.892 0.4453
vn -0.3337 -0.9044 -0.2657
vn -0.3337 -0.9044 -0.2657
vn -0.3337 -0.9044 -0.2657
vn -0.3279 -0.9205 -0.2126
vn -0.3279 -0.9205 -0.2126
vn -0.3279 -0.9205 -0.2126
vn -0.5595 -0.3716 -0.7409
vn -0.5595 -0.3716 -0.7409
vn -0.5595 -0.3716 -0.7409
vn -0.5557 -0.3799 -0.7395
vn -0.5557 -0.3799 -0.7395
vn -0.5557 -0.3799 -0.7395
vn -0.7396 0.3794 -0.5559
vn -0.7396 0.3794 -0.5559
vn -0.7396 0.3794 -0.5559
vn -0.7408 0.3721 -0.5592
vn -0.7408 0.3721 -0.5592
vn -0.7408 0.3721 -0.5592
vn -0.267 0.904 -0.3339
vn -0.267 0.904 -0.3339
vn -0.267 0.904 -0.3339
vn -0.2111 0.9209 -0.3277
vn -0.2111 0.9209 -0.3277
vn -0.2111 0.9209 -0.3277
vn 0.4245 0.8998 0.1007
vn 0.4245 0.8998 0.1007
vn 0.4245 0.8998 0.1007
vn 0.3956 0.9176 0.0388
vn 0.3956 0.9176 0.0388
vn 0.3956 0.9176 0.0388
vn 0.8095 0.3806 0.447
vn 0.8095 0.3806 0.447
vn 0.8095 0.3806 0.447
vn 0.8158 0.3692 0.4451
vn 0.8158 0.3692 0.4451
vn 0.8158 0.3692 0.4451
vn 0.723 -0.3811 0.5763
vn 0.723 -0.3811 0.5763
vn 0.723 -0.3811 0.5763
vn 0.7236 -0.3688 0.5834
vn 0.7236 -0.3688 0.5834
vn 0.7236 -0.3688 0.5834
vn 0.2115 -0.9207 0.3279
vn 0.2115 -0.9207 0.3279
vn 0.2115 -0.9207 0.3279
vn 0.2417 -0.8926 0.3806
vn 0.2417 -0.8926 0.3806
vn 0.2417 -0.8926 0.3806
vn -0.4111 -0.9037 -0.1196
vn -0.4111 -0.9037 -0.1196
vn -0.4111 -0.9037 -0.1196
vn -0.3831 -0.9211 -0.0687
vn -0.3831 -0.9211 -0.0687
vn -0.3831 -0.9211 -0.0687
vn -0.7998 -0.3726 -0.4707
vn -0.7998 -0.3726 -0.4707
vn -0.7998 -0.3726 -0.4707
vn -0.7967 -0.3789 -0.4709
vn -0.7967 -0.3789 -0.4709
vn -0.7967 -0.3789 -0.4709
vn -0.8963 0.3792 -0.2301
vn -0.8963 0.3792 -0.2301
vn -0.8963 0.3792 -0.2301
vn -0.8987 0.3716 -0.2329
vn -0.8987 0.3716 -0.2329
vn -0.8987 0.3716 -0.2329
vn -0.3746 0.904 -0.2062
vn -0.3746 0.904 -0.2062
vn -0.3746 0.904 -0.2062
vn -0.321 0.9207 -0.2217
vn -0.321 0.9207 -0.2217
vn -0.321 0.9207 -0.2217
vn 0.4317 0.8994 -0.0684
vn 0.4317 0.8994 -0.0684
vn 0.4317 0.8994 -0.0684
vn 0.3807 0.9175 -0.1151
vn 0.3807 0.9175 -0.1151
vn 0.3807 0.9175 -0.1151
vn 0.9186 0.3812 0.1039
vn 0.9186 0.3812 0.1039
vn 0.9186 0.3812 0.1039
vn 0.9241 0.369 0.0994
vn 0.9241 0.369 0.0994
vn 0.9241 0.369 0.0994
vn 0.8887 -0.3799 0.2567
vn 0.8887 -0.3799 0.2567
vn 0.8887 -0.3799 0.2567
vn 0.8914 -0.3699 0.2618
vn 0.8914 -0.3699 0.2618
vn 0.8914 -0.3699 0.2618
vn 0.3201 -0.9211 0.2216
vn 0.3201 -0.9211 0.2216
vn 0.3201 -0.9211 0.2216
vn 0.3701 -0.8918 0.2603
vn 0.3701 -0.8918 0.2603
vn 0.3701 -0.8918 0.2603
vn -0.424 -0.9044 0.0479
vn -0.424 -0.9044 0.0479
vn -0.424 -0.9044 0.0479
vn -0.3815 -0.9207 0.082
vn -0.3815 -0.9207 0.082
vn -0.3815 -0.9207 0.082
vn -0.9195 -0.3713 -0.1286
vn -0.9195 -0.3713 -0.1286
vn -0.9195 -0.3713 -0.1286
vn -0.9163 -0.3788 -0.1302
vn -0.9163 -0.3788 -0.1302
vn -0.9163 -0.3788 -0.1302
vn -0.9163 0.3788 0.1302
vn -0.9163 0.3788 0.1302
vn -0.9163 0.3788 0.1302
vn -0.9195 0.3713 0.1286
vn -0.9195 0.3713 0.1286
vn -0.9195 0.3713 0.1286
vn -0.424 0.9044 -0.0479
vn -0.424 0.9044 -0.0479
vn -0.424 0.9044 -0.0479
vn -0.3815 0.9207 -0.082
vn -0.3815 0.9207 -0.082
vn -0.3815 0.9207 -0.082
vn 0.3732 0.8992 -0.2284
vn 0.3732 0.8992 -0.2284
vn 0.3732 0.8992 -0.2284
vn 0.3057 0.9179 -0.2529
vn 0.3057 0.9179 -0.2529
vn 0.3057 0.9179 -0.2529
vn 0.8887 0.3799 -0.2567
vn 0.8887 0.3799 -0.2567
vn 0.8887 0.3799 -0.2567
vn 0.8914 0.3699 -0.2618
vn 0.8914 0.3699 -0.2618
vn 0.8914 0.3699 -0.2618
vn 0.9186 -0.3812 -0.1039
vn 0.9186 -0.3812 -0.1039
vn 0.9186 -0.3812 -0.1039
vn 0.9241 -0.369 -0.0994
vn 0.9241 -0.369 -0.0994
vn 0.9241 -0.369 -0.0994
vn 0.382 -0.9205 0.0819
vn 0.382 -0.9205 0.0819
vn 0.382 -0.9205 0.0819
vn 0.4407 -0.8923 0.0979
vn 0.4407 -0.8923 0.0979
vn 0.4407 -0.8923 0.0979
vn -0.3746 -0.904 0.2062
vn -0.3746 -0.904 0.2062
vn -0.3746 -0.904 0.2062
vn -0.321 -0.9207 0.2217
vn -0.321 -0.9207 0.2217
vn -0.321 -0.9207 0.2217
vn -0.8987 -0.3715 0.2329
vn -0.8987 -0.3715 0.2329
vn -0.8987 -0.3715 0.2329
vn -0.8963 -0.3792 0.2301
vn -0.8963 -0.3792 0.2301
vn -0.8963 -0.3792 0.2301
vn -0.7967 0.3789 0.4709
vn -0.7967 0.3789 0.4709
vn -0.7967 0.3789 0.4709
vn -0.7998 0.3726 0.4707
vn -0.7998 0.3726 0.4707
vn -0.7998 0.3726 0.4707
vn -0.4111 0.9037 0.1196
vn -0.4111 0.9037 0.1196
vn -0.4111 0.9037 0.1196
vn -0.3831 0.9211 0.0687
vn -0.3831 0.9211 0.0687
vn -0.3831 0.9211 0.0687
vn 0.2561 0.8997 -0.3534
vn 0.2561 0.8997 -0.3534
vn 0.2561 0.8997 -0.3534
vn 0.1872 0.9177 -0.3504
vn 0.1872 0.9177 -0.3504
vn 0.1872 0.9177 -0.3504
vn 0.723 0.3811 -0.5763
vn 0.723 0.3811 -0.5763
vn 0.723 0.3811 -0.5763
vn 0.7236 0.3688 -0.5834
vn 0.7236 0.3688 -0.5834
vn 0.7236 0.3688 -0.5834
vn 0.8095 -0.3806 -0.447
vn 0.8095 -0.3806 -0.447
vn 0.8095 -0.3806 -0.447
vn 0.8158 -0.3692 -0.4451
vn 0.8158 -0.3692 -0.4451
vn 0.8158 -0.3692 -0.4451
vn 0.3842 -0.9206 -0.0696
vn 0.3842 -0.9206 -0.0696
vn 0.3842 -0.9206 -0.0696
vn 0.4439 -0.8927 -0.0772
vn 0.4439 -0.8927 -0.0772
vn 0.4439 -0.8927 -0.0772
vn -0.267 -0.904 0.3339
vn -0.267 -0.904 0.3339
vn -0.267 -0.904 0.3339
vn -0.2111 -0.9209 0.3277
vn -0.2111 -0.9209 0.3277
vn -0.2111 -0.9209 0.3277
vn -0.7408 -0.3721 0.5592
vn -0.7408 -0.3721 0.5592
vn -0.7408 -0.3721 0.5592
vn -0.7396 -0.3794 0.5559
vn -0.7396 -0.3794 0.5559
vn -0.7396 -0.3794 0.5559
vn -0.5557 0.3799 0.7395
vn -0.5557 0.3799 0.7395
vn -0.5557 0.3799 0.7395
vn -0.5592 0.3721 0.7408
vn -0.5592 0.3721 0.7408
vn -0.5592 0.3721 0.7408
vn -0.3339 0.904 0.267
vn -0.3339 0.904 0.267
vn -0.3339 0.904 0.267
vn -0.3279 0.9205 0.2126
vn -0.3279 0.9205 0.2126
vn -0.3279 0.9205 0.2126
vn 0.1019 0.8994 -0.4251
vn 0.1019 0.8994 -0.4251
vn 0.1019 0.8994 -0.4251
vn 0.0388 0.9176 -0.3956
vn 0.0388 0.9176 -0.3956
vn 0.0388 0.9176 -0.3956
vn 0.4471 0.3805 -0.8095
vn 0.4471 0.3805 -0.8095
vn 0.4471 0.3805 -0.8095
vn 0.4452 0.3698 -0.8155
vn 0.4452 0.3698 -0.8155
vn 0.4452 0.3698 -0.8155
vn 0.5766 -0.3806 -0.723
vn 0.5766 -0.3806 -0.723
vn 0.5766 -0.3806 -0.723
vn 0.5831 -0.3694 -0.7236
vn 0.5831 -0.3694 -0.7236
vn 0.5831 -0.3694 -0.7236
vn 0.3268 -0.9212 -0.2109
vn 0.3268 -0.9212 -0.2109
vn 0.3268 -0.9212 -0.2109
vn 0.3818 -0.8919 -0.2423
vn 0.3818 -0.8919 -0.2423
vn 0.3818 -0.8919 -0.2423
vn -0.1184 -0.9041 0.4105
vn -0.1184 -0.9041 0.4105
vn -0.1184 -0.9041 0.4105
vn -0.0701 -0.9207 0.3839
vn -0.0701 -0.9207 0.3839
vn -0.0701 -0.9207 0.3839
vn -0.4707 -0.3721 0.8
vn -0.4707 -0.3721 0.8
vn -0.4707 -0.3721 0.8
vn -0.4709 -0.3794 0.7965
vn -0.4709 -0.3794 0.7965
vn -0.4709 -0.3794 0.7965
vn -0.2303 0.3792 0.8962
vn -0.2303 0.3792 0.8962
vn -0.2303 0.3792 0.8962
vn -0.2331 0.3715 0.8987
vn -0.2331 0.3715 0.8987
vn -0.2331 0.3715 0.8987
vn -0.2067 0.9039 0.3745
vn -0.2067 0.9039 0.3745
vn -0.2067 0.9039 0.3745
vn -0.2223 0.9207 0.3208
vn -0.2223 0.9207 0.3208
vn -0.2223 0.9207 0.3208
vn -0.069 0.8993 -0.4319
vn -0.069 0.8993 -0.4319
vn -0.069 0.8993 -0.4319
vn -0.1159 0.9174 -0.3807
vn -0.1159 0.9174 -0.3807
vn -0.1159 0.9174 -0.3807
vn 0.1035 0.3812 -0.9187
vn 0.1035 0.3812 -0.9187
vn 0.1035 0.3812 -0.9187
vn 0.099 0.369 -0.9241
vn 0.099 0.369 -0.9241
vn 0.099 0.369 -0.9241
vn 0.2565 -0.3804 -0.8885
vn 0.2565 -0.3804 -0.8885
vn 0.2565 -0.3804 -0.8885
vn 0.2621 -0.3694 -0.8915
vn 0.2621 -0.3694 -0.8915
vn 0.2621 -0.3694 -0.8915
vn 0.2218 -0.9206 -0.3213
vn 0.2218 -0.9206 -0.3213
vn 0.2218 -0.9206 -0.3213
vn 0.2596 -0.892 -0.3701
vn 0.2596 -0.892 -0.3701
vn 0.2596 -0.892 -0.3701
vn 0.0471 -0.904 0.425
vn 0.0471 -0.904 0.425
vn 0.0471 -0.904 0.425
vn 0.082 -0.9207 0.3815
vn 0.082 -0.9207 0.3815
vn 0.082 -0.9207 0.3815
vn -0.1287 -0.3719 0.9193
vn -0.1287 -0.3719 0.9193
vn -0.1287 -0.3719 0.9193
vn -0.1301 -0.3783 0.9165
vn -0.1301 -0.3783 0.9165
vn -0.1301 -0.3783 0.9165
vn 0.1302 0.3788 0.9163
vn 0.1302 0.3788 0.9163
vn 0.1302 0.3788 0.9163
vn 0.1287 0.3719 0.9193
vn 0.1287 0.3719 0.9193
vn 0.1287 0.3719 0.9193
vn -0.0471 0.904 0.425
vn -0.0471 0.904 0.425
vn -0.0471 0.904 0.425
vn -0.082 0.9207 0.3815
vn -0.082 0.9207 0.3815
vn -0.082 0.9207 0.3815
vn -0.2284 0.8992 -0.3732
vn -0.2284 0.8992 -0.3732
vn -0.2284 0.8992 -0.3732
vn -0.2524 0.9175 -0.3073
vn -0.2524 0.9175 -0.3073
vn -0.2524 0.9175 -0.3073
vn -0.2565 0.3804 -0.8885
vn -0.2565 0.3804 -0.8885
vn -0.2565 0.3804 -0.8885
vn -0.2618 0.3699 -0.8914
vn -0.2618 0.3699 -0.8914
vn -0.2618 0.3699 -0.8914
vn -0.1037 -0.3807 -0.9189
vn -0.1037 -0.3807 -0.9189
vn -0.1037 -0.3807 -0.9189
vn -0.0994 -0.369 -0.9241
vn -0.0994 -0.369 -0.9241
vn -0.0994 -0.369 -0.9241
vn 0.0825 -0.9205 -0.382
vn 0.0825 -0.9205 -0.382
vn 0.0825 -0.9205 -0.382
vn 0.0986 -0.8921 -0.4409
vn 0.0986 -0.8921 -0.4409
vn 0.0986 -0.8921 -0.4409
vn 0.2067 -0.9039 0.3745
vn 0.2067 -0.9039 0.3745
vn 0.2067 -0.9039 0.3745
vn 0.2223 -0.9207 0.3208
vn 0.2223 -0.9207 0.3208
vn 0.2223 -0.9207 0.3208
vn 0.2331 -0.371 0.8989
vn 0.2331 -0.371 0.8989
vn 0.2331 -0.371 0.8989
vn 0.2301 -0.3792 0.8963
vn 0.2301 -0.3792 0.8963
vn 0.2301 -0.3792 0.8963
vn 0.4522 0.3803 0.8067
vn 0.4522 0.3803 0.8067
vn 0.4522 0.3803 0.8067
vn 0.4524 0.3706 0.8112
vn 0.4524 0.3706 0.8112
vn 0.4524 0.3706 0.8112
vn 0.0802 0.8925 0.4438
vn 0.0802 0.8925 0.4438
vn 0.0802 0.8925 0.4438
vn 0.0101 0.9139 0.4058
vn 0.0101 0.9139 0.4058
vn 0.0101 0.9139 0.4058
vn -0.4055 0.8849 -0.2294
vn -0.4055 0.8849 -0.2294
vn -0.4055 0.8849 -0.2294
vn -0.4012 0.9067 -0.13
vn -0.4012 0.9067 -0.13
vn -0.4012 0.9067 -0.13
vn -0.6011 0.3822 -0.7018
vn -0.6011 0.3822 -0.7018
vn -0.6011 0.3822 -0.7018
vn -0.6093 0.3658 -0.7035
vn -0.6093 0.3658 -0.7035
vn -0.6093 0.3658 -0.7035
vn -0.4181 -0.3816 -0.8244
vn -0.4181 -0.3816 -0.8244
vn -0.4181 -0.3816 -0.8244
vn -0.4166 -0.3662 -0.8321
vn -0.4166 -0.3662 -0.8321
vn -0.4166 -0.3662 -0.8321
vn -0.0101 -0.9139 -0.4058
vn -0.0101 -0.9139 -0.4058
vn -0.0101 -0.9139 -0.4058
vn -0.0233 -0.8726 -0.488
vn -0.0233 -0.8726 -0.488
vn -0.0233 -0.8726 -0.488
vn 0.3792 -0.8928 0.2432
vn 0.3792 -0.8928 0.2432
vn 0.3792 -0.8928 0.2432
vn 0.3711 -0.9137 0.1655
vn 0.3711 -0.9137 0.1655
vn 0.3711 -0.9137 0.1655
vn 0.5767 -0.3701 0.7283
vn 0.5767 -0.3701 0.7283
vn 0.5767 -0.3701 0.7283
vn 0.5723 -0.3808 0.7262
vn 0.5723 -0.3808 0.7262
vn 0.5723 -0.3808 0.7262
vn 0.7523 0.3787 0.539
vn 0.7523 0.3787 0.539
vn 0.7523 0.3787 0.539
vn 0.753 0.374 0.5415
vn 0.753 0.374 0.5415
vn 0.753 0.374 0.5415
vn 0.2904 0.9128 0.2871
vn 0.2904 0.9128 0.2871
vn 0.2904 0.9128 0.2871
vn 0.2589 0.9234 0.2833
vn 0.2589 0.9234 0.2833
vn 0.2589 0.9234 0.2833
vn -0.3854 0.9108 -0.1482
vn -0.3854 0.9108 -0.1482
vn -0.3854 0.9108 -0.1482
vn -0.368 0.9231 -0.1114
vn -0.368 0.9231 -0.1114
vn -0.368 0.9231 -0.1114
vn -0.7941 0.3791 -0.4751
vn -0.7941 0.3791 -0.4751
vn -0.7941 0.3791 -0.4751
vn -0.7979 0.3729 -0.4736
vn -0.7979 0.3729 -0.4736
vn -0.7979 0.3729 -0.4736
vn -0.7432 -0.3796 -0.551
vn -0.7432 -0.3796 -0.551
vn -0.7432 -0.3796 -0.551
vn -0.7433 -0.372 -0.556
vn -0.7433 -0.372 -0.556
vn -0.7433 -0.372 -0.556
vn -0.2583 -0.9237 -0.2829
vn -0.2583 -0.9237 -0.2829
vn -0.2583 -0.9237 -0.2829
vn -0.2756 -0.9081 -0.3152
vn -0.2756 -0.9081 -0.3152
vn -0.2756 -0.9081 -0.3152
vn 0.3764 -0.9126 0.1594
vn 0.3764 -0.9126 0.1594
vn 0.3764 -0.9126 0.1594
vn 0.3594 -0.9242 0.1292
vn 0.3594 -0.9242 0.1292
vn 0.3594 -0.9242 0.1292
vn 0.7879 -0.3745 0.4889
vn 0.7879 -0.3745 0.4889
vn 0.7879 -0.3745 0.4889
vn 0.7862 -0.3777 0.4891
vn 0.7862 -0.3777 0.4891
vn 0.7862 -0.3777 0.4891
vn 0.8963 0.3792 0.2301
vn 0.8963 0.3792 0.2301
vn 0.8963 0.3792 0.2301
vn 0.8987 0.3716 0.2329
vn 0.8987 0.3716 0.2329
vn 0.8987 0.3716 0.2329
vn 0.3746 0.904 0.2062
vn 0.3746 0.904 0.2062
vn 0.3746 0.904 0.2062
vn 0.321 0.9207 0.2217
vn 0.321 0.9207 0.2217
vn 0.321 0.9207 0.2217
vn -0.4317 0.8994 0.0684
vn -0.4317 0.8994 0.0684
vn -0.4317 0.8994 0.0684
vn -0.3807 0.9175 0.1151
vn -0.3807 0.9175 0.1151
vn -0.3807 0.9175 0.1151
vn -0.9186 0.3812 -0.1039
vn -0.9186 0.3812 -0.1039
vn -0.9186 0.3812 -0.1039
vn -0.9241 0.369 -0.0994
vn -0.9241 0.369 -0.0994
vn -0.9241 0.369 -0.0994
vn -0.8887 -0.3799 -0.2567
vn -0.8887 -0.3799 -0.2567
vn -0.8887 -0.3799 -0.2567
vn -0.8914 -0.3699 -0.2618
vn -0.8914 -0.3699 -0.2618
vn -0.8914 -0.3699 -0.2618
vn -0.3201 -0.9211 -0.2216
vn -0.3201 -0.9211 -0.2216
vn -0.3201 -0.9211 -0.2216
vn -0.3701 -0.8918 -0.2603
vn -0.3701 -0.8918 -0.2603
vn -0.3701 -0.8918 -0.2603
vn 0.424 -0.9044 -0.0479
vn 0.424 -0.9044 -0.0479
vn 0.424 -0.9044 -0.0479
vn 0.3815 -0.9207 -0.082
vn 0.3815 -0.9207 -0.082
vn 0.3815 -0.9207 -0.082
vn 0.9195 -0.3713 0.1286
vn 0.9195 -0.3713 0.1286
vn 0.9195 -0.3713 0.1286
vn 0.9163 -0.3788 0.1302
vn 0.9163 -0.3788 0.1302
vn 0.9163 -0.3788 0.1302
vn -0.1029 0.3814 0.9187
vn -0.1029 0.3814 0.9187
vn -0.1029 0.3814 0.9187
vn -0.098 0.3684 0.9245
vn -0.098 0.3684 0.9245
vn -0.098 0.3684 0.9245
vn -0.2577 -0.3805 0.8882
vn -0.2577 -0.3805 0.8882
vn -0.2577 -0.3805 0.8882
vn -0.2633 -0.3696 0.8911
vn -0.2633 -0.3696 0.8911
vn -0.2633 -0.3696 0.8911
vn -0.2309 -0.8995 0.371
vn -0.2309 -0.8995 0.371
vn -0.2309 -0.8995 0.371
vn -0.2548 -0.9172 0.3062
vn -0.2548 -0.9172 0.3062
vn -0.2548 -0.9172 0.3062
vn -0.0489 -0.9036 -0.4256
vn -0.0489 -0.9036 -0.4256
vn -0.0489 -0.9036 -0.4256
vn -0.0851 -0.9206 -0.381
vn -0.0851 -0.9206 -0.381
vn -0.0851 -0.9206 -0.381
vn 0.1292 -0.3787 -0.9165
vn 0.1292 -0.3787 -0.9165
vn 0.1292 -0.3787 -0.9165
vn 0.1277 -0.3718 -0.9195
vn 0.1277 -0.3718 -0.9195
vn 0.1277 -0.3718 -0.9195
vn 0.2334 0.3721 -0.8984
vn 0.2334 0.3721 -0.8984
vn 0.2334 0.3721 -0.8984
vn 0.231 0.3787 -0.8962
vn 0.231 0.3787 -0.8962
vn 0.231 0.3787 -0.8962
vn 0.2016 0.9227 -0.3287
vn 0.2016 0.9227 -0.3287
vn 0.2016 0.9227 -0.3287
vn 0.231 0.899 -0.372
vn 0.231 0.899 -0.372
vn 0.231 0.899 -0.372
vn 0.0846 0.9199 0.3829
vn 0.0846 0.9199 0.3829
vn 0.0846 0.9199 0.3829
vn 0.1005 0.8922 0.4403
vn 0.1005 0.8922 0.4403
vn 0.1005 0.8922 0.4403
vn -1.0 0.0 -0.0075
vn -1.0 0.0 -0.0075
vn -1.0 0.0 -0.0075
vn -1.0 0.0 -0.0047
vn -1.0 0.0 -0.0047
vn -1.0 0.0 -0.0047
vn -1.0 0.0006 -0.006
vn -1.0 0.0006 -0.006
vn -1.0 0.0006 -0.006
vn -1.0 -0.0005 -0.005
vn -1.0 -0.0005 -0.005
vn -1.0 -0.0005 -0.005
vn -1.0 0.0007 -0.0055
vn -1.0 0.0007 -0.0055
vn -1.0 0.0007 -0.0055
vn -1.0 -0.0019 -0.0055
vn -1.0 -0.0019 -0.0055
vn -1.0 -0.0019 -0.0055
vn 1.0 0.0 0.0
vn 1.0 0.0 0.0
vn 1.0 0.0 0.0
vn 1.0 0.0 0.0
vn 1.0 0.0 0.0
vn 1.0 0.0 0.0
vn 1.0 0.0 0.0
vn 1.0 0.0 0.0
vn 1.0 0.0 0.0
vn 1.0 0.0 0.0
vn 1.0 0.0 0.0
vn 1.0 0.0 0.0
vn 1.0 0.0 0.0
vn 1.0 0.0 0.0
vn 1.0 0.0 0.0
vn 1.0 0.0 0.0
vn 1.0 0.0 0.0
vn 1.0 0.0 0.0
vn 0.1109 0.0 -0.9938
vn 0.1109 0.0 -0.9938
vn 0.1109 0.0 -0.9938
vn 0.1109 0.0 -0.9938
vn 0.1109 0.0 -0.9938
vn 0.1109 0.0 -0.9938
vn 0.3937 0.0 -0.9193
vn 0.3937 0.0 -0.9193
vn 0.3937 0.0 -0.9193
vn 0.3937 0.0 -0.9193
vn 0.3937 0.0 -0.9193
vn 0.3937 0.0 -0.9193
vn 0.7071 0.0 -0.7071
vn 0.7071 0.0 -0.7071
vn 0.7071 0.0 -0.7071
vn 0.7071 0.0 -0.7071
vn 0.7071 0.0 -0.7071
vn 0.7071 0.0 -0.7071
vn 0.9193 0.0 -0.3937
vn 0.9193 0.0 -0.3937
vn 0.9193 0.0 -0.3937
vn 0.9193 0.0 -0.3937
vn 0.9193 0.0 -0.3937
vn 0.9193 0.0 -0.3937
vn 0.9939 0.0 -0.1101
vn 0.9939 0.0 -0.1101
vn 0.9939 0.0 -0.1101
vn 0.9939 0.0 -0.1101
vn 0.9939 0.0 -0.1101
vn 0.9939 0.0 -0.1101
vn 0.1109 0.0 0.9938
vn 0.1109 0.0 0.9938
vn 0.1109 0.0 0.9938
vn 0.1109 0.0 0.9938
vn 0.1109 0.0 0.9938
vn 0.1109 0.0 0.9938
vn 0.3937 0.0 0.9193
vn 0.3937 0.0 0.9193
vn 0.3937 0.0 0.9193
vn 0.3937 0.0 0.9193
vn 0.3937 0.0 0.9193
vn 0.3937 0.0 0.9193
vn 0.7071 0.0 0.7071
vn 0.7071 0.0 0.7071
vn 0.7071 0.0 0.7071
vn 0.7071 0.0 0.7071
vn 0.7071 0.0 0.7071
vn 0.7071 0.0 0.7071
vn 0.9191 0.0 0.3941
vn 0.9191 0.0 0.3941
vn 0.9191 0.0 0.3941
vn 0.9191 0.0 0.3941
vn 0.9191 0.0 0.3941
vn 0.9191 0.0 0.3941
vn 0.9939 0.0 0.11
vn 0.9939 0.0 0.11
vn 0.9939 0.0 0.11
vn 0.9939 0.0 0.11
vn 0.9939 0.0 0.11
vn 0.9939 0.0 0.11
vn -0.111 0.0 0.9938
vn -0.111 0.0 0.9938
vn -0.111 0.0 0.9938
vn -0.111 0.0 0.9938
vn -0.111 0.0 0.9938
vn -0.111 0.0 0.9938
vn -0.3937 0.0 0.9193
vn -0.3937 0.0 0.9193
vn -0.3937 0.0 0.9193
vn -0.3937 0.0 0.9193
vn -0.3937 0.0 0.9193
vn -0.3937 0.0 0.9193
vn -0.7071 0.0 0.7071
vn -0.7071 0.0 0.7071
vn -0.7071 0.0 0.7071
vn -0.7071 0.0 0.7071
vn -0.7071 0.0 0.7071
vn -0.7071 0.0 0.7071
vn -0.9191 0.0 0.3941
vn -0.9191 0.0 0.3941
vn -0.9191 0.0 0.3941
vn -0.9191 0.0 0.3941
vn -0.9191 0.0 0.3941
vn -0.9191 0.0 0.3941
vn -0.9939 0.0 0.11
vn -0.9939 0.0 0.11
vn -0.9939 0.0 0.11
vn -0.9939 0.0 0.11
vn -0.9939 0.0 0.11
vn -0.9939 0.0 0.11
vn -0.111 0.0 -0.9938
vn -0.111 0.0 -0.9938
vn -0.111 0.0 -0.9938
vn -0.111 0.0 -0.9938
vn -0.111 0.0 -0.9938
vn -0.111 0.0 -0.9938
vn -0.3937 0.0 -0.9193
vn -0.3937 0.0 -0.9193
vn -0.3937 0.0 -0.9193
vn -0.3937 0.0 -0.9193
vn -0.3937 0.0 -0.9193
vn -0.3937 0.0 -0.9193
vn -0.7071 0.0 -0.7071
vn -0.7071 0.0 -0.7071
vn -0.7071 0.0 -0.7071
vn -0.7071 0.0 -0.7071
vn -0.7071 0.0 -0.7071
vn -0.7071 0.0 -0.7071
vn -0.9193 0.0 -0.3937
vn -0.9193 0.0 -0.3937
vn -0.9193 0.0 -0.3937
vn -0.9193 0.0 -0.3937
vn -0.9193 0.0 -0.3937
vn -0.9193 0.0 -0.3937
vn -0.9939 0.0 -0.1101
vn -0.9939 0.0 -0.1101
vn -0.9939 0.0 -0.1101
vn -0.9939 0.0 -0.1101
vn -0.9939 0.0 -0.1101
vn -0.9939 0.0 -0.1101
vn 1.0 0.0 0.0
vn 1.0 0.0 0.0
vn 1.0 0.0 0.0
vn 1.0 0.0 0.0
vn 1.0 0.0 0.0
vn 1.0 0.0 0.0
vn 0.0 -1.0 0.0
vn 0.0 -1.0 0.0
vn 0.0 -1.0 0.0
vn 0.0 -1.0 0.0
vn 0.0 -1.0 0.0
vn 0.0 -1.0 0.0
vn 0.0 -1.0 0.0
vn 0.0 -1.0 0.0
vn 0.0 -1.0 0.0
vn 0.0 -1.0 0.0
vn 0.0 -1.0 0.0
vn 0.0 -1.0 0.0
vn 0.0 -1.0 0.0
vn 0.0 -1.0 0.0
vn 0.0 -1.0 0.0
vn 0.0 -1.0 0.0
vn 0.0 -1.0 0.0
vn 0.0 -1.0 0.0
vn 0.0 -1.0 0.0
vn 0.0 -1.0 0.0
vn 0.0 -1.0 0.0
vn 0.0 -1.0 0.0
vn 0.0 -1.0 0.0
vn 0.0 -1.0 0.0
vn 0.0 -1.0 0.0
vn 0.0 -1.0 0.0
vn 0.0 -1.0 0.0
vn 0.0 -1.0 0.0
vn 0.0 -1.0 0.0
vn 0.0 -1.0 0.0
vn 0.0 -1.0 0.0
vn 0.0 -1.0 0.0
vn 0.0 -1.0 0.0
vn 0.0 -1.0 0.0
vn 0.0 -1.0 0.0
vn 0.0 -1.0 0.0
vn 0.0 -1.0 0.0
vn 0.0 -1.0 0.0
vn 0.0 -1.0 0.0
vn 0.0 -1.0 0.0
vn 0.0 -1.0 0.0
vn 0.0 -1.0 0.0
vn 0.0 -1.0 0.0
vn 0.0 -1.0 0.0
vn 0.0 -1.0 0.0
vn 0.0 -1.0 0.0
vn 0.0 -1.0 0.0
vn 0.0 -1.0 0.0
vn 0.0 -1.0 0.0
vn 0.0 -1.0 0.0
vn 0.0 -1.0 0.0
vn 0.0 -1.0 0.0
vn 0.0 -1.0 0.0
vn 0.0 -1.0 0.0
vn 0.0 -1.0 0.0
vn 0.0 -1.0 0.0
vn 0.0 -1.0 0.0
vn 0.0 -1.0 0.0
vn 0.0 -1.0 0.0
vn 0.0 -1.0 0.0
vn 0.0 -1.0 0.0
vn 0.0 -1.0 0.0
vn 0.0 -1.0 0.0
vn 0.0 -1.0 0.0
vn 0.0 -1.0 0.0
vn 0.0 -1.0 0.0
vn 0.0 0.0 -1.0
vn 0.0 0.0 -1.0
vn 0.0 0.0 -1.0
vn 0.0 0.0 -1.0
vn 0.0 0.0 -1.0
vn 0.0 0.0 -1.0
vn 0.0 1.0 0.0
vn 0.0 1.0 0.0
vn 0.0 1.0 0.0
vn 0.0 1.0 0.0
vn 0.0 1.0 0.0
vn 0.0 1.0 0.0
vn 0.0 1.0 0.0
vn 0.0 1.0 0.0
vn 0.0 1.0 0.0
vn 0.0 1.0 0.0
vn 0.0 1.0 0.0
vn 0.0 1.0 0.0
vn 0.0 1.0 0.0
vn 0.0 1.0 0.0
vn 0.0 1.0 0.0
vn 0.0 1.0 0.0
vn 0.0 1.0 0.0
vn 0.0 1.0 0.0
vn 0.0 1.0 0.0
vn 0.0 1.0 0.0
vn 0.0 1.0 0.0
vn 0.0 1.0 0.0
vn 0.0 1.0 0.0
vn 0.0 1.0 0.0
vn 0.0 1.0 0.0
vn 0.0 1.0 0.0
vn 0.0 1.0 0.0
vn 0.0 1.0 0.0
vn 0.0 1.0 0.0
vn 0.0 1.0 0.0
vn 0.0 1.0 0.0
vn 0.0 1.0 0.0
vn 0.0 1.0 0.0
vn 0.0 1.0 0.0
vn 0.0 1.0 0.0
vn 0.0 1.0 0.0
vn 0.0 1.0 0.0
vn 0.0 1.0 0.0
vn 0.0 1.0 0.0
vn 0.0 1.0 0.0
vn 0.0 1.0 0.0
vn 0.0 1.0 0.0
vn 0.0 1.0 0.0
vn 0.0 1.0 0.0
vn 0.0 1.0 0.0
vn 0.0 1.0 0.0
vn 0.0 1.0 0.0
vn 0.0 1.0 0.0
vn 0.0 1.0 0.0
vn 0.0 1.0 0.0
vn 0.0 1.0 0.0
vn 0.0 1.0 0.0
vn 0.0 1.0 0.0
vn 0.0 1.0 0.0
vn 0.0 1.0 0.0
vn 0.0 1.0 0.0
vn 0.0 1.0 0.0
vn 0.0 1.0 0.0
vn 0.0 1.0 0.0
vn 0.0 1.0 0.0
vn 0.0 1.0 0.0
vn 0.0 1.0 0.0
vn 0.0 1.0 0.0
vn 0.0 1.0 0.0
vn 0.0 1.0 0.0
vn 0.0 1.0 0.0
vn 0.0 0.0 1.0
vn 0.0 0.0 1.0
vn 0.0 0.0 1.0
vn 0.0 0.0 1.0
vn 0.0 0.0 1.0
vn 0.0 0.0 1.0
vn -1.0 0.0 0.0
vn -1.0 0.0 0.0
vn -1.0 0.0 0.0
vn -1.0 0.0 0.0
vn -1.0 0.0 0.0
vn -1.0 0.0 0.0
vn 0.0 0.0 1.0
vn 0.0 0.0 1.0
vn 0.0 0.0 1.0
vn 0.0 0.0 1.0
vn 0.0 0.0 1.0
vn 0.0 0.0 1.0
vn 0.0 0.0 -1.0
vn 0.0 0.0 -1.0
vn 0.0 0.0 -1.0
vn 0.0 0.0 -1.0
vn 0.0 0.0 -1.0
vn 0.0 0.0 -1.0
vn -0.6505 0.7595 0.0
vn -0.6505 0.7595 0.0
vn -0.6505 0.7595 0.0
vn -0.6505 0.7595 0.0
vn -0.6505 0.7595 0.0
vn -0.6505 0.7595 0.0
vn 1.0 0.0 0.0
vn 1.0 0.0 0.0
vn 1.0 0.0 0.0
vn 1.0 0.0 0.0
vn 1.0 0.0 0.0
vn 1.0 0.0 0.0
vn 0.0 -1.0 0.0
vn 0.0 -1.0 0.0
vn 0.0 -1.0 0.0
vn 0.0 -1.0 0.0
vn 0.0 -1.0 0.0
vn 0.0 -1.0 0.0
vn -0.9933 0.1154 0.0
vn -0.9933 0.1154 0.0
vn -0.9933 0.1154 0.0
vn -0.9933 0.1154 0.0
vn -0.9933 0.1154 0.0
vn -0.9933 0.1154 0.0
vn 0.023 -0.9997 -0.0062
vn 0.023 -0.9997 -0.0062
vn 0.023 -0.9997 -0.0062
vn 0.9661 -0.0052 -0.2583
vn 0.9661 -0.0052 -0.2583
vn 0.9661 -0.0052 -0.2583
vn 0.9661 -0.0052 -0.258
vn 0.9661 -0.0052 -0.258
vn 0.9661 -0.0052 -0.258
vn 0.023 -0.9997 0.0062
vn 0.023 -0.9997 0.0062
vn 0.023 -0.9997 0.0062
vn 0.9661 -0.0052 0.2583
vn 0.9661 -0.0052 0.2583
vn 0.9661 -0.0052 0.2583
vn 0.9661 -0.0052 0.258
vn 0.9661 -0.0052 0.258
vn 0.9661 -0.0052 0.258
vn 0.0169 -0.9997 0.0168
vn 0.0169 -0.9997 0.0168
vn 0.0169 -0.9997 0.0168
vn 0.708 -0.0052 0.7062
vn 0.708 -0.0052 0.7062
vn 0.708 -0.0052 0.7062
vn 0.7079 -0.0052 0.7063
vn 0.7079 -0.0052 0.7063
vn 0.7079 -0.0052 0.7063
vn 0.0062 -0.9997 0.023
vn 0.0062 -0.9997 0.023
vn 0.0062 -0.9997 0.023
vn 0.2589 -0.0053 0.9659
vn 0.2589 -0.0053 0.9659
vn 0.2589 -0.0053 0.9659
vn 0.2593 -0.0052 0.9658
vn 0.2593 -0.0052 0.9658
vn 0.2593 -0.0052 0.9658
vn -0.0062 -0.9997 0.023
vn -0.0062 -0.9997 0.023
vn -0.0062 -0.9997 0.023
vn -0.2591 -0.0052 0.9658
vn -0.2591 -0.0052 0.9658
vn -0.2591 -0.0052 0.9658
vn -0.2595 -0.0053 0.9657
vn -0.2595 -0.0053 0.9657
vn -0.2595 -0.0053 0.9657
vn -0.0169 -0.9997 0.0168
vn -0.0169 -0.9997 0.0168
vn -0.0169 -0.9997 0.0168
vn -0.708 -0.0052 0.7062
vn -0.708 -0.0052 0.7062
vn -0.708 -0.0052 0.7062
vn -0.7079 -0.0052 0.7063
vn -0.7079 -0.0052 0.7063
vn -0.7079 -0.0052 0.7063
vn -0.0231 -0.9997 0.0062
vn -0.0231 -0.9997 0.0062
vn -0.0231 -0.9997 0.0062
vn -0.9661 -0.0052 0.2583
vn -0.9661 -0.0052 0.2583
vn -0.9661 -0.0052 0.2583
vn -0.9661 -0.0052 0.258
vn -0.9661 -0.0052 0.258
vn -0.9661 -0.0052 0.258
vn -0.0231 -0.9997 -0.0062
vn -0.0231 -0.9997 -0.0062
vn -0.0231 -0.9997 -0.0062
vn -0.9661 -0.0052 -0.2583
vn -0.9661 -0.0052 -0.2583
vn -0.9661 -0.0052 -0.2583
vn -0.9661 -0.0052 -0.258
vn -0.9661 -0.0052 -0.258
vn -0.9661 -0.0052 -0.258
vn -0.0169 -0.9997 -0.0168
vn -0.0169 -0.9997 -0.0168
vn -0.0169 -0.9997 -0.0168
vn -0.708 -0.0052 -0.7062
vn -0.708 -0.0052 -0.7062
vn -0.708 -0.0052 -0.7062
vn -0.7079 -0.0052 -0.7063
vn -0.7079 -0.0052 -0.7063
vn -0.7079 -0.0052 -0.7063
vn -0.0062 -0.9997 -0.023
vn -0.0062 -0.9997 -0.023
vn -0.0062 -0.9997 -0.023
vn -0.2591 -0.0053 -0.9658
vn -0.2591 -0.0053 -0.9658
vn -0.2591 -0.0053 -0.9658
vn -0.2595 -0.0052 -0.9657
vn -0.2595 -0.0052 -0.9657
vn -0.2595 -0.0052 -0.9657
vn 0.0062 -0.9997 -0.023
vn 0.0062 -0.9997 -0.023
vn 0.0062 -0.9997 -0.023
vn 0.2589 -0.0052 -0.9659
vn 0.2589 -0.0052 -0.9659
vn 0.2589 -0.0052 -0.9659
vn 0.2593 -0.0053 -0.9658
vn 0.2593 -0.0053 -0.9658
vn 0.2593 -0.0053 -0.9658
vn 0.708 -0.0052 -0.7062
vn 0.708 -0.0052 -0.7062
vn 0.708 -0.0052 -0.7062
vn 0.7079 -0.0052 -0.7063
vn 0.7079 -0.0052 -0.7063
vn 0.7079 -0.0052 -0.7063
vn 0.0169 -0.9997 -0.0168
vn 0.0169 -0.9997 -0.0168
vn 0.0169 -0.9997 -0.0168
vn -0.0215 0.9995 0.0214
vn -0.0215 0.9995 0.0214
vn -0.0215 0.9995 0.0214
vn -0.0215 0.9995 0.0214
vn -0.0215 0.9995 0.0214
vn -0.0215 0.9995 0.0214
vn -0.0294 0.9995 0.0078
vn -0.0294 0.9995 0.0078
vn -0.0294 0.9995 0.0078
vn -0.0293 0.9995 0.0078
vn -0.0293 0.9995 0.0078
vn -0.0293 0.9995 0.0078
vn -0.0293 0.9995 -0.0078
vn -0.0293 0.9995 -0.0078
vn -0.0293 0.9995 -0.0078
vn -0.0294 0.9995 -0.0079
vn -0.0294 0.9995 -0.0079
vn -0.0294 0.9995 -0.0079
vn -0.0215 0.9995 -0.0214
vn -0.0215 0.9995 -0.0214
vn -0.0215 0.9995 -0.0214
vn -0.0215 0.9995 -0.0214
vn -0.0215 0.9995 -0.0214
vn -0.0215 0.9995 -0.0214
vn -0.0079 0.9995 -0.0292
vn -0.0079 0.9995 -0.0292
vn -0.0079 0.9995 -0.0292
vn -0.0079 0.9995 -0.0293
vn -0.0079 0.9995 -0.0293
vn -0.0079 0.9995 -0.0293
vn 0.0079 0.9995 -0.0293
vn 0.0079 0.9995 -0.0293
vn 0.0079 0.9995 -0.0293
vn 0.0078 0.9995 -0.0292
vn 0.0078 0.9995 -0.0292
vn 0.0078 0.9995 -0.0292
vn 0.0215 0.9995 -0.0214
vn 0.0215 0.9995 -0.0214
vn 0.0215 0.9995 -0.0214
vn 0.0214 0.9995 -0.0214
vn 0.0214 0.9995 -0.0214
vn 0.0214 0.9995 -0.0214
vn 0.0293 0.9995 -0.0078
vn 0.0293 0.9995 -0.0078
vn 0.0293 0.9995 -0.0078
vn 0.0293 0.9995 -0.0078
vn 0.0293 0.9995 -0.0078
vn 0.0293 0.9995 -0.0078
vn 0.0293 0.9995 0.0078
vn 0.0293 0.9995 0.0078
vn 0.0293 0.9995 0.0078
vn 0.0293 0.9995 0.0078
vn 0.0293 0.9995 0.0078
vn 0.0293 0.9995 0.0078
vn 0.0215 0.9995 0.0214
vn 0.0215 0.9995 0.0214
vn 0.0215 0.9995 0.0214
vn 0.0215 0.9995 0.0214
vn 0.0215 0.9995 0.0214
vn 0.0215 0.9995 0.0214
vn 0.0079 0.9995 0.0292
vn 0.0079 0.9995 0.0292
vn 0.0079 0.9995 0.0292
vn 0.0079 0.9995 0.0293
vn 0.0079 0.9995 0.0293
vn 0.0079 0.9995 0.0293
vn -0.0079 0.9995 0.0293
vn -0.0079 0.9995 0.0293
vn -0.0079 0.9995 0.0293
vn -0.0078 0.9995 0.0292
vn -0.0078 0.9995 0.0292
vn -0.0078 0.9995 0.0292
vn 0.699 0.1628 -0.6964
vn 0.699 0.1628 -0.6964
vn 0.699 0.1628 -0.6964
vn 0.6984 0.1632 -0.6969
vn 0.6984 0.1632 -0.6969
vn 0.6984 0.1632 -0.6969
vn 0.9532 0.1628 -0.2546
vn 0.9532 0.1628 -0.2546
vn 0.9532 0.1628 -0.2546
vn 0.9534 0.1625 -0.2542
vn 0.9534 0.1625 -0.2542
vn 0.9534 0.1625 -0.2542
vn 0.9533 0.1626 0.2546
vn 0.9533 0.1626 0.2546
vn 0.9533 0.1626 0.2546
vn 0.9534 0.1628 0.2542
vn 0.9534 0.1628 0.2542
vn 0.9534 0.1628 0.2542
vn 0.6989 0.1632 0.6963
vn 0.6989 0.1632 0.6963
vn 0.6989 0.1632 0.6963
vn 0.6984 0.1628 0.6969
vn 0.6984 0.1628 0.6969
vn 0.6984 0.1628 0.6969
vn 0.2557 0.1631 0.9529
vn 0.2557 0.1631 0.9529
vn 0.2557 0.1631 0.9529
vn 0.2562 0.1634 0.9527
vn 0.2562 0.1634 0.9527
vn 0.2562 0.1634 0.9527
vn -0.2559 0.1633 0.9528
vn -0.2559 0.1633 0.9528
vn -0.2559 0.1633 0.9528
vn -0.2562 0.1631 0.9528
vn -0.2562 0.1631 0.9528
vn -0.2562 0.1631 0.9528
vn -0.699 0.1628 0.6964
vn -0.699 0.1628 0.6964
vn -0.699 0.1628 0.6964
vn -0.6988 0.1629 0.6965
vn -0.6988 0.1629 0.6965
vn -0.6988 0.1629 0.6965
vn -0.9531 0.1628 0.2552
vn -0.9531 0.1628 0.2552
vn -0.9531 0.1628 0.2552
vn -0.9532 0.1626 0.2549
vn -0.9532 0.1626 0.2549
vn -0.9532 0.1626 0.2549
vn -0.9531 0.1626 -0.2552
vn -0.9531 0.1626 -0.2552
vn -0.9531 0.1626 -0.2552
vn -0.9532 0.1628 -0.2549
vn -0.9532 0.1628 -0.2549
vn -0.9532 0.1628 -0.2549
vn -0.699 0.1629 -0.6963
vn -0.699 0.1629 -0.6963
vn -0.699 0.1629 -0.6963
vn -0.6988 0.1628 -0.6965
vn -0.6988 0.1628 -0.6965
vn -0.6988 0.1628 -0.6965
vn -0.2559 0.1631 -0.9528
vn -0.2559 0.1631 -0.9528
vn -0.2559 0.1631 -0.9528
vn -0.2562 0.1633 -0.9527
vn -0.2562 0.1633 -0.9527
vn -0.2562 0.1633 -0.9527
vn 0.2557 0.1634 -0.9529
vn 0.2557 0.1634 -0.9529
vn 0.2557 0.1634 -0.9529
vn 0.2562 0.1631 -0.9528
vn 0.2562 0.1631 -0.9528
vn 0.2562 0.1631 -0.9528
vn 0.0431 -0.986 -0.1609
vn 0.0431 -0.986 -0.1609
vn 0.0431 -0.986 -0.1609
vn 0.0433 -0.986 -0.1611
vn 0.0433 -0.986 -0.1611
vn 0.0433 -0.986 -0.1611
vn 0.1382 -0.8466 -0.5139
vn 0.1382 -0.8466 -0.5139
vn 0.1382 -0.8466 -0.5139
vn 0.1382 -0.8466 -0.5139
vn 0.1382 -0.8466 -0.5139
vn 0.1382 -0.8466 -0.5139
vn 0.2232 -0.5088 -0.8315
vn 0.2232 -0.5088 -0.8315
vn 0.2232 -0.5088 -0.8315
vn 0.2234 -0.51 -0.8306
vn 0.2234 -0.51 -0.8306
vn 0.2234 -0.51 -0.8306
vn 0.2566 -0.1407 -0.9562
vn 0.2566 -0.1407 -0.9562
vn 0.2566 -0.1407 -0.9562
vn 0.2567 -0.1404 -0.9562
vn 0.2567 -0.1404 -0.9562
vn 0.2567 -0.1404 -0.9562
vn 0.1182 -0.986 -0.1178
vn 0.1182 -0.986 -0.1178
vn 0.1182 -0.986 -0.1178
vn 0.1181 -0.986 -0.1178
vn 0.1181 -0.986 -0.1178
vn 0.1181 -0.986 -0.1178
vn 0.3765 -0.8469 -0.3756
vn 0.3765 -0.8469 -0.3756
vn 0.3765 -0.8469 -0.3756
vn 0.3766 -0.8467 -0.3758
vn 0.3766 -0.8467 -0.3758
vn 0.3766 -0.8467 -0.3758
vn 0.6094 -0.5099 -0.6071
vn 0.6094 -0.5099 -0.6071
vn 0.6094 -0.5099 -0.6071
vn 0.6099 -0.5075 -0.6086
vn 0.6099 -0.5075 -0.6086
vn 0.6099 -0.5075 -0.6086
vn 0.7014 -0.1407 -0.6988
vn 0.7014 -0.1407 -0.6988
vn 0.7014 -0.1407 -0.6988
vn 0.7014 -0.1405 -0.6987
vn 0.7014 -0.1405 -0.6987
vn 0.7014 -0.1405 -0.6987
vn 0.161 -0.986 -0.0431
vn 0.161 -0.986 -0.0431
vn 0.161 -0.986 -0.0431
vn 0.1612 -0.986 -0.043
vn 0.1612 -0.986 -0.043
vn 0.1612 -0.986 -0.043
vn 0.514 -0.8468 -0.1372
vn 0.514 -0.8468 -0.1372
vn 0.514 -0.8468 -0.1372
vn 0.5137 -0.847 -0.1369
vn 0.5137 -0.847 -0.1369
vn 0.5137 -0.847 -0.1369
vn 0.8324 -0.5075 -0.2224
vn 0.8324 -0.5075 -0.2224
vn 0.8324 -0.5075 -0.2224
vn 0.8317 -0.509 -0.2218
vn 0.8317 -0.509 -0.2218
vn 0.8317 -0.509 -0.2218
vn 0.9565 -0.1405 -0.2555
vn 0.9565 -0.1405 -0.2555
vn 0.9565 -0.1405 -0.2555
vn 0.9565 -0.1407 -0.2556
vn 0.9565 -0.1407 -0.2556
vn 0.9565 -0.1407 -0.2556
vn 0.1612 -0.986 0.0431
vn 0.1612 -0.986 0.0431
vn 0.1612 -0.986 0.0431
vn 0.1611 -0.986 0.043
vn 0.1611 -0.986 0.043
vn 0.1611 -0.986 0.043
vn 0.5136 -0.847 0.1371
vn 0.5136 -0.847 0.1371
vn 0.5136 -0.847 0.1371
vn 0.514 -0.8468 0.137
vn 0.514 -0.8468 0.137
vn 0.514 -0.8468 0.137
vn 0.8316 -0.5089 0.2222
vn 0.8316 -0.5089 0.2222
vn 0.8316 -0.5089 0.2222
vn 0.8326 -0.5075 0.222
vn 0.8326 -0.5075 0.222
vn 0.8326 -0.5075 0.222
vn 0.9565 -0.1407 0.2555
vn 0.9565 -0.1407 0.2555
vn 0.9565 -0.1407 0.2555
vn 0.9565 -0.1405 0.2556
vn 0.9565 -0.1405 0.2556
vn 0.9565 -0.1405 0.2556
vn 0.118 -0.986 0.1178
vn 0.118 -0.986 0.1178
vn 0.118 -0.986 0.1178
vn 0.118 -0.986 0.1177
vn 0.118 -0.986 0.1177
vn 0.118 -0.986 0.1177
vn 0.3767 -0.8467 0.3758
vn 0.3767 -0.8467 0.3758
vn 0.3767 -0.8467 0.3758
vn 0.3765 -0.8468 0.3757
vn 0.3765 -0.8468 0.3757
vn 0.3765 -0.8468 0.3757
vn 0.6104 -0.5076 0.6081
vn 0.6104 -0.5076 0.6081
vn 0.6104 -0.5076 0.6081
vn 0.6089 -0.51 0.6076
vn 0.6089 -0.51 0.6076
vn 0.6089 -0.51 0.6076
vn 0.7014 -0.1406 0.6988
vn 0.7014 -0.1406 0.6988
vn 0.7014 -0.1406 0.6988
vn 0.7014 -0.1407 0.6987
vn 0.7014 -0.1407 0.6987
vn 0.7014 -0.1407 0.6987
vn 0.0433 -0.986 0.1608
vn 0.0433 -0.986 0.1608
vn 0.0433 -0.986 0.1608
vn 0.0433 -0.986 0.1609
vn 0.0433 -0.986 0.1609
vn 0.0433 -0.986 0.1609
vn 0.1382 -0.8466 0.5139
vn 0.1382 -0.8466 0.5139
vn 0.1382 -0.8466 0.5139
vn 0.1382 -0.8466 0.5139
vn 0.1382 -0.8466 0.5139
vn 0.1382 -0.8466 0.5139
vn 0.223 -0.51 0.8308
vn 0.223 -0.51 0.8308
vn 0.223 -0.51 0.8308
vn 0.2236 -0.5087 0.8314
vn 0.2236 -0.5087 0.8314
vn 0.2236 -0.5087 0.8314
vn 0.2566 -0.1404 0.9563
vn 0.2566 -0.1404 0.9563
vn 0.2566 -0.1404 0.9563
vn 0.2567 -0.1407 0.9562
vn 0.2567 -0.1407 0.9562
vn 0.2567 -0.1407 0.9562
vn -0.0434 -0.986 0.1609
vn -0.0434 -0.986 0.1609
vn -0.0434 -0.986 0.1609
vn -0.0433 -0.986 0.1608
vn -0.0433 -0.986 0.1608
vn -0.0433 -0.986 0.1608
vn -0.1383 -0.8466 0.5139
vn -0.1383 -0.8466 0.5139
vn -0.1383 -0.8466 0.5139
vn -0.1383 -0.8466 0.5139
vn -0.1383 -0.8466 0.5139
vn -0.1383 -0.8466 0.5139
vn -0.2234 -0.5088 0.8314
vn -0.2234 -0.5088 0.8314
vn -0.2234 -0.5088 0.8314
vn -0.2235 -0.51 0.8306
vn -0.2235 -0.51 0.8306
vn -0.2235 -0.51 0.8306
vn -0.2568 -0.1407 0.9562
vn -0.2568 -0.1407 0.9562
vn -0.2568 -0.1407 0.9562
vn -0.2569 -0.1404 0.9562
vn -0.2569 -0.1404 0.9562
vn -0.2569 -0.1404 0.9562
vn -0.1179 -0.986 0.1177
vn -0.1179 -0.986 0.1177
vn -0.1179 -0.986 0.1177
vn -0.1181 -0.986 0.1178
vn -0.1181 -0.986 0.1178
vn -0.1181 -0.986 0.1178
vn -0.3765 -0.8469 0.3756
vn -0.3765 -0.8469 0.3756
vn -0.3765 -0.8469 0.3756
vn -0.3766 -0.8467 0.3758
vn -0.3766 -0.8467 0.3758
vn -0.3766 -0.8467 0.3758
vn -0.6094 -0.5099 0.6071
vn -0.6094 -0.5099 0.6071
vn -0.6094 -0.5099 0.6071
vn -0.6099 -0.5075 0.6086
vn -0.6099 -0.5075 0.6086
vn -0.6099 -0.5075 0.6086
vn -0.7014 -0.1407 0.6988
vn -0.7014 -0.1407 0.6988
vn -0.7014 -0.1407 0.6988
vn -0.7014 -0.1405 0.6987
vn -0.7014 -0.1405 0.6987
vn -0.7014 -0.1405 0.6987
vn -0.161 -0.986 0.0431
vn -0.161 -0.986 0.0431
vn -0.161 -0.986 0.0431
vn -0.1609 -0.986 0.0431
vn -0.1609 -0.986 0.0431
vn -0.1609 -0.986 0.0431
vn -0.514 -0.8467 0.1376
vn -0.514 -0.8467 0.1376
vn -0.514 -0.8467 0.1376
vn -0.5135 -0.847 0.1373
vn -0.5135 -0.847 0.1373
vn -0.5135 -0.847 0.1373
vn -0.8324 -0.5075 0.2224
vn -0.8324 -0.5075 0.2224
vn -0.8324 -0.5075 0.2224
vn -0.8327 -0.507 0.2226
vn -0.8327 -0.507 0.2226
vn -0.8327 -0.507 0.2226
vn -0.9561 -0.1425 0.2561
vn -0.9561 -0.1425 0.2561
vn -0.9561 -0.1425 0.2561
vn -0.9565 -0.1407 0.2556
vn -0.9565 -0.1407 0.2556
vn -0.9565 -0.1407 0.2556
vn -0.1609 -0.986 -0.043
vn -0.1609 -0.986 -0.043
vn -0.1609 -0.986 -0.043
vn -0.161 -0.986 -0.0431
vn -0.161 -0.986 -0.0431
vn -0.161 -0.986 -0.0431
vn -0.5134 -0.8471 -0.1375
vn -0.5134 -0.8471 -0.1375
vn -0.5134 -0.8471 -0.1375
vn -0.514 -0.8467 -0.1374
vn -0.514 -0.8467 -0.1374
vn -0.514 -0.8467 -0.1374
vn -0.8327 -0.5071 -0.2225
vn -0.8327 -0.5071 -0.2225
vn -0.8327 -0.5071 -0.2225
vn -0.8324 -0.5075 -0.2226
vn -0.8324 -0.5075 -0.2226
vn -0.8324 -0.5075 -0.2226
vn -0.9564 -0.1407 -0.2561
vn -0.9564 -0.1407 -0.2561
vn -0.9564 -0.1407 -0.2561
vn -0.9563 -0.1425 -0.2555
vn -0.9563 -0.1425 -0.2555
vn -0.9563 -0.1425 -0.2555
vn -0.1181 -0.986 -0.1177
vn -0.1181 -0.986 -0.1177
vn -0.1181 -0.986 -0.1177
vn -0.1181 -0.986 -0.1179
vn -0.1181 -0.986 -0.1179
vn -0.1181 -0.986 -0.1179
vn -0.3767 -0.8467 -0.3758
vn -0.3767 -0.8467 -0.3758
vn -0.3767 -0.8467 -0.3758
vn -0.3765 -0.8468 -0.3757
vn -0.3765 -0.8468 -0.3757
vn -0.3765 -0.8468 -0.3757
vn -0.6104 -0.5076 -0.6081
vn -0.6104 -0.5076 -0.6081
vn -0.6104 -0.5076 -0.6081
vn -0.6089 -0.51 -0.6076
vn -0.6089 -0.51 -0.6076
vn -0.6089 -0.51 -0.6076
vn -0.7014 -0.1406 -0.6988
vn -0.7014 -0.1406 -0.6988
vn -0.7014 -0.1406 -0.6988
vn -0.7014 -0.1407 -0.6987
vn -0.7014 -0.1407 -0.6987
vn -0.7014 -0.1407 -0.6987
vn -0.0433 -0.986 -0.1612
vn -0.0433 -0.986 -0.1612
vn -0.0433 -0.986 -0.1612
vn -0.0433 -0.986 -0.1609
vn -0.0433 -0.986 -0.1609
vn -0.0433 -0.986 -0.1609
vn -0.1383 -0.8466 -0.5139
vn -0.1383 -0.8466 -0.5139
vn -0.1383 -0.8466 -0.5139
vn -0.1383 -0.8466 -0.5139
vn -0.1383 -0.8466 -0.5139
vn -0.1383 -0.8466 -0.5139
vn -0.2232 -0.51 -0.8307
vn -0.2232 -0.51 -0.8307
vn -0.2232 -0.51 -0.8307
vn -0.2238 -0.5087 -0.8313
vn -0.2238 -0.5087 -0.8313
vn -0.2238 -0.5087 -0.8313
vn -0.2568 -0.1404 -0.9562
vn -0.2568 -0.1404 -0.9562
vn -0.2568 -0.1404 -0.9562
vn -0.2569 -0.1407 -0.9562
vn -0.2569 -0.1407 -0.9562
vn -0.2569 -0.1407 -0.9562
vn -0.259 0.0 0.9659
vn -0.259 0.0 0.9659
vn -0.259 0.0 0.9659
vn -0.259 0.0 0.9659
vn -0.259 0.0 0.9659
vn -0.259 0.0 0.9659
vn 0.2592 0.0 0.9658
vn 0.2592 0.0 0.9658
vn 0.2592 0.0 0.9658
vn 0.2592 0.0 0.9658
vn 0.2592 0.0 0.9658
vn 0.2592 0.0 0.9658
vn 0.7082 0.0 0.706
vn 0.7082 0.0 0.706
vn 0.7082 0.0 0.706
vn 0.7082 0.0 0.706
vn 0.7082 0.0 0.706
vn 0.7082 0.0 0.706
vn 0.966 0.0 0.2584
vn 0.966 0.0 0.2584
vn 0.966 0.0 0.2584
vn 0.966 0.0 0.2584
vn 0.966 0.0 0.2584
vn 0.966 0.0 0.2584
vn 0.966 0.0 -0.2584
vn 0.966 0.0 -0.2584
vn 0.966 0.0 -0.2584
vn 0.966 0.0 -0.2584
vn 0.966 0.0 -0.2584
vn 0.966 0.0 -0.2584
vn 0.7076 0.0 -0.7066
vn 0.7076 0.0 -0.7066
vn 0.7076 0.0 -0.7066
vn 0.7076 0.0 -0.7066
vn 0.7076 0.0 -0.7066
vn 0.7076 0.0 -0.7066
vn 0.2602 0.0 -0.9655
vn 0.2602 0.0 -0.9655
vn 0.2602 0.0 -0.9655
vn 0.2602 0.0 -0.9655
vn 0.2602 0.0 -0.9655
vn 0.2602 0.0 -0.9655
vn -0.26 0.0 -0.9656
vn -0.26 0.0 -0.9656
vn -0.26 0.0 -0.9656
vn -0.26 0.0 -0.9656
vn -0.26 0.0 -0.9656
vn -0.26 0.0 -0.9656
vn -0.7076 0.0 -0.7066
vn -0.7076 0.0 -0.7066
vn -0.7076 0.0 -0.7066
vn -0.7076 0.0 -0.7066
vn -0.7076 0.0 -0.7066
vn -0.7076 0.0 -0.7066
vn -0.966 0.0 -0.2584
vn -0.966 0.0 -0.2584
vn -0.966 0.0 -0.2584
vn -0.966 0.0 -0.2584
vn -0.966 0.0 -0.2584
vn -0.966 0.0 -0.2584
vn -0.966 0.0 0.2584
vn -0.966 0.0 0.2584
vn -0.966 0.0 0.2584
vn -0.966 0.0 0.2584
vn -0.966 0.0 0.2584
vn -0.966 0.0 0.2584
vn -0.7082 0.0 0.706
vn -0.7082 0.0 0.706
vn -0.7082 0.0 0.706
vn -0.7082 0.0 0.706
vn -0.7082 0.0 0.706
vn -0.7082 0.0 0.706
vn -1.0 0.0 0.0
vn -1.0 0.0 0.0
vn -1.0 0.0 0.0
vn 0.0 -0.9659 -0.259
vn 0.0 -0.9659 -0.259
vn 0.0 -0.9659 -0.259
vn 0.0 -0.9659 -0.259
vn 0.0 -0.9659 -0.259
vn 0.0 -0.9659 -0.259
vn -1.0 0.0 0.0
vn -1.0 0.0 0.0
vn -1.0 0.0 0.0
vn 0.0 -0.7071 -0.7071
vn 0.0 -0.7071 -0.7071
vn 0.0 -0.7071 -0.7071
vn 0.0 -0.7071 -0.7071
vn 0.0 -0.7071 -0.7071
vn 0.0 -0.7071 -0.7071
vn -1.0 0.0 0.0
vn -1.0 0.0 0.0
vn -1.0 0.0 0.0
vn 0.0 -0.2587 -0.966
vn 0.0 -0.2587 -0.966
vn 0.0 -0.2587 -0.966
vn 0.0 -0.2587 -0.966
vn 0.0 -0.2587 -0.966
vn 0.0 -0.2587 -0.966
vn -1.0 0.0 0.0
vn -1.0 0.0 0.0
vn -1.0 0.0 0.0
vn 0.0 0.2587 -0.966
vn 0.0 0.2587 -0.966
vn 0.0 0.2587 -0.966
vn 0.0 0.2587 -0.966
vn 0.0 0.2587 -0.966
vn 0.0 0.2587 -0.966
vn -1.0 0.0 0.0
vn -1.0 0.0 0.0
vn -1.0 0.0 0.0
vn 0.0 0.7071 -0.7071
vn 0.0 0.7071 -0.7071
vn 0.0 0.7071 -0.7071
vn 0.0 0.7071 -0.7071
vn 0.0 0.7071 -0.7071
vn 0.0 0.7071 -0.7071
vn -1.0 0.0 0.0
vn -1.0 0.0 0.0
vn -1.0 0.0 0.0
vn 0.0 0.966 -0.2585
vn 0.0 0.966 -0.2585
vn 0.0 0.966 -0.2585
vn 0.0 0.966 -0.2585
vn 0.0 0.966 -0.2585
vn 0.0 0.966 -0.2585
vn -1.0 0.0 0.0
vn -1.0 0.0 0.0
vn -1.0 0.0 0.0
vn 0.0 0.966 0.2587
vn 0.0 0.966 0.2587
vn 0.0 0.966 0.2587
vn 0.0 0.966 0.2587
vn 0.0 0.966 0.2587
vn 0.0 0.966 0.2587
vn -1.0 0.0 0.0
vn -1.0 0.0 0.0
vn -1.0 0.0 0.0
vn 0.0 0.7071 0.7071
vn 0.0 0.7071 0.7071
vn 0.0 0.7071 0.7071
vn 0.0 0.7071 0.7071
vn 0.0 0.7071 0.7071
vn 0.0 0.7071 0.7071
vn -1.0 0.0 0.0
vn -1.0 0.0 0.0
vn -1.0 0.0 0.0
vn 0.0 0.2587 0.966
vn 0.0 0.2587 0.966
vn 0.0 0.2587 0.966
vn 0.0 0.2587 0.966
vn 0.0 0.2587 0.966
vn 0.0 0.2587 0.966
vn -1.0 0.0 0.0
vn -1.0 0.0 0.0
vn -1.0 0.0 0.0
vn 0.0 -0.2587 0.966
vn 0.0 -0.2587 0.966
vn 0.0 -0.2587 0.966
vn 0.0 -0.2587 0.966
vn 0.0 -0.2587 0.966
vn 0.0 -0.2587 0.966
vn -1.0 0.0 0.0
vn -1.0 0.0 0.0
vn -1.0 0.0 0.0
vn 0.0 -0.7071 0.7071
vn 0.0 -0.7071 0.7071
vn 0.0 -0.7071 0.7071
vn 0.0 -0.7071 0.7071
vn 0.0 -0.7071 0.7071
vn 0.0 -0.7071 0.7071
vn -1.0 0.0 0.0
vn -1.0 0.0 0.0
vn -1.0 0.0 0.0
vn 0.0 -0.9659 0.2591
vn 0.0 -0.9659 0.2591
vn 0.0 -0.9659 0.2591
vn 0.0 -0.9659 0.2591
vn 0.0 -0.9659 0.2591
vn 0.0 -0.9659 0.2591
vn 1.0 0.0 0.0
vn 1.0 0.0 0.0
vn 1.0 0.0 0.0
vn 1.0 0.0 0.0
vn 1.0 0.0 0.0
vn 1.0 0.0 0.0
vn 1.0 0.0 0.0
vn 1.0 0.0 0.0
vn 1.0 0.0 0.0
vn 1.0 0.0 0.0
vn 1.0 0.0 0.0
vn 1.0 0.0 0.0
vn 1.0 0.0 0.0
vn 1.0 0.0 0.0
vn 1.0 0.0 0.0
vn 1.0 0.0 0.0
vn 1.0 0.0 0.0
vn 1.0 0.0 0.0
vn 1.0 0.0 0.0
vn 1.0 0.0 0.0
vn 1.0 0.0 0.0
vn 1.0 0.0 0.0
vn 1.0 0.0 0.0
vn 1.0 0.0 0.0
vn 1.0 0.0 0.0
vn 1.0 0.0 0.0
vn 1.0 0.0 0.0
vn 1.0 0.0 0.0
vn 1.0 0.0 0.0
vn 1.0 0.0 0.0
vn 1.0 0.0 0.0
vn 1.0 0.0 0.0
vn 1.0 0.0 0.0
vn 1.0 0.0 0.0
vn 1.0 0.0 0.0
vn 1.0 0.0 0.0
vn -0.3604 -0.9009 0.2419
vn -0.3604 -0.9009 0.2419
vn -0.3604 -0.9009 0.2419
vn -0.3606 -0.901 0.2412
vn -0.3606 -0.901 0.2412
vn -0.3606 -0.901 0.2412
vn -0.3606 -0.9009 -0.2417
vn -0.3606 -0.9009 -0.2417
vn -0.3606 -0.9009 -0.2417
vn -0.3605 -0.9011 -0.2411
vn -0.3605 -0.9011 -0.2411
vn -0.3605 -0.9011 -0.2411
vn -0.2723 -0.6804 -0.6804
vn -0.2723 -0.6804 -0.6804
vn -0.2723 -0.6804 -0.6804
vn -0.2723 -0.6804 -0.6804
vn -0.2723 -0.6804 -0.6804
vn -0.2723 -0.6804 -0.6804
vn -0.103 -0.2573 -0.9608
vn -0.103 -0.2573 -0.9608
vn -0.103 -0.2573 -0.9608
vn -0.103 -0.2573 -0.9608
vn -0.103 -0.2573 -0.9608
vn -0.103 -0.2573 -0.9608
vn 0.1029 0.2573 -0.9608
vn 0.1029 0.2573 -0.9608
vn 0.1029 0.2573 -0.9608
vn 0.1029 0.2571 -0.9609
vn 0.1029 0.2571 -0.9609
vn 0.1029 0.2571 -0.9609
vn 0.2723 0.6804 -0.6804
vn 0.2723 0.6804 -0.6804
vn 0.2723 0.6804 -0.6804
vn 0.2723 0.6807 -0.68
vn 0.2723 0.6807 -0.68
vn 0.2723 0.6807 -0.68
vn 0.3605 0.9011 -0.2411
vn 0.3605 0.9011 -0.2411
vn 0.3605 0.9011 -0.2411
vn 0.3606 0.9009 -0.2417
vn 0.3606 0.9009 -0.2417
vn 0.3606 0.9009 -0.2417
vn 0.3606 0.901 0.2412
vn 0.3606 0.901 0.2412
vn 0.3606 0.901 0.2412
vn 0.3604 0.9009 0.2419
vn 0.3604 0.9009 0.2419
vn 0.3604 0.9009 0.2419
vn 0.2722 0.6804 0.6804
vn 0.2722 0.6804 0.6804
vn 0.2722 0.6804 0.6804
vn 0.2725 0.6807 0.68
vn 0.2725 0.6807 0.68
vn 0.2725 0.6807 0.68
vn 0.103 0.2573 0.9608
vn 0.103 0.2573 0.9608
vn 0.103 0.2573 0.9608
vn 0.1028 0.2571 0.9609
vn 0.1028 0.2571 0.9609
vn 0.1028 0.2571 0.9609
vn -0.103 -0.2573 0.9608
vn -0.103 -0.2573 0.9608
vn -0.103 -0.2573 0.9608
vn -0.103 -0.2573 0.9608
vn -0.103 -0.2573 0.9608
vn -0.103 -0.2573 0.9608
vn -0.2723 -0.6804 0.6804
vn -0.2723 -0.6804 0.6804
vn -0.2723 -0.6804 0.6804
vn -0.2723 -0.6804 0.6804
vn -0.2723 -0.6804 0.6804
vn -0.2723 -0.6804 0.6804
vn 0.0 -0.9658 0.2593
vn 0.0 -0.9658 0.2593
vn 0.0 -0.9658 0.2593
vn 0.0 -0.9658 0.2593
vn 0.0 -0.9658 0.2593
vn 0.0 -0.9658 0.2593
vn 0.0 -0.9658 -0.2591
vn 0.0 -0.9658 -0.2591
vn 0.0 -0.9658 -0.2591
vn 0.0 -0.9658 -0.2591
vn 0.0 -0.9658 -0.2591
vn 0.0 -0.9658 -0.2591
vn 0.0 -0.7071 -0.7071
vn 0.0 -0.7071 -0.7071
vn 0.0 -0.7071 -0.7071
vn 0.0 -0.7071 -0.7071
vn 0.0 -0.7071 -0.7071
vn 0.0 -0.7071 -0.7071
vn 0.0 -0.2586 -0.966
vn 0.0 -0.2586 -0.966
vn 0.0 -0.2586 -0.966
vn 0.0 -0.2586 -0.966
vn 0.0 -0.2586 -0.966
vn 0.0 -0.2586 -0.966
vn 0.0 0.2586 -0.966
vn 0.0 0.2586 -0.966
vn 0.0 0.2586 -0.966
vn 0.0 0.2586 -0.966
vn 0.0 0.2586 -0.966
vn 0.0 0.2586 -0.966
vn 0.0 0.7071 -0.7071
vn 0.0 0.7071 -0.7071
vn 0.0 0.7071 -0.7071
vn 0.0 0.7071 -0.7071
vn 0.0 0.7071 -0.7071
vn 0.0 0.7071 -0.7071
vn 0.0 0.966 -0.2585
vn 0.0 0.966 -0.2585
vn 0.0 0.966 -0.2585
vn 0.0 0.966 -0.2585
vn 0.0 0.966 -0.2585
vn 0.0 0.966 -0.2585
vn 0.0 0.966 0.2586
vn 0.0 0.966 0.2586
vn 0.0 0.966 0.2586
vn 0.0 0.966 0.2586
vn 0.0 0.966 0.2586
vn 0.0 0.966 0.2586
vn 0.0 0.7071 0.7071
vn 0.0 0.7071 0.7071
vn 0.0 0.7071 0.7071
vn 0.0 0.7071 0.7071
vn 0.0 0.7071 0.7071
vn 0.0 0.7071 0.7071
vn 0.0 0.2586 0.966
vn 0.0 0.2586 0.966
vn 0.0 0.2586 0.966
vn 0.0 0.2586 0.966
vn 0.0 0.2586 0.966
vn 0.0 0.2586 0.966
vn 0.0 -0.2586 0.966
vn 0.0 -0.2586 0.966
vn 0.0 -0.2586 0.966
vn 0.0 -0.2586 0.966
vn 0.0 -0.2586 0.966
vn 0.0 -0.2586 0.966
vn 0.0 -0.7071 0.7071
vn 0.0 -0.7071 0.7071
vn 0.0 -0.7071 0.7071
vn 0.0 -0.7071 0.7071
vn 0.0 -0.7071 0.7071
vn 0.0 -0.7071 0.7071
vn -0.9915 -0.0336 -0.1255
vn -0.9915 -0.0336 -0.1255
vn -0.9915 -0.0336 -0.1255
vn -0.9915 -0.0336 -0.1255
vn -0.9915 -0.0336 -0.1255
vn -0.9915 -0.0336 -0.1255
vn -0.8849 -0.1205 -0.4499
vn -0.8849 -0.1205 -0.4499
vn -0.8849 -0.1205 -0.4499
vn -0.8845 -0.1209 -0.4505
vn -0.8845 -0.1209 -0.4505
vn -0.8845 -0.1209 -0.4505
vn -0.6005 -0.2073 -0.7723
vn -0.6005 -0.2073 -0.7723
vn -0.6005 -0.2073 -0.7723
vn -0.6012 -0.2068 -0.7719
vn -0.6012 -0.2068 -0.7719
vn -0.6012 -0.2068 -0.7719
vn -0.248 -0.2507 -0.9357
vn -0.248 -0.2507 -0.9357
vn -0.248 -0.2507 -0.9357
vn -0.2484 -0.2505 -0.9357
vn -0.2484 -0.2505 -0.9357
vn -0.2484 -0.2505 -0.9357
vn -0.9919 -0.0898 -0.0898
vn -0.9919 -0.0898 -0.0898
vn -0.9919 -0.0898 -0.0898
vn -0.9919 -0.0898 -0.0898
vn -0.9919 -0.0898 -0.0898
vn -0.9919 -0.0898 -0.0898
vn -0.9012 -0.3065 -0.3065
vn -0.9012 -0.3065 -0.3065
vn -0.9012 -0.3065 -0.3065
vn -0.9012 -0.3065 -0.3065
vn -0.9012 -0.3065 -0.3065
vn -0.9012 -0.3065 -0.3065
vn -0.6809 -0.5179 -0.5179
vn -0.6809 -0.5179 -0.5179
vn -0.6809 -0.5179 -0.5179
vn -0.6816 -0.5171 -0.5176
vn -0.6816 -0.5171 -0.5176
vn -0.6816 -0.5171 -0.5176
vn -0.3998 -0.6478 -0.6485
vn -0.3998 -0.6478 -0.6485
vn -0.3998 -0.6478 -0.6485
vn -0.3988 -0.6484 -0.6484
vn -0.3988 -0.6484 -0.6484
vn -0.3988 -0.6484 -0.6484
vn -0.9921 -0.1211 -0.0324
vn -0.9921 -0.1211 -0.0324
vn -0.9921 -0.1211 -0.0324
vn -0.9921 -0.1211 -0.0324
vn -0.9921 -0.1211 -0.0324
vn -0.9921 -0.1211 -0.0324
vn -0.9091 -0.4024 -0.1078
vn -0.9091 -0.4024 -0.1078
vn -0.9091 -0.4024 -0.1078
vn -0.909 -0.4025 -0.1077
vn -0.909 -0.4025 -0.1077
vn -0.909 -0.4025 -0.1077
vn -0.7186 -0.6718 -0.1798
vn -0.7186 -0.6718 -0.1798
vn -0.7186 -0.6718 -0.1798
vn -0.7187 -0.6717 -0.1798
vn -0.7187 -0.6717 -0.1798
vn -0.7187 -0.6717 -0.1798
vn -0.4755 -0.8498 -0.2275
vn -0.4755 -0.8498 -0.2275
vn -0.4755 -0.8498 -0.2275
vn -0.4751 -0.85 -0.2274
vn -0.4751 -0.85 -0.2274
vn -0.4751 -0.85 -0.2274
vn -0.9921 -0.1211 0.0324
vn -0.9921 -0.1211 0.0324
vn -0.9921 -0.1211 0.0324
vn -0.9921 -0.1211 0.0324
vn -0.9921 -0.1211 0.0324
vn -0.9921 -0.1211 0.0324
vn -0.9091 -0.4024 0.1078
vn -0.9091 -0.4024 0.1078
vn -0.9091 -0.4024 0.1078
vn -0.909 -0.4025 0.1078
vn -0.909 -0.4025 0.1078
vn -0.909 -0.4025 0.1078
vn -0.7186 -0.6718 0.1799
vn -0.7186 -0.6718 0.1799
vn -0.7186 -0.6718 0.1799
vn -0.7187 -0.6716 0.18
vn -0.7187 -0.6716 0.18
vn -0.7187 -0.6716 0.18
vn -0.4755 -0.8498 0.2275
vn -0.4755 -0.8498 0.2275
vn -0.4755 -0.8498 0.2275
vn -0.4751 -0.85 0.2278
vn -0.4751 -0.85 0.2278
vn -0.4751 -0.85 0.2278
vn -0.9919 -0.0898 0.0898
vn -0.9919 -0.0898 0.0898
vn -0.9919 -0.0898 0.0898
vn -0.9919 -0.0898 0.0898
vn -0.9919 -0.0898 0.0898
vn -0.9919 -0.0898 0.0898
vn -0.9012 -0.3065 0.3065
vn -0.9012 -0.3065 0.3065
vn -0.9012 -0.3065 0.3065
vn -0.9009 -0.3071 0.3068
vn -0.9009 -0.3071 0.3068
vn -0.9009 -0.3071 0.3068
vn -0.681 -0.5181 0.5176
vn -0.681 -0.5181 0.5176
vn -0.681 -0.5181 0.5176
vn -0.6824 -0.5166 0.5171
vn -0.6824 -0.5166 0.5171
vn -0.6824 -0.5166 0.5171
vn -0.3988 -0.6484 0.6484
vn -0.3988 -0.6484 0.6484
vn -0.3988 -0.6484 0.6484
vn -0.3998 -0.6478 0.6485
vn -0.3998 -0.6478 0.6485
vn -0.3998 -0.6478 0.6485
vn -0.9915 -0.0336 0.1255
vn -0.9915 -0.0336 0.1255
vn -0.9915 -0.0336 0.1255
vn -0.9915 -0.0336 0.1255
vn -0.9915 -0.0336 0.1255
vn -0.9915 -0.0336 0.1255
vn -0.8845 -0.1207 0.4507
vn -0.8845 -0.1207 0.4507
vn -0.8845 -0.1207 0.4507
vn -0.8845 -0.1206 0.4506
vn -0.8845 -0.1206 0.4506
vn -0.8845 -0.1206 0.4506
vn -0.6017 -0.2065 0.7716
vn -0.6017 -0.2065 0.7716
vn -0.6017 -0.2065 0.7716
vn -0.6012 -0.2068 0.7719
vn -0.6012 -0.2068 0.7719
vn -0.6012 -0.2068 0.7719
vn -0.2484 -0.2505 0.9357
vn -0.2484 -0.2505 0.9357
vn -0.2484 -0.2505 0.9357
vn -0.248 -0.2507 0.9357
vn -0.248 -0.2507 0.9357
vn -0.248 -0.2507 0.9357
vn -0.991 0.0345 0.129
vn -0.991 0.0345 0.129
vn -0.991 0.0345 0.129
vn -0.9911 0.0345 0.1289
vn -0.9911 0.0345 0.1289
vn -0.9911 0.0345 0.1289
vn -0.8606 0.1318 0.4919
vn -0.8606 0.1318 0.4919
vn -0.8606 0.1318 0.4919
vn -0.8604 0.1318 0.4923
vn -0.8604 0.1318 0.4923
vn -0.8604 0.1318 0.4923
vn -0.4784 0.2271 0.8483
vn -0.4784 0.2271 0.8483
vn -0.4784 0.2271 0.8483
vn -0.4791 0.2272 0.8479
vn -0.4791 0.2272 0.8479
vn -0.4791 0.2272 0.8479
vn -0.0491 0.2581 0.9649
vn -0.0491 0.2581 0.9649
vn -0.0491 0.2581 0.9649
vn -0.05 0.2585 0.9647
vn -0.05 0.2585 0.9647
vn -0.05 0.2585 0.9647
vn -0.9906 0.0967 0.0966
vn -0.9906 0.0967 0.0966
vn -0.9906 0.0967 0.0966
vn -0.9906 0.0968 0.0968
vn -0.9906 0.0968 0.0968
vn -0.9906 0.0968 0.0968
vn -0.8336 0.3906 0.3906
vn -0.8336 0.3906 0.3906
vn -0.8336 0.3906 0.3906
vn -0.8342 0.3902 0.3898
vn -0.8342 0.3902 0.3898
vn -0.8342 0.3902 0.3898
vn -0.3438 0.6643 0.6637
vn -0.3438 0.6643 0.6637
vn -0.3438 0.6643 0.6637
vn -0.3424 0.6644 0.6644
vn -0.3424 0.6644 0.6644
vn -0.3424 0.6644 0.6644
vn 0.1294 0.7012 0.7012
vn 0.1294 0.7012 0.7012
vn 0.1294 0.7012 0.7012
vn 0.1281 0.7016 0.7009
vn 0.1281 0.7016 0.7009
vn 0.1281 0.7016 0.7009
vn -0.9903 0.134 0.036
vn -0.9903 0.134 0.036
vn -0.9903 0.134 0.036
vn -0.9904 0.1338 0.0358
vn -0.9904 0.1338 0.0358
vn -0.9904 0.1338 0.0358
vn -0.8153 0.5593 0.1499
vn -0.8153 0.5593 0.1499
vn -0.8153 0.5593 0.1499
vn -0.8154 0.5592 0.1498
vn -0.8154 0.5592 0.1498
vn -0.8154 0.5592 0.1498
vn -0.2529 0.9346 0.2503
vn -0.2529 0.9346 0.2503
vn -0.2529 0.9346 0.2503
vn -0.2525 0.9346 0.2504
vn -0.2525 0.9346 0.2504
vn -0.2525 0.9346 0.2504
vn 0.2264 0.9408 0.2521
vn 0.2264 0.9408 0.2521
vn 0.2264 0.9408 0.2521
vn 0.2276 0.9404 0.2525
vn 0.2276 0.9404 0.2525
vn 0.2276 0.9404 0.2525
vn -0.9903 0.134 -0.036
vn -0.9903 0.134 -0.036
vn -0.9903 0.134 -0.036
vn -0.9904 0.1338 -0.0358
vn -0.9904 0.1338 -0.0358
vn -0.9904 0.1338 -0.0358
vn -0.8153 0.5594 -0.1498
vn -0.8153 0.5594 -0.1498
vn -0.8153 0.5594 -0.1498
vn -0.8154 0.5592 -0.1497
vn -0.8154 0.5592 -0.1497
vn -0.8154 0.5592 -0.1497
vn -0.2528 0.9346 -0.2502
vn -0.2528 0.9346 -0.2502
vn -0.2528 0.9346 -0.2502
vn -0.2525 0.9347 -0.2503
vn -0.2525 0.9347 -0.2503
vn -0.2525 0.9347 -0.2503
vn 0.2264 0.9409 -0.2519
vn 0.2264 0.9409 -0.2519
vn 0.2264 0.9409 -0.2519
vn 0.2276 0.9405 -0.2523
vn 0.2276 0.9405 -0.2523
vn 0.2276 0.9405 -0.2523
vn -0.9906 0.0967 -0.0966
vn -0.9906 0.0967 -0.0966
vn -0.9906 0.0967 -0.0966
vn -0.9906 0.0968 -0.0968
vn -0.9906 0.0968 -0.0968
vn -0.9906 0.0968 -0.0968
vn -0.8342 0.39 -0.39
vn -0.8342 0.39 -0.39
vn -0.8342 0.39 -0.39
vn -0.8341 0.39 -0.39
vn -0.8341 0.39 -0.39
vn -0.8341 0.39 -0.39
vn -0.3424 0.6644 -0.6644
vn -0.3424 0.6644 -0.6644
vn -0.3424 0.6644 -0.6644
vn -0.3424 0.6644 -0.6644
vn -0.3424 0.6644 -0.6644
vn -0.3424 0.6644 -0.6644
vn 0.1294 0.7012 -0.7012
vn 0.1294 0.7012 -0.7012
vn 0.1294 0.7012 -0.7012
vn 0.1281 0.7016 -0.7009
vn 0.1281 0.7016 -0.7009
vn 0.1281 0.7016 -0.7009
vn -0.991 0.0345 -0.129
vn -0.991 0.0345 -0.129
vn -0.991 0.0345 -0.129
vn -0.9911 0.0345 -0.1289
vn -0.9911 0.0345 -0.1289
vn -0.9911 0.0345 -0.1289
vn -0.8606 0.1318 -0.4919
vn -0.8606 0.1318 -0.4919
vn -0.8606 0.1318 -0.4919
vn -0.861 0.1318 -0.4912
vn -0.861 0.1318 -0.4912
vn -0.861 0.1318 -0.4912
vn -0.4781 0.2276 -0.8483
vn -0.4781 0.2276 -0.8483
vn -0.4781 0.2276 -0.8483
vn -0.4772 0.2275 -0.8488
vn -0.4772 0.2275 -0.8488
vn -0.4772 0.2275 -0.8488
vn -0.05 0.2585 -0.9647
vn -0.05 0.2585 -0.9647
vn -0.05 0.2585 -0.9647
vn -0.0491 0.2581 -0.9649
vn -0.0491 0.2581 -0.9649
vn -0.0491 0.2581 -0.9649
vn -1.0 0.0 0.0
vn -1.0 0.0 0.0
vn -1.0 0.0 0.0
vn -1.0 0.0 0.0
vn -1.0 0.0 0.0
vn -1.0 0.0 0.0
vn -1.0 0.0 0.0
vn -1.0 0.0 0.0
vn -1.0 0.0 0.0
vn -1.0 0.0 0.0
vn -1.0 0.0 0.0
vn -1.0 0.0 0.0
vn -1.0 0.0 0.0
vn -1.0 0.0 0.0
vn -1.0 0.0 0.0
vn -1.0 0.0 0.0
vn -1.0 0.0 0.0
vn -1.0 0.0 0.0
vn -1.0 0.0 0.0
vn -1.0 0.0 0.0
vn -1.0 0.0 0.0
vn -1.0 0.0 0.0
vn -1.0 0.0 0.0
vn -1.0 0.0 0.0
vn -1.0 0.0 0.0
vn -1.0 0.0 0.0
vn -1.0 0.0 0.0
vn -1.0 0.0 0.0
vn -1.0 0.0 0.0
vn -1.0 0.0 0.0
vn -0.1957 0.6934 -0.6934
vn -0.1957 0.6934 -0.6934
vn -0.1957 0.6934 -0.6934
vn -0.1957 0.6934 -0.6934
vn -0.1957 0.6934 -0.6934
vn -0.1957 0.6934 -0.6934
vn -0.7079 0.4994 -0.4994
vn -0.7079 0.4994 -0.4994
vn -0.7079 0.4994 -0.4994
vn -0.7079 0.4994 -0.4994
vn -0.7079 0.4994 -0.4994
vn -0.7079 0.4994 -0.4994
vn -0.9806 0.1386 -0.1386
vn -0.9806 0.1386 -0.1386
vn -0.9806 0.1386 -0.1386
vn -0.9806 0.1386 -0.1386
vn -0.9806 0.1386 -0.1386
vn -0.9806 0.1386 -0.1386
vn -0.1965 0.9472 -0.2534
vn -0.1965 0.9472 -0.2534
vn -0.1965 0.9472 -0.2534
vn -0.196 0.9473 -0.2532
vn -0.196 0.9473 -0.2532
vn -0.196 0.9473 -0.2532
vn -0.7076 0.6826 -0.1829
vn -0.7076 0.6826 -0.1829
vn -0.7076 0.6826 -0.1829
vn -0.7068 0.6834 -0.1827
vn -0.7068 0.6834 -0.1827
vn -0.7068 0.6834 -0.1827
vn -0.9806 0.1893 -0.0508
vn -0.9806 0.1893 -0.0508
vn -0.9806 0.1893 -0.0508
vn -0.9806 0.1894 -0.0507
vn -0.9806 0.1894 -0.0507
vn -0.9806 0.1894 -0.0507
vn -0.196 0.9472 0.2536
vn -0.196 0.9472 0.2536
vn -0.196 0.9472 0.2536
vn -0.1965 0.9472 0.2534
vn -0.1965 0.9472 0.2534
vn -0.1965 0.9472 0.2534
vn -0.7067 0.6833 0.1832
vn -0.7067 0.6833 0.1832
vn -0.7067 0.6833 0.1832
vn -0.7075 0.6827 0.1826
vn -0.7075 0.6827 0.1826
vn -0.7075 0.6827 0.1826
vn -0.9806 0.1894 0.0509
vn -0.9806 0.1894 0.0509
vn -0.9806 0.1894 0.0509
vn -0.9806 0.1893 0.0508
vn -0.9806 0.1893 0.0508
vn -0.9806 0.1893 0.0508
vn -0.1957 0.6934 0.6934
vn -0.1957 0.6934 0.6934
vn -0.1957 0.6934 0.6934
vn -0.1957 0.6934 0.6934
vn -0.1957 0.6934 0.6934
vn -0.1957 0.6934 0.6934
vn -0.7079 0.4994 0.4994
vn -0.7079 0.4994 0.4994
vn -0.7079 0.4994 0.4994
vn -0.7079 0.4994 0.4994
vn -0.7079 0.4994 0.4994
vn -0.7079 0.4994 0.4994
vn -0.9806 0.1386 0.1386
vn -0.9806 0.1386 0.1386
vn -0.9806 0.1386 0.1386
vn -0.9806 0.1386 0.1386
vn -0.9806 0.1386 0.1386
vn -0.9806 0.1386 0.1386
vn -0.1965 0.2536 0.9471
vn -0.1965 0.2536 0.9471
vn -0.1965 0.2536 0.9471
vn -0.196 0.2534 0.9473
vn -0.196 0.2534 0.9473
vn -0.196 0.2534 0.9473
vn -0.7076 0.183 0.6825
vn -0.7076 0.183 0.6825
vn -0.7076 0.183 0.6825
vn -0.7068 0.1828 0.6834
vn -0.7068 0.1828 0.6834
vn -0.7068 0.1828 0.6834
vn -0.9806 0.0508 0.1893
vn -0.9806 0.0508 0.1893
vn -0.9806 0.0508 0.1893
vn -0.9806 0.0508 0.1894
vn -0.9806 0.0508 0.1894
vn -0.9806 0.0508 0.1894
vn -0.196 -0.2536 0.9472
vn -0.196 -0.2536 0.9472
vn -0.196 -0.2536 0.9472
vn -0.1965 -0.2534 0.9472
vn -0.1965 -0.2534 0.9472
vn -0.1965 -0.2534 0.9472
vn -0.7067 -0.1832 0.6833
vn -0.7067 -0.1832 0.6833
vn -0.7067 -0.1832 0.6833
vn -0.7075 -0.1826 0.6827
vn -0.7075 -0.1826 0.6827
vn -0.7075 -0.1826 0.6827
vn -0.9806 -0.0509 0.1894
vn -0.9806 -0.0509 0.1894
vn -0.9806 -0.0509 0.1894
vn -0.9806 -0.0508 0.1893
vn -0.9806 -0.0508 0.1893
vn -0.9806 -0.0508 0.1893
vn -0.1957 -0.6934 0.6934
vn -0.1957 -0.6934 0.6934
vn -0.1957 -0.6934 0.6934
vn -0.1957 -0.6934 0.6934
vn -0.1957 -0.6934 0.6934
vn -0.1957 -0.6934 0.6934
vn -0.7079 -0.4994 0.4994
vn -0.7079 -0.4994 0.4994
vn -0.7079 -0.4994 0.4994
vn -0.7079 -0.4994 0.4994
vn -0.7079 -0.4994 0.4994
vn -0.7079 -0.4994 0.4994
vn -0.9806 -0.1385 0.1387
vn -0.9806 -0.1385 0.1387
vn -0.9806 -0.1385 0.1387
vn -0.9806 -0.1388 0.1388
vn -0.9806 -0.1388 0.1388
vn -0.9806 -0.1388 0.1388
vn -0.1965 -0.947 0.2543
vn -0.1965 -0.947 0.2543
vn -0.1965 -0.947 0.2543
vn -0.1961 -0.9471 0.2541
vn -0.1961 -0.9471 0.2541
vn -0.1961 -0.9471 0.2541
vn -0.7077 -0.6823 0.1836
vn -0.7077 -0.6823 0.1836
vn -0.7077 -0.6823 0.1836
vn -0.7067 -0.6833 0.1834
vn -0.7067 -0.6833 0.1834
vn -0.7067 -0.6833 0.1834
vn -0.9805 -0.1896 0.0509
vn -0.9805 -0.1896 0.0509
vn -0.9805 -0.1896 0.0509
vn -0.9806 -0.1894 0.051
vn -0.9806 -0.1894 0.051
vn -0.9806 -0.1894 0.051
vn -0.1961 -0.9471 -0.2541
vn -0.1961 -0.9471 -0.2541
vn -0.1961 -0.9471 -0.2541
vn -0.1965 -0.9471 -0.2539
vn -0.1965 -0.9471 -0.2539
vn -0.1965 -0.9471 -0.2539
vn -0.7067 -0.6833 -0.1837
vn -0.7067 -0.6833 -0.1837
vn -0.7067 -0.6833 -0.1837
vn -0.7076 -0.6825 -0.183
vn -0.7076 -0.6825 -0.183
vn -0.7076 -0.6825 -0.183
vn -0.9806 -0.1894 -0.051
vn -0.9806 -0.1894 -0.051
vn -0.9806 -0.1894 -0.051
vn -0.9806 -0.1892 -0.0509
vn -0.9806 -0.1892 -0.0509
vn -0.9806 -0.1892 -0.0509
vn -0.1957 -0.6934 -0.6934
vn -0.1957 -0.6934 -0.6934
vn -0.1957 -0.6934 -0.6934
vn -0.1957 -0.6934 -0.6934
vn -0.1957 -0.6934 -0.6934
vn -0.1957 -0.6934 -0.6934
vn -0.7079 -0.4994 -0.4994
vn -0.7079 -0.4994 -0.4994
vn -0.7079 -0.4994 -0.4994
vn -0.7079 -0.4994 -0.4994
vn -0.7079 -0.4994 -0.4994
vn -0.7079 -0.4994 -0.4994
vn -0.9806 -0.1386 -0.1386
vn -0.9806 -0.1386 -0.1386
vn -0.9806 -0.1386 -0.1386
vn -0.9806 -0.1386 -0.1386
vn -0.9806 -0.1386 -0.1386
vn -0.9806 -0.1386 -0.1386
vn -0.1965 -0.2536 -0.9471
vn -0.1965 -0.2536 -0.9471
vn -0.1965 -0.2536 -0.9471
vn -0.196 -0.2534 -0.9473
vn -0.196 -0.2534 -0.9473
vn -0.196 -0.2534 -0.9473
vn -0.7076 -0.183 -0.6825
vn -0.7076 -0.183 -0.6825
vn -0.7076 -0.183 -0.6825
vn -0.7068 -0.1828 -0.6834
vn -0.7068 -0.1828 -0.6834
vn -0.7068 -0.1828 -0.6834
vn -0.9806 -0.0508 -0.1893
vn -0.9806 -0.0508 -0.1893
vn -0.9806 -0.0508 -0.1893
vn -0.9806 -0.0508 -0.1894
vn -0.9806 -0.0508 -0.1894
vn -0.9806 -0.0508 -0.1894
vn -0.196 0.2536 -0.9472
vn -0.196 0.2536 -0.9472
vn -0.196 0.2536 -0.9472
vn -0.1965 0.2534 -0.9472
vn -0.1965 0.2534 -0.9472
vn -0.1965 0.2534 -0.9472
vn -0.7067 0.1832 -0.6833
vn -0.7067 0.1832 -0.6833
vn -0.7067 0.1832 -0.6833
vn -0.7075 0.1826 -0.6827
vn -0.7075 0.1826 -0.6827
vn -0.7075 0.1826 -0.6827
vn -0.9806 0.0509 -0.1894
vn -0.9806 0.0509 -0.1894
vn -0.9806 0.0509 -0.1894
vn -0.9806 0.0508 -0.1893
vn -0.9806 0.0508 -0.1893
vn -0.9806 0.0508 -0.1893
vn 0.0 0.3393 -0.9407
vn 0.0 0.3393 -0.9407
vn 0.0 0.3393 -0.9407
vn 0.0 0.3393 -0.9407
vn 0.0 0.3393 -0.9407
vn 0.0 0.3393 -0.9407
vn 0.0 0.5013 -0.8653
vn 0.0 0.5013 -0.8653
vn 0.0 0.5013 -0.8653
vn 0.0 0.5013 -0.8653
vn 0.0 0.5013 -0.8653
vn 0.0 0.5013 -0.8653
vn 0.0 0.6437 -0.7653
vn 0.0 0.6437 -0.7653
vn 0.0 0.6437 -0.7653
vn 0.0 0.6437 -0.7653
vn 0.0 0.6437 -0.7653
vn 0.0 0.6437 -0.7653
vn 0.0 0.7639 -0.6453
vn 0.0 0.7639 -0.6453
vn 0.0 0.7639 -0.6453
vn 0.0 0.7639 -0.6453
vn 0.0 0.7639 -0.6453
vn 0.0 0.7639 -0.6453
vn 0.0 0.8665 -0.4992
vn 0.0 0.8665 -0.4992
vn 0.0 0.8665 -0.4992
vn 0.0 0.8665 -0.4992
vn 0.0 0.8665 -0.4992
vn 0.0 0.8665 -0.4992
vn 0.0 0.9407 -0.3393
vn 0.0 0.9407 -0.3393
vn 0.0 0.9407 -0.3393
vn 0.0 0.9407 -0.3393
vn 0.0 0.9407 -0.3393
vn 0.0 0.9407 -0.3393
vn 0.0 0.9843 -0.1765
vn 0.0 0.9843 -0.1765
vn 0.0 0.9843 -0.1765
vn 0.0 0.9843 -0.1765
vn 0.0 0.9843 -0.1765
vn 0.0 0.9843 -0.1765
vn 0.0 1.0 0.0
vn 0.0 1.0 0.0
vn 0.0 1.0 0.0
vn 0.0 1.0 0.0
vn 0.0 1.0 0.0
vn 0.0 1.0 0.0
vn 0.0 0.9843 0.1765
vn 0.0 0.9843 0.1765
vn 0.0 0.9843 0.1765
vn 0.0 0.9843 0.1765
vn 0.0 0.9843 0.1765
vn 0.0 0.9843 0.1765
vn 0.0 0.9407 0.3393
vn 0.0 0.9407 0.3393
vn 0.0 0.9407 0.3393
vn 0.0 0.9407 0.3393
vn 0.0 0.9407 0.3393
vn 0.0 0.9407 0.3393
vn 0.0 0.8665 0.4992
vn 0.0 0.8665 0.4992
vn 0.0 0.8665 0.4992
vn 0.0 0.8665 0.4992
vn 0.0 0.8665 0.4992
vn 0.0 0.8665 0.4992
vn 0.0 0.7639 0.6453
vn 0.0 0.7639 0.6453
vn 0.0 0.7639 0.6453
vn 0.0 0.7639 0.6453
vn 0.0 0.7639 0.6453
vn 0.0 0.7639 0.6453
vn 0.0 0.6437 0.7653
vn 0.0 0.6437 0.7653
vn 0.0 0.6437 0.7653
vn 0.0 0.6437 0.7653
vn 0.0 0.6437 0.7653
vn 0.0 0.6437 0.7653
vn 0.0 0.5013 0.8653
vn 0.0 0.5013 0.8653
vn 0.0 0.5013 0.8653
vn 0.0 0.5013 0.8653
vn 0.0 0.5013 0.8653
vn 0.0 0.5013 0.8653
vn 0.0 0.3393 0.9407
vn 0.0 0.3393 0.9407
vn 0.0 0.3393 0.9407
vn 0.0 0.3393 0.9407
vn 0.0 0.3393 0.9407
vn 0.0 0.3393 0.9407
vn 0.0 0.1765 0.9843
vn 0.0 0.1765 0.9843
vn 0.0 0.1765 0.9843
vn 0.0 0.1765 0.9843
vn 0.0 0.1765 0.9843
vn 0.0 0.1765 0.9843
vn 0.0 0.0 1.0
vn 0.0 0.0 1.0
vn 0.0 0.0 1.0
vn 0.0 0.0 1.0
vn 0.0 0.0 1.0
vn 0.0 0.0 1.0
vn 0.0 -0.1769 0.9842
vn 0.0 -0.1769 0.9842
vn 0.0 -0.1769 0.9842
vn 0.0 -0.1769 0.9842
vn 0.0 -0.1769 0.9842
vn 0.0 -0.1769 0.9842
vn 0.0 -0.3393 0.9407
vn 0.0 -0.3393 0.9407
vn 0.0 -0.3393 0.9407
vn 0.0 -0.3393 0.9407
vn 0.0 -0.3393 0.9407
vn 0.0 -0.3393 0.9407
vn 0.0 -0.5013 0.8653
vn 0.0 -0.5013 0.8653
vn 0.0 -0.5013 0.8653
vn 0.0 -0.5013 0.8653
vn 0.0 -0.5013 0.8653
vn 0.0 -0.5013 0.8653
vn 0.0 -0.6424 0.7664
vn 0.0 -0.6424 0.7664
vn 0.0 -0.6424 0.7664
vn 0.0 -0.6424 0.7664
vn 0.0 -0.6424 0.7664
vn 0.0 -0.6424 0.7664
vn 0.0 -0.9407 0.3393
vn 0.0 -0.9407 0.3393
vn 0.0 -0.9407 0.3393
vn 0.0 -0.9407 0.3393
vn 0.0 -0.9407 0.3393
vn 0.0 -0.9407 0.3393
vn 0.0 -0.8653 0.5012
vn 0.0 -0.8653 0.5012
vn 0.0 -0.8653 0.5012
vn 0.0 -0.8653 0.5012
vn 0.0 -0.8653 0.5012
vn 0.0 -0.8653 0.5012
vn 0.0 -0.7653 0.6437
vn 0.0 -0.7653 0.6437
vn 0.0 -0.7653 0.6437
vn 0.0 -0.7653 0.6437
vn 0.0 -0.7653 0.6437
vn 0.0 -0.7653 0.6437
vn 0.0 -0.9843 0.1765
vn 0.0 -0.9843 0.1765
vn 0.0 -0.9843 0.1765
vn 0.0 -0.9843 0.1765
vn 0.0 -0.9843 0.1765
vn 0.0 -0.9843 0.1765
vn 0.0 -1.0 0.0
vn 0.0 -1.0 0.0
vn 0.0 -1.0 0.0
vn 0.0 -1.0 0.0
vn 0.0 -1.0 0.0
vn 0.0 -1.0 0.0
vn 0.0 -0.9843 -0.1765
vn 0.0 -0.9843 -0.1765
vn 0.0 -0.9843 -0.1765
vn 0.0 -0.9843 -0.1765
vn 0.0 -0.9843 -0.1765
vn 0.0 -0.9843 -0.1765
vn 0.0 -0.9407 -0.3393
vn 0.0 -0.9407 -0.3393
vn 0.0 -0.9407 -0.3393
vn 0.0 -0.9407 -0.3393
vn 0.0 -0.9407 -0.3393
vn 0.0 -0.9407 -0.3393
vn 0.0 -0.8653 -0.5012
vn 0.0 -0.8653 -0.5012
vn 0.0 -0.8653 -0.5012
vn 0.0 -0.8653 -0.5012
vn 0.0 -0.8653 -0.5012
vn 0.0 -0.8653 -0.5012
vn 0.0 -0.7653 -0.6437
vn 0.0 -0.7653 -0.6437
vn 0.0 -0.7653 -0.6437
vn 0.0 -0.7653 -0.6437
vn 0.0 -0.7653 -0.6437
vn 0.0 -0.7653 -0.6437
vn 0.0 -0.6424 -0.7664
vn 0.0 -0.6424 -0.7664
vn 0.0 -0.6424 -0.7664
vn 0.0 -0.6424 -0.7664
vn 0.0 -0.6424 -0.7664
vn 0.0 -0.6424 -0.7664
vn 0.0 -0.5013 -0.8653
vn 0.0 -0.5013 -0.8653
vn 0.0 -0.5013 -0.8653
vn 0.0 -0.5013 -0.8653
vn 0.0 -0.5013 -0.8653
vn 0.0 -0.5013 -0.8653
vn 0.0 -0.3393 -0.9407
vn 0.0 -0.3393 -0.9407
vn 0.0 -0.3393 -0.9407
vn 0.0 -0.3393 -0.9407
vn 0.0 -0.3393 -0.9407
vn 0.0 -0.3393 -0.9407
vn 0.0 -0.1769 -0.9842
vn 0.0 -0.1769 -0.9842
vn 0.0 -0.1769 -0.9842
vn 0.0 -0.1769 -0.9842
vn 0.0 -0.1769 -0.9842
vn 0.0 -0.1769 -0.9842
vn 0.0 0.0 -1.0
vn 0.0 0.0 -1.0
vn 0.0 0.0 -1.0
vn 0.0 0.0 -1.0
vn 0.0 0.0 -1.0
vn 0.0 0.0 -1.0
vn 0.0 0.1765 -0.9843
vn 0.0 0.1765 -0.9843
vn 0.0 0.1765 -0.9843
vn 0.0 0.1765 -0.9843
vn 0.0 0.1765 -0.9843
vn 0.0 0.1765 -0.9843
vn -1.0 0.0 0.0
vn -1.0 0.0 0.0
vn -1.0 0.0 0.0
vn -1.0 0.0 0.0
vn -1.0 0.0 0.0
vn -1.0 0.0 0.0
vn -1.0 0.0 0.0
vn -1.0 0.0 0.0
vn -1.0 0.0 0.0
vn 1.0 0.0 0.0
vn 1.0 0.0 0.0
vn 1.0 0.0 0.0
vn 1.0 0.0 0.0
vn 1.0 0.0 0.0
vn 1.0 0.0 0.0
vn 1.0 0.0 0.0
vn 1.0 0.0 0.0
vn 1.0 0.0 0.0
vn -1.0 0.0 0.0
vn -1.0 0.0 0.0
vn -1.0 0.0 0.0
vn -1.0 0.0 0.0
vn -1.0 0.0 0.0
vn -1.0 0.0 0.0
vn -1.0 0.0 0.0
vn -1.0 0.0 0.0
vn -1.0 0.0 0.0
vn 1.0 0.0 0.0
vn 1.0 0.0 0.0
vn 1.0 0.0 0.0
vn 1.0 0.0 0.0
vn 1.0 0.0 0.0
vn 1.0 0.0 0.0
vn 1.0 0.0 0.0
vn 1.0 0.0 0.0
vn 1.0 0.0 0.0
vn -1.0 0.0 0.0
vn -1.0 0.0 0.0
vn -1.0 0.0 0.0
vn -1.0 0.0 0.0
vn -1.0 0.0 0.0
vn -1.0 0.0 0.0
vn -1.0 0.0 0.0
vn -1.0 0.0 0.0
vn -1.0 0.0 0.0
vn 1.0 0.0 0.0
vn 1.0 0.0 0.0
vn 1.0 0.0 0.0
vn 1.0 0.0 0.0
vn 1.0 0.0 0.0
vn 1.0 0.0 0.0
vn 1.0 0.0 0.0
vn 1.0 0.0 0.0
vn 1.0 0.0 0.0
vn -1.0 0.0 0.0
vn -1.0 0.0 0.0
vn -1.0 0.0 0.0
vn -1.0 0.0 0.0
vn -1.0 0.0 0.0
vn -1.0 0.0 0.0
vn -1.0 0.0 0.0
vn -1.0 0.0 0.0
vn -1.0 0.0 0.0
vn 1.0 0.0 0.0
vn 1.0 0.0 0.0
vn 1.0 0.0 0.0
vn 1.0 0.0 0.0
vn 1.0 0.0 0.0
vn 1.0 0.0 0.0
vn 1.0 0.0 0.0
vn 1.0 0.0 0.0
vn 1.0 0.0 0.0
vn -1.0 0.0 0.0
vn -1.0 0.0 0.0
vn -1.0 0.0 0.0
vn -1.0 0.0 0.0
vn -1.0 0.0 0.0
vn -1.0 0.0 0.0
vn -1.0 0.0 0.0
vn -1.0 0.0 0.0
vn -1.0 0.0 0.0
vn 1.0 0.0 0.0
vn 1.0 0.0 0.0
vn 1.0 0.0 0.0
vn 1.0 0.0 0.0
vn 1.0 0.0 0.0
vn 1.0 0.0 0.0
vn 1.0 0.0 0.0
vn 1.0 0.0 0.0
vn 1.0 0.0 0.0
vn -1.0 0.0 0.0
vn -1.0 0.0 0.0
vn -1.0 0.0 0.0
vn -1.0 0.0 0.0
vn -1.0 0.0 0.0
vn -1.0 0.0 0.0
vn -1.0 0.0 0.0
vn -1.0 0.0 0.0
vn -1.0 0.0 0.0
vn 1.0 0.0 0.0
vn 1.0 0.0 0.0
vn 1.0 0.0 0.0
vn 1.0 0.0 0.0
vn 1.0 0.0 0.0
vn 1.0 0.0 0.0
vn 1.0 0.0 0.0
vn 1.0 0.0 0.0
vn 1.0 0.0 0.0
vn -1.0 0.0 0.0
vn -1.0 0.0 0.0
vn -1.0 0.0 0.0
vn -1.0 0.0 0.0
vn -1.0 0.0 0.0
vn -1.0 0.0 0.0
vn -1.0 0.0 0.0
vn -1.0 0.0 0.0
vn -1.0 0.0 0.0
vn 1.0 0.0 0.0
vn 1.0 0.0 0.0
vn 1.0 0.0 0.0
vn 1.0 0.0 0.0
vn 1.0 0.0 0.0
vn 1.0 0.0 0.0
vn 1.0 0.0 0.0
vn 1.0 0.0 0.0
vn 1.0 0.0 0.0
vn -1.0 0.0 0.0
vn -1.0 0.0 0.0
vn -1.0 0.0 0.0
vn -1.0 0.0 0.0
vn -1.0 0.0 0.0
vn -1.0 0.0 0.0
vn -1.0 0.0 0.0
vn -1.0 0.0 0.0
vn -1.0 0.0 0.0
vn 1.0 0.0 0.0
vn 1.0 0.0 0.0
vn 1.0 0.0 0.0
vn 1.0 0.0 0.0
vn 1.0 0.0 0.0
vn 1.0 0.0 0.0
vn 1.0 0.0 0.0
vn 1.0 0.0 0.0
vn 1.0 0.0 0.0
vn -1.0 0.0 0.0
vn -1.0 0.0 0.0
vn -1.0 0.0 0.0
vn -1.0 0.0 0.0
vn -1.0 0.0 0.0
vn -1.0 0.0 0.0
vn -1.0 0.0 0.0
vn -1.0 0.0 0.0
vn -1.0 0.0 0.0
vn 1.0 0.0 0.0
vn 1.0 0.0 0.0
vn 1.0 0.0 0.0
vn 1.0 0.0 0.0
vn 1.0 0.0 0.0
vn 1.0 0.0 0.0
vn 1.0 0.0 0.0
vn 1.0 0.0 0.0
vn 1.0 0.0 0.0
vn -1.0 0.0 0.0
vn -1.0 0.0 0.0
vn -1.0 0.0 0.0
vn -1.0 0.0 0.0
vn -1.0 0.0 0.0
vn -1.0 0.0 0.0
vn -1.0 0.0 0.0
vn -1.0 0.0 0.0
vn -1.0 0.0 0.0
vn 1.0 0.0 0.0
vn 1.0 0.0 0.0
vn 1.0 0.0 0.0
vn 1.0 0.0 0.0
vn 1.0 0.0 0.0
vn 1.0 0.0 0.0
vn 1.0 0.0 0.0
vn 1.0 0.0 0.0
vn 1.0 0.0 0.0
vn -1.0 0.0 0.0
vn -1.0 0.0 0.0
vn -1.0 0.0 0.0
vn -1.0 0.0 0.0
vn -1.0 0.0 0.0
vn -1.0 0.0 0.0
vn -1.0 0.0 0.0
vn -1.0 0.0 0.0
vn -1.0 0.0 0.0
vn 1.0 0.0 0.0
vn 1.0 0.0 0.0
vn 1.0 0.0 0.0
vn 1.0 0.0 0.0
vn 1.0 0.0 0.0
vn 1.0 0.0 0.0
vn 1.0 0.0 0.0
vn 1.0 0.0 0.0
vn 1.0 0.0 0.0
vn -1.0 0.0 0.0
vn -1.0 0.0 0.0
vn -1.0 0.0 0.0
vn -1.0 0.0 0.0
vn -1.0 0.0 0.0
vn -1.0 0.0 0.0
vn -1.0 0.0 0.0
vn -1.0 0.0 0.0
vn -1.0 0.0 0.0
vn 1.0 0.0 0.0
vn 1.0 0.0 0.0
vn 1.0 0.0 0.0
vn 1.0 0.0 0.0
vn 1.0 0.0 0.0
vn 1.0 0.0 0.0
vn 1.0 0.0 0.0
vn 1.0 0.0 0.0
vn 1.0 0.0 0.0
vn 0.0 0.7071 -0.7071
vn 0.0 0.7071 -0.7071
vn 0.0 0.7071 -0.7071
vn 0.0 0.7071 -0.7071
vn 0.0 0.7071 -0.7071
vn 0.0 0.7071 -0.7071
vn -1.0 0.0 0.0
vn -1.0 0.0 0.0
vn -1.0 0.0 0.0
vn -1.0 0.0 0.0
vn -1.0 0.0 0.0
vn -1.0 0.0 0.0
vn 0.0 0.2587 -0.9659
vn 0.0 0.2587 -0.9659
vn 0.0 0.2587 -0.9659
vn 0.0 0.2587 -0.9659
vn 0.0 0.2587 -0.9659
vn 0.0 0.2587 -0.9659
vn 1.0 0.0 0.0
vn 1.0 0.0 0.0
vn 1.0 0.0 0.0
vn 1.0 0.0 0.0
vn 1.0 0.0 0.0
vn 1.0 0.0 0.0
vn 1.0 0.0 0.0
vn 1.0 0.0 0.0
vn 1.0 0.0 0.0
vn 1.0 0.0 0.0
vn 1.0 0.0 0.0
vn 1.0 0.0 0.0
vn 1.0 0.0 0.0
vn 1.0 0.0 0.0
vn 1.0 0.0 0.0
vn 1.0 0.0 0.0
vn 1.0 0.0 0.0
vn 1.0 0.0 0.0
vn 0.0 0.9659 -0.2587
vn 0.0 0.9659 -0.2587
vn 0.0 0.9659 -0.2587
vn 0.0 0.9659 -0.2587
vn 0.0 0.9659 -0.2587
vn 0.0 0.9659 -0.2587
vn -1.0 0.0 0.0
vn -1.0 0.0 0.0
vn -1.0 0.0 0.0
vn 1.0 0.0 0.0
vn 1.0 0.0 0.0
vn 1.0 0.0 0.0
vn 1.0 0.0 0.0
vn 1.0 0.0 0.0
vn 1.0 0.0 0.0
vn 1.0 0.0 0.0
vn 1.0 0.0 0.0
vn 1.0 0.0 0.0
vn 0.0 0.9659 0.2587
vn 0.0 0.9659 0.2587
vn 0.0 0.9659 0.2587
vn 0.0 0.9659 0.2587
vn 0.0 0.9659 0.2587
vn 0.0 0.9659 0.2587
vn -1.0 0.0 0.0
vn -1.0 0.0 0.0
vn -1.0 0.0 0.0
vn 1.0 0.0 0.0
vn 1.0 0.0 0.0
vn 1.0 0.0 0.0
vn 1.0 0.0 0.0
vn 1.0 0.0 0.0
vn 1.0 0.0 0.0
vn 1.0 0.0 0.0
vn 1.0 0.0 0.0
vn 1.0 0.0 0.0
vn 0.0 0.7071 0.7071
vn 0.0 0.7071 0.7071
vn 0.0 0.7071 0.7071
vn 0.0 0.7071 0.7071
vn 0.0 0.7071 0.7071
vn 0.0 0.7071 0.7071
vn -1.0 0.0 0.0
vn -1.0 0.0 0.0
vn -1.0 0.0 0.0
vn 1.0 0.0 0.0
vn 1.0 0.0 0.0
vn 1.0 0.0 0.0
vn 1.0 0.0 0.0
vn 1.0 0.0 0.0
vn 1.0 0.0 0.0
vn 1.0 0.0 0.0
vn 1.0 0.0 0.0
vn 1.0 0.0 0.0
vn 0.0 0.2587 0.9659
vn 0.0 0.2587 0.9659
vn 0.0 0.2587 0.9659
vn 0.0 0.2587 0.9659
vn 0.0 0.2587 0.9659
vn 0.0 0.2587 0.9659
vn -1.0 0.0 0.0
vn -1.0 0.0 0.0
vn -1.0 0.0 0.0
vn 1.0 0.0 0.0
vn 1.0 0.0 0.0
vn 1.0 0.0 0.0
vn 1.0 0.0 0.0
vn 1.0 0.0 0.0
vn 1.0 0.0 0.0
vn 1.0 0.0 0.0
vn 1.0 0.0 0.0
vn 1.0 0.0 0.0
vn 0.0 -0.2587 0.9659
vn 0.0 -0.2587 0.9659
vn 0.0 -0.2587 0.9659
vn 0.0 -0.2587 0.9659
vn 0.0 -0.2587 0.9659
vn 0.0 -0.2587 0.9659
vn -1.0 0.0 0.0
vn -1.0 0.0 0.0
vn -1.0 0.0 0.0
vn 1.0 0.0 0.0
vn 1.0 0.0 0.0
vn 1.0 0.0 0.0
vn 1.0 0.0 0.0
vn 1.0 0.0 0.0
vn 1.0 0.0 0.0
vn 1.0 0.0 0.0
vn 1.0 0.0 0.0
vn 1.0 0.0 0.0
vn 0.0 -0.7071 0.7071
vn 0.0 -0.7071 0.7071
vn 0.0 -0.7071 0.7071
vn 0.0 -0.7071 0.7071
vn 0.0 -0.7071 0.7071
vn 0.0 -0.7071 0.7071
vn -1.0 0.0 0.0
vn -1.0 0.0 0.0
vn -1.0 0.0 0.0
vn 1.0 0.0 0.0
vn 1.0 0.0 0.0
vn 1.0 0.0 0.0
vn 1.0 0.0 0.0
vn 1.0 0.0 0.0
vn 1.0 0.0 0.0
vn 1.0 0.0 0.0
vn 1.0 0.0 0.0
vn 1.0 0.0 0.0
vn 0.0 -0.966 0.2587
vn 0.0 -0.966 0.2587
vn 0.0 -0.966 0.2587
vn 0.0 -0.966 0.2587
vn 0.0 -0.966 0.2587
vn 0.0 -0.966 0.2587
vn -1.0 0.0 0.0
vn -1.0 0.0 0.0
vn -1.0 0.0 0.0
vn 1.0 0.0 0.0
vn 1.0 0.0 0.0
vn 1.0 0.0 0.0
vn 1.0 0.0 0.0
vn 1.0 0.0 0.0
vn 1.0 0.0 0.0
vn 1.0 0.0 0.0
vn 1.0 0.0 0.0
vn 1.0 0.0 0.0
vn 0.0 -0.966 -0.2587
vn 0.0 -0.966 -0.2587
vn 0.0 -0.966 -0.2587
vn 0.0 -0.966 -0.2587
vn 0.0 -0.966 -0.2587
vn 0.0 -0.966 -0.2587
vn -1.0 0.0 0.0
vn -1.0 0.0 0.0
vn -1.0 0.0 0.0
vn 1.0 0.0 0.0
vn 1.0 0.0 0.0
vn 1.0 0.0 0.0
vn 1.0 0.0 0.0
vn 1.0 0.0 0.0
vn 1.0 0.0 0.0
vn 1.0 0.0 0.0
vn 1.0 0.0 0.0
vn 1.0 0.0 0.0
vn 0.0 -0.7071 -0.7071
vn 0.0 -0.7071 -0.7071
vn 0.0 -0.7071 -0.7071
vn 0.0 -0.7071 -0.7071
vn 0.0 -0.7071 -0.7071
vn 0.0 -0.7071 -0.7071
vn -1.0 0.0 0.0
vn -1.0 0.0 0.0
vn -1.0 0.0 0.0
vn 1.0 0.0 0.0
vn 1.0 0.0 0.0
vn 1.0 0.0 0.0
vn 1.0 0.0 0.0
vn 1.0 0.0 0.0
vn 1.0 0.0 0.0
vn 1.0 0.0 0.0
vn 1.0 0.0 0.0
vn 1.0 0.0 0.0
vn 0.0 -0.2587 -0.9659
vn 0.0 -0.2587 -0.9659
vn 0.0 -0.2587 -0.9659
vn 0.0 -0.2587 -0.9659
vn 0.0 -0.2587 -0.9659
vn 0.0 -0.2587 -0.9659
vn -1.0 0.0 0.0
vn -1.0 0.0 0.0
vn -1.0 0.0 0.0
vn 1.0 0.0 0.0
vn 1.0 0.0 0.0
vn 1.0 0.0 0.0
vn 1.0 0.0 0.0
vn 1.0 0.0 0.0
vn 1.0 0.0 0.0
vn 1.0 0.0 0.0
vn 1.0 0.0 0.0
vn 1.0 0.0 0.0
vn -0.1109 0.0 -0.9938
vn -0.1109 0.0 -0.9938
vn -0.1109 0.0 -0.9938
vn -0.1109 0.0 -0.9938
vn -0.1109 0.0 -0.9938
vn -0.1109 0.0 -0.9938
vn -0.3937 0.0 -0.9193
vn -0.3937 0.0 -0.9193
vn -0.3937 0.0 -0.9193
vn -0.3937 0.0 -0.9193
vn -0.3937 0.0 -0.9193
vn -0.3937 0.0 -0.9193
vn -0.7071 0.0 -0.7071
vn -0.7071 0.0 -0.7071
vn -0.7071 0.0 -0.7071
vn -0.7071 0.0 -0.7071
vn -0.7071 0.0 -0.7071
vn -0.7071 0.0 -0.7071
vn -0.9193 0.0 -0.3937
vn -0.9193 0.0 -0.3937
vn -0.9193 0.0 -0.3937
vn -0.9193 0.0 -0.3937
vn -0.9193 0.0 -0.3937
vn -0.9193 0.0 -0.3937
vn -0.9939 0.0 -0.1101
vn -0.9939 0.0 -0.1101
vn -0.9939 0.0 -0.1101
vn -0.9939 0.0 -0.1101
vn -0.9939 0.0 -0.1101
vn -0.9939 0.0 -0.1101
vn -0.1109 0.0 0.9938
vn -0.1109 0.0 0.9938
vn -0.1109 0.0 0.9938
vn -0.1109 0.0 0.9938
vn -0.1109 0.0 0.9938
vn -0.1109 0.0 0.9938
vn -0.3937 0.0 0.9193
vn -0.3937 0.0 0.9193
vn -0.3937 0.0 0.9193
vn -0.3937 0.0 0.9193
vn -0.3937 0.0 0.9193
vn -0.3937 0.0 0.9193
vn -0.7071 0.0 0.7071
vn -0.7071 0.0 0.7071
vn -0.7071 0.0 0.7071
vn -0.7071 0.0 0.7071
vn -0.7071 0.0 0.7071
vn -0.7071 0.0 0.7071
vn -0.9191 0.0 0.3941
vn -0.9191 0.0 0.3941
vn -0.9191 0.0 0.3941
vn -0.9191 0.0 0.3941
vn -0.9191 0.0 0.3941
vn -0.9191 0.0 0.3941
vn -0.9939 0.0 0.11
vn -0.9939 0.0 0.11
vn -0.9939 0.0 0.11
vn -0.9939 0.0 0.11
vn -0.9939 0.0 0.11
vn -0.9939 0.0 0.11
vn 0.111 0.0 0.9938
vn 0.111 0.0 0.9938
vn 0.111 0.0 0.9938
vn 0.111 0.0 0.9938
vn 0.111 0.0 0.9938
vn 0.111 0.0 0.9938
vn 0.3937 0.0 0.9193
vn 0.3937 0.0 0.9193
vn 0.3937 0.0 0.9193
vn 0.3937 0.0 0.9193
vn 0.3937 0.0 0.9193
vn 0.3937 0.0 0.9193
vn 0.7071 0.0 0.7071
vn 0.7071 0.0 0.7071
vn 0.7071 0.0 0.7071
vn 0.7071 0.0 0.7071
vn 0.7071 0.0 0.7071
vn 0.7071 0.0 0.7071
vn 0.9191 0.0 0.3941
vn 0.9191 0.0 0.3941
vn 0.9191 0.0 0.3941
vn 0.9191 0.0 0.3941
vn 0.9191 0.0 0.3941
vn 0.9191 0.0 0.3941
vn 0.9939 0.0 0.11
vn 0.9939 0.0 0.11
vn 0.9939 0.0 0.11
vn 0.9939 0.0 0.11
vn 0.9939 0.0 0.11
vn 0.9939 0.0 0.11
vn 0.111 0.0 -0.9938
vn 0.111 0.0 -0.9938
vn 0.111 0.0 -0.9938
vn 0.111 0.0 -0.9938
vn 0.111 0.0 -0.9938
vn 0.111 0.0 -0.9938
vn 0.3937 0.0 -0.9193
vn 0.3937 0.0 -0.9193
vn 0.3937 0.0 -0.9193
vn 0.3937 0.0 -0.9193
vn 0.3937 0.0 -0.9193
vn 0.3937 0.0 -0.9193
vn 0.7071 0.0 -0.7071
vn 0.7071 0.0 -0.7071
vn 0.7071 0.0 -0.7071
vn 0.7071 0.0 -0.7071
vn 0.7071 0.0 -0.7071
vn 0.7071 0.0 -0.7071
vn 0.9193 0.0 -0.3937
vn 0.9193 0.0 -0.3937
vn 0.9193 0.0 -0.3937
vn 0.9193 0.0 -0.3937
vn 0.9193 0.0 -0.3937
vn 0.9193 0.0 -0.3937
vn 0.9939 0.0 -0.1101
vn 0.9939 0.0 -0.1101
vn 0.9939 0.0 -0.1101
vn 0.9939 0.0 -0.1101
vn 0.9939 0.0 -0.1101
vn 0.9939 0.0 -0.1101
vn -1.0 0.0 0.0
vn -1.0 0.0 0.0
vn -1.0 0.0 0.0
vn -1.0 0.0 0.0
vn -1.0 0.0 0.0
vn -1.0 0.0 0.0
vn 0.0 -1.0 0.0
vn 0.0 -1.0 0.0
vn 0.0 -1.0 0.0
vn 0.0 -1.0 0.0
vn 0.0 -1.0 0.0
vn 0.0 -1.0 0.0
vn 0.0 -1.0 0.0
vn 0.0 -1.0 0.0
vn 0.0 -1.0 0.0
vn 0.0 -1.0 0.0
vn 0.0 -1.0 0.0
vn 0.0 -1.0 0.0
vn 0.0 -1.0 0.0
vn 0.0 -1.0 0.0
vn 0.0 -1.0 0.0
vn 0.0 -1.0 0.0
vn 0.0 -1.0 0.0
vn 0.0 -1.0 0.0
vn 0.0 -1.0 0.0
vn 0.0 -1.0 0.0
vn 0.0 -1.0 0.0
vn 0.0 -1.0 0.0
vn 0.0 -1.0 0.0
vn 0.0 -1.0 0.0
vn 0.0 -1.0 0.0
vn 0.0 -1.0 0.0
vn 0.0 -1.0 0.0
vn 0.0 -1.0 0.0
vn 0.0 -1.0 0.0
vn 0.0 -1.0 0.0
vn 0.0 -1.0 0.0
vn 0.0 -1.0 0.0
vn 0.0 -1.0 0.0
vn 0.0 -1.0 0.0
vn 0.0 -1.0 0.0
vn 0.0 -1.0 0.0
vn 0.0 -1.0 0.0
vn 0.0 -1.0 0.0
vn 0.0 -1.0 0.0
vn 0.0 -1.0 0.0
vn 0.0 -1.0 0.0
vn 0.0 -1.0 0.0
vn 0.0 -1.0 0.0
vn 0.0 -1.0 0.0
vn 0.0 -1.0 0.0
vn 0.0 -1.0 0.0
vn 0.0 -1.0 0.0
vn 0.0 -1.0 0.0
vn 0.0 -1.0 0.0
vn 0.0 -1.0 0.0
vn 0.0 -1.0 0.0
vn 0.0 -1.0 0.0
vn 0.0 -1.0 0.0
vn 0.0 -1.0 0.0
vn 0.0 -1.0 0.0
vn 0.0 -1.0 0.0
vn 0.0 -1.0 0.0
vn 0.0 -1.0 0.0
vn 0.0 -1.0 0.0
vn 0.0 -1.0 0.0
vn 0.0 -1.0 0.0
vn 0.0 -1.0 0.0
vn 0.0 -1.0 0.0
vn 0.0 -1.0 0.0
vn 0.0 -1.0 0.0
vn 0.0 -1.0 0.0
vn 0.0 0.0 -1.0
vn 0.0 0.0 -1.0
vn 0.0 0.0 -1.0
vn 0.0 0.0 -1.0
vn 0.0 0.0 -1.0
vn 0.0 0.0 -1.0
vn 0.0 1.0 0.0
vn 0.0 1.0 0.0
vn 0.0 1.0 0.0
vn 0.0 1.0 0.0
vn 0.0 1.0 0.0
vn 0.0 1.0 0.0
vn 0.0 1.0 0.0
vn 0.0 1.0 0.0
vn 0.0 1.0 0.0
vn 0.0 1.0 0.0
vn 0.0 1.0 0.0
vn 0.0 1.0 0.0
vn 0.0 1.0 0.0
vn 0.0 1.0 0.0
vn 0.0 1.0 0.0
vn 0.0 1.0 0.0
vn 0.0 1.0 0.0
vn 0.0 1.0 0.0
vn 0.0 1.0 0.0
vn 0.0 1.0 0.0
vn 0.0 1.0 0.0
vn 0.0 1.0 0.0
vn 0.0 1.0 0.0
vn 0.0 1.0 0.0
vn 0.0 1.0 0.0
vn 0.0 1.0 0.0
vn 0.0 1.0 0.0
vn 0.0 1.0 0.0
vn 0.0 1.0 0.0
vn 0.0 1.0 0.0
vn 0.0 1.0 0.0
vn 0.0 1.0 0.0
vn 0.0 1.0 0.0
vn 0.0 1.0 0.0
vn 0.0 1.0 0.0
vn 0.0 1.0 0.0
vn 0.0 1.0 0.0
vn 0.0 1.0 0.0
vn 0.0 1.0 0.0
vn 0.0 1.0 0.0
vn 0.0 1.0 0.0
vn 0.0 1.0 0.0
vn 0.0 1.0 0.0
vn 0.0 1.0 0.0
vn 0.0 1.0 0.0
vn 0.0 1.0 0.0
vn 0.0 1.0 0.0
vn 0.0 1.0 0.0
vn 0.0 1.0 0.0
vn 0.0 1.0 0.0
vn 0.0 1.0 0.0
vn 0.0 1.0 0.0
vn 0.0 1.0 0.0
vn 0.0 1.0 0.0
vn 0.0 1.0 0.0
vn 0.0 1.0 0.0
vn 0.0 1.0 0.0
vn 0.0 1.0 0.0
vn 0.0 1.0 0.0
vn 0.0 1.0 0.0
vn 0.0 1.0 0.0
vn 0.0 1.0 0.0
vn 0.0 1.0 0.0
vn 0.0 1.0 0.0
vn 0.0 1.0 0.0
vn 0.0 1.0 0.0
vn 0.0 0.0 1.0
vn 0.0 0.0 1.0
vn 0.0 0.0 1.0
vn 0.0 0.0 1.0
vn 0.0 0.0 1.0
vn 0.0 0.0 1.0
vn 1.0 0.0 0.0
vn 1.0 0.0 0.0
vn 1.0 0.0 0.0
vn 1.0 0.0 0.0
vn 1.0 0.0 0.0
vn 1.0 0.0 0.0

f 28/1/1 65/2/2 63/3/3
f 19/4/4 28/5/5 63/6/6
f 63/7/7 65/8/8 66/9/9
f 66/10/10 64/11/11 63/12/12
f 66/13/13 7/14/14 27/15/15
f 64/16/16 66/17/17 27/18/18
f 31/19/19 69/20/20 67/21/21
f 20/22/22 31/23/23 67/24/24
f 67/25/25 69/26/26 70/27/27
f 70/28/28 68/29/29 67/30/30
f 70/31/31 8/32/32 30/33/33
f 68/34/34 70/35/35 30/36/36
f 34/37/37 73/38/38 71/39/39
f 21/40/40 34/41/41 71/42/42
f 71/43/43 73/44/44 74/45/45
f 74/46/46 72/47/47 71/48/48
f 74/49/49 9/50/50 33/51/51
f 72/52/52 74/53/53 33/54/54
f 37/55/55 77/56/56 75/57/57
f 22/58/58 37/59/59 75/60/60
f 75/61/61 77/62/62 78/63/63
f 78/64/64 76/65/65 75/66/66
f 78/67/67 10/68/68 36/69/69
f 76/70/70 78/71/71 36/72/72
f 40/73/73 81/74/74 79/75/75
f 23/76/76 40/77/77 79/78/78
f 79/79/79 81/80/80 82/81/81
f 82/82/82 80/83/83 79/84/84
f 82/85/85 11/86/86 39/87/87
f 80/88/88 82/89/89 39/90/90
f 43/91/91 85/92/92 83/93/93
f 24/94/94 43/95/95 83/96/96
f 83/97/97 85/98/98 86/99/99
f 86/100/100 84/101/101 83/102/102
f 86/103/103 12/104/104 42/105/105
f 84/106/106 86/107/107 42/108/108
f 46/109/109 89/110/110 87/111/111
f 25/112/112 46/113/113 87/114/114
f 87/115/115 89/116/116 90/117/117
f 90/118/118 88/119/119 87/120/120
f 90/121/121 13/122/122 45/123/123
f 88/124/124 90/125/125 45/126/126
f 48/127/127 93/128/128 91/129/129
f 3/130/130 48/131/131 91/132/132
f 91/133/133 93/134/134 94/135/135
f 94/136/136 92/137/137 91/138/138
f 94/139/139 15/140/140 49/141/141
f 92/142/142 94/143/143 49/144/144
f 52/145/145 97/146/146 95/147/147
f 14/148/148 52/149/149 95/150/150
f 95/151/151 97/152/152 98/153/153
f 98/154/154 96/155/155 95/156/156
f 98/157/157 2/158/158 51/159/159
f 96/160/160 98/161/161 51/162/162
f 55/163/163 101/164/164 99/165/165
f 16/166/166 55/167/167 99/168/168
f 99/169/169 101/170/170 102/171/171
f 102/172/172 100/173/173 99/174/174
f 102/175/175 4/176/176 54/177/177
f 100/178/178 102/179/179 54/180/180
f 58/181/181 105/182/182 103/183/183
f 17/184/184 58/185/185 103/186/186
f 103/187/187 105/188/188 106/189/189
f 106/190/190 104/191/191 103/192/192
f 106/193/193 5/194/194 57/195/195
f 104/196/196 106/197/197 57/198/198
f 61/199/199 109/200/200 107/201/201
f 18/202/202 61/203/203 107/204/204
f 107/205/205 109/206/206 110/207/207
f 110/208/208 108/209/209 107/210/210
f 110/211/211 6/212/212 60/213/213
f 108/214/214 110/215/215 60/216/216
f 26/217/217 19/218/218 63/219/219
f 27/220/220 26/221/221 63/222/222
f 27/223/223 63/224/224 64/225/225
f 29/226/226 7/227/227 66/228/228
f 28/229/229 29/230/230 66/231/231
f 28/232/232 66/233/233 65/234/234
f 26/235/235 20/236/236 67/237/237
f 30/238/238 26/239/239 67/240/240
f 30/241/241 67/242/242 68/243/243
f 32/244/244 8/245/245 70/246/246
f 31/247/247 32/248/248 70/249/249
f 31/250/250 70/251/251 69/252/252
f 26/253/253 21/254/254 71/255/255
f 33/256/256 26/257/257 71/258/258
f 33/259/259 71/260/260 72/261/261
f 35/262/262 9/263/263 74/264/264
f 34/265/265 35/266/266 74/267/267
f 34/268/268 74/269/269 73/270/270
f 26/271/271 22/272/272 75/273/273
f 36/274/274 26/275/275 75/276/276
f 36/277/277 75/278/278 76/279/279
f 38/280/280 10/281/281 78/282/282
f 37/283/283 38/284/284 78/285/285
f 37/286/286 78/287/287 77/288/288
f 26/289/289 23/290/290 79/291/291
f 39/292/292 26/293/293 79/294/294
f 39/295/295 79/296/296 80/297/297
f 41/298/298 11/299/299 82/300/300
f 40/301/301 41/302/302 82/303/303
f 40/304/304 82/305/305 81/306/306
f 26/307/307 24/308/308 83/309/309
f 42/310/310 26/311/311 83/312/312
f 42/313/313 83/314/314 84/315/315
f 44/316/316 12/317/317 86/318/318
f 43/319/319 44/320/320 86/321/321
f 43/322/322 86/323/323 85/324/324
f 26/325/325 25/326/326 87/327/327
f 45/328/328 26/329/329 87/330/330
f 45/331/331 87/332/332 88/333/333
f 47/334/334 13/335/335 90/336/336
f 46/337/337 47/338/338 90/339/339
f 46/340/340 90/341/341 89/342/342
f 26/343/343 15/344/344 94/345/345
f 48/346/346 26/347/347 94/348/348
f 48/349/349 94/350/350 93/351/351
f 50/352/352 3/353/353 91/354/354
f 49/355/355 50/356/356 91/357/357
f 49/358/358 91/359/359 92/360/360
f 26/361/361 14/362/362 95/363/363
f 51/364/364 26/365/365 95/366/366
f 51/367/367 95/368/368 96/369/369
f 53/370/370 2/371/371 98/372/372
f 52/373/373 53/374/374 98/375/375
f 52/376/376 98/377/377 97/378/378
f 26/379/379 16/380/380 99/381/381
f 54/382/382 26/383/383 99/384/384
f 54/385/385 99/386/386 100/387/387
f 56/388/388 4/389/389 102/390/390
f 55/391/391 56/392/392 102/393/393
f 55/394/394 102/395/395 101/396/396
f 26/397/397 17/398/398 103/399/399
f 57/400/400 26/401/401 103/402/402
f 57/403/403 103/404/404 104/405/405
f 59/406/406 5/407/407 106/408/408
f 58/409/409 59/410/410 106/411/411
f 58/412/412 106/413/413 105/414/414
f 26/415/415 18/416/416 107/417/417
f 60/418/418 26/419/419 107/420/420
f 60/421/421 107/422/422 108/423/423
f 62/424/424 6/425/425 110/426/426
f 61/427/427 62/428/428 110/429/429
f 61/430/430 110/431/431 109/432/432
f 31/433/433 20/434/434 27/435/435
f 7/436/436 31/437/437 27/438/438
f 27/439/439 20/440/440 26/441/441
f 60/442/442 19/443/443 26/444/444
f 6/445/445 28/446/446 19/447/447
f 60/448/448 6/449/449 19/450/450
f 6/451/451 62/452/452 1/453/453
f 28/454/454 6/455/455 1/456/456
f 29/457/457 28/458/458 1/459/459
f 7/460/460 29/461/461 1/462/462
f 31/463/463 7/464/464 1/465/465
f 32/466/466 31/467/467 1/468/468
f 8/469/469 34/470/470 21/471/471
f 30/472/472 8/473/473 21/474/474
f 30/475/475 21/476/476 26/477/477
f 8/478/478 32/479/479 1/480/480
f 34/481/481 8/482/482 1/483/483
f 35/484/484 34/485/485 1/486/486
f 37/487/487 22/488/488 33/489/489
f 9/490/490 37/491/491 33/492/492
f 33/493/493 22/494/494 26/495/495
f 9/496/496 35/497/497 1/498/498
f 37/499/499 9/500/500 1/501/501
f 38/502/502 37/503/503 1/504/504
f 40/505/505 23/506/506 36/507/507
f 10/508/508 40/509/509 36/510/510
f 36/511/511 23/512/512 26/513/513
f 10/514/514 38/515/515 1/516/516
f 40/517/517 10/518/518 1/519/519
f 41/520/520 40/521/521 1/522/522
f 43/523/523 24/524/524 39/525/525
f 11/526/526 43/527/527 39/528/528
f 39/529/529 24/530/530 26/531/531
f 11/532/532 41/533/533 1/534/534
f 43/535/535 11/536/536 1/537/537
f 44/538/538 43/539/539 1/540/540
f 46/541/541 25/542/542 42/543/543
f 12/544/544 46/545/545 42/546/546
f 42/547/547 25/548/548 26/549/549
f 12/550/550 44/551/551 1/552/552
f 46/553/553 12/554/554 1/555/555
f 47/556/556 46/557/557 1/558/558
f 13/559/559 49/560/560 15/561/561
f 45/562/562 13/563/563 15/564/564
f 45/565/565 15/566/566 26/567/567
f 13/568/568 47/569/569 1/570/570
f 49/571/571 13/572/572 1/573/573
f 50/574/574 49/575/575 1/576/576
f 52/577/577 14/578/578 48/579/579
f 3/580/580 52/581/581 48/582/582
f 48/583/583 14/584/584 26/585/585
f 3/586/586 50/587/587 1/588/588
f 52/589/589 3/590/590 1/591/591
f 53/592/592 52/593/593 1/594/594
f 2/595/595 55/596/596 16/597/597
f 51/598/598 2/599/599 16/600/600
f 51/601/601 16/602/602 26/603/603
f 2/604/604 53/605/605 1/606/606
f 55/607/607 2/608/608 1/609/609
f 56/610/610 55/611/611 1/612/612
f 58/613/613 17/614/614 54/615/615
f 4/616/616 58/617/617 54/618/618
f 54/619/619 17/620/620 26/621/621
f 4/622/622 56/623/623 1/624/624
f 58/625/625 4/626/626 1/627/627
f 59/628/628 58/629/629 1/630/630
f 5/631/631 61/632/632 18/633/633
f 57/634/634 5/635/635 18/636/636
f 57/637/637 18/638/638 26/639/639
f 5/640/640 59/641/641 1/642/642
f 61/643/643 5/644/644 1/645/645
f 62/646/646 61/647/647 1/648/648
f 150/649/649 135/650/650 136/651/651
f 151/652/652 150/653/653 136/654/654
f 149/655/655 137/656/656 135/657/657
f 150/658/658 149/659/659 135/660/660
f 147/661/661 138/662/662 137/663/663
f 149/664/664 147/665/665 137/666/666
f 148/667/667 139/668/668 138/669/669
f 147/670/670 148/671/671 138/672/672
f 158/673/673 140/674/674 139/675/675
f 148/676/676 158/677/677 139/678/678
f 157/679/679 141/680/680 140/681/681
f 158/682/682 157/683/683 140/684/684
f 156/685/685 142/686/686 141/687/687
f 157/688/688 156/689/689 141/690/690
f 155/691/691 143/692/692 142/693/693
f 156/694/694 155/695/695 142/696/696
f 154/697/697 144/698/698 143/699/699
f 155/700/700 154/701/701 143/702/702
f 153/703/703 145/704/704 144/705/705
f 154/706/706 153/707/707 144/708/708
f 152/709/709 146/710/710 145/711/711
f 153/712/712 152/713/713 145/714/714
f 151/715/715 136/716/716 146/717/717
f 152/718/718 151/719/719 146/720/720
f 135/721/721 111/722/722 112/723/723
f 136/724/724 135/725/725 112/726/726
f 137/727/727 113/728/728 111/729/729
f 135/730/730 137/731/731 111/732/732
f 138/733/733 114/734/734 113/735/735
f 137/736/736 138/737/737 113/738/738
f 139/739/739 115/740/740 114/741/741
f 138/742/742 139/743/743 114/744/744
f 140/745/745 116/746/746 115/747/747
f 139/748/748 140/749/749 115/750/750
f 141/751/751 117/752/752 116/753/753
f 140/754/754 141/755/755 116/756/756
f 142/757/757 118/758/758 117/759/759
f 141/760/760 142/761/761 117/762/762
f 143/763/763 119/764/764 118/765/765
f 142/766/766 143/767/767 118/768/768
f 144/769/769 120/770/770 119/771/771
f 143/772/772 144/773/773 119/774/774
f 145/775/775 121/776/776 120/777/777
f 144/778/778 145/779/779 120/780/780
f 146/781/781 122/782/782 121/783/783
f 145/784/784 146/785/785 121/786/786
f 136/787/787 112/788/788 122/789/789
f 146/790/790 136/791/791 122/792/792
f 126/793/793 127/794/794 189/795/795
f 126/796/796 189/797/797 159/798/798
f 160/799/799 159/800/800 189/801/801
f 160/802/802 189/803/803 190/804/804
f 161/805/805 160/806/806 190/807/807
f 191/808/808 161/809/809 190/810/810
f 147/811/811 161/812/812 191/813/813
f 191/814/814 148/815/815 147/816/816
f 125/817/817 126/818/818 159/819/819
f 159/820/820 162/821/821 125/822/822
f 163/823/823 162/824/824 159/825/825
f 159/826/826 160/827/827 163/828/828
f 164/829/829 163/830/830 160/831/831
f 160/832/832 161/833/833 164/834/834
f 149/835/835 164/836/836 161/837/837
f 161/838/838 147/839/839 149/840/840
f 123/841/841 125/842/842 162/843/843
f 165/844/844 123/845/845 162/846/846
f 166/847/847 165/848/848 162/849/849
f 166/850/850 162/851/851 163/852/852
f 167/853/853 166/854/854 163/855/855
f 167/856/856 163/857/857 164/858/858
f 150/859/859 167/860/860 164/861/861
f 150/862/862 164/863/863 149/864/864
f 124/865/865 123/866/866 165/867/867
f 168/868/868 124/869/869 165/870/870
f 168/871/871 165/872/872 166/873/873
f 166/874/874 169/875/875 168/876/876
f 169/877/877 166/878/878 167/879/879
f 167/880/880 170/881/881 169/882/882
f 167/883/883 150/884/884 151/885/885
f 170/886/886 167/887/887 151/888/888
f 134/889/889 124/890/890 168/891/891
f 171/892/892 134/893/893 168/894/894
f 171/895/895 168/896/896 169/897/897
f 171/898/898 169/899/899 172/900/900
f 172/901/901 169/902/902 170/903/903
f 173/904/904 172/905/905 170/906/906
f 151/907/907 152/908/908 173/909/909
f 170/910/910 151/911/911 173/912/912
f 133/913/913 134/914/914 171/915/915
f 133/916/916 171/917/917 174/918/918
f 174/919/919 171/920/920 172/921/921
f 172/922/922 175/923/923 174/924/924
f 175/925/925 172/926/926 173/927/927
f 175/928/928 173/929/929 176/930/930
f 152/931/931 153/932/932 176/933/933
f 173/934/934 152/935/935 176/936/936
f 132/937/937 133/938/938 174/939/939
f 177/940/940 132/941/941 174/942/942
f 177/943/943 174/944/944 175/945/945
f 175/946/946 178/947/947 177/948/948
f 178/949/949 175/950/950 176/951/951
f 176/952/952 179/953/953 178/954/954
f 153/955/955 154/956/956 179/957/957
f 176/958/958 153/959/959 179/960/960
f 131/961/961 132/962/962 177/963/963
f 180/964/964 131/965/965 177/966/966
f 180/967/967 177/968/968 178/969/969
f 178/970/970 181/971/971 180/972/972
f 181/973/973 178/974/974 179/975/975
f 182/976/976 181/977/977 179/978/978
f 182/979/979 179/980/980 154/981/981
f 182/982/982 154/983/983 155/984/984
f 130/985/985 131/986/986 180/987/987
f 180/988/988 183/989/989 130/990/990
f 183/991/991 180/992/992 181/993/993
f 181/994/994 184/995/995 183/996/996
f 184/997/997 181/998/998 182/999/999
f 185/1000/1000 184/1001/1001 182/1002/1002
f 185/1003/1003 182/1004/1004 155/1005/1005
f 185/1006/1006 155/1007/1007 156/1008/1008
f 186/1009/1009 129/1010/1010 130/1011/1011
f 186/1012/1012 130/1013/1013 183/1014/1014
f 187/1015/1015 186/1016/1016 183/1017/1017
f 187/1018/1018 183/1019/1019 184/1020/1020
f 188/1021/1021 187/1022/1022 184/1023/1023
f 188/1024/1024 184/1025/1025 185/1026/1026
f 157/1027/1027 188/1028/1028 185/1029/1029
f 156/1030/1030 157/1031/1031 185/1032/1032
f 192/1033/1033 128/1034/1034 129/1035/1035
f 129/1036/1036 186/1037/1037 192/1038/1038
f 193/1039/1039 192/1040/1040 186/1041/1041
f 193/1042/1042 186/1043/1043 187/1044/1044
f 194/1045/1045 193/1046/1046 187/1047/1047
f 187/1048/1048 188/1049/1049 194/1050/1050
f 158/1051/1051 194/1052/1052 188/1053/1053
f 157/1054/1054 158/1055/1055 188/1056/1056
f 189/1057/1057 127/1058/1058 128/1059/1059
f 128/1060/1060 192/1061/1061 189/1062/1062
f 190/1063/1063 189/1064/1064 192/1065/1065
f 190/1066/1066 192/1067/1067 193/1068/1068
f 191/1069/1069 190/1070/1070 193/1071/1071
f 191/1072/1072 193/1073/1073 194/1074/1074
f 148/1075/1075 191/1076/1076 194/1077/1077
f 158/1078/1078 148/1079/1079 194/1080/1080
f 206/1081/1081 195/1082/1082 196/1083/1083
f 205/1084/1084 206/1085/1085 196/1086/1086
f 204/1087/1087 205/1088/1088 196/1089/1089
f 203/1090/1090 204/1091/1091 196/1092/1092
f 202/1093/1093 203/1094/1094 196/1095/1095
f 201/1096/1096 202/1097/1097 196/1098/1098
f 200/1099/1099 201/1100/1100 196/1101/1101
f 199/1102/1102 200/1103/1103 196/1104/1104
f 198/1105/1105 199/1106/1106 196/1107/1107
f 196/1108/1108 197/1109/1109 198/1110/1110
f 116/1111/1111 117/1112/1112 207/1113/1113
f 207/1114/1114 229/1115/1115 116/1116/1116
f 208/1117/1117 230/1118/1118 229/1119/1119
f 229/1120/1120 207/1121/1121 208/1122/1122
f 196/1123/1123 195/1124/1124 230/1125/1125
f 196/1126/1126 230/1127/1127 208/1128/1128
f 117/1129/1129 118/1130/1130 209/1131/1131
f 207/1132/1132 117/1133/1133 209/1134/1134
f 210/1135/1135 208/1136/1136 207/1137/1137
f 207/1138/1138 209/1139/1139 210/1140/1140
f 197/1141/1141 196/1142/1142 208/1143/1143
f 197/1144/1144 208/1145/1145 210/1146/1146
f 118/1147/1147 119/1148/1148 211/1149/1149
f 211/1150/1150 209/1151/1151 118/1152/1152
f 212/1153/1153 210/1154/1154 209/1155/1155
f 209/1156/1156 211/1157/1157 212/1158/1158
f 198/1159/1159 197/1160/1160 210/1161/1161
f 198/1162/1162 210/1163/1163 212/1164/1164
f 119/1165/1165 120/1166/1166 213/1167/1167
f 213/1168/1168 211/1169/1169 119/1170/1170
f 214/1171/1171 212/1172/1172 211/1173/1173
f 211/1174/1174 213/1175/1175 214/1176/1176
f 199/1177/1177 198/1178/1178 212/1179/1179
f 199/1180/1180 212/1181/1181 214/1182/1182
f 120/1183/1183 121/1184/1184 215/1185/1185
f 215/1186/1186 213/1187/1187 120/1188/1188
f 216/1189/1189 214/1190/1190 213/1191/1191
f 213/1192/1192 215/1193/1193 216/1194/1194
f 200/1195/1195 199/1196/1196 214/1197/1197
f 200/1198/1198 214/1199/1199 216/1200/1200
f 121/1201/1201 122/1202/1202 217/1203/1203
f 217/1204/1204 215/1205/1205 121/1206/1206
f 218/1207/1207 216/1208/1208 215/1209/1209
f 215/1210/1210 217/1211/1211 218/1212/1212
f 201/1213/1213 200/1214/1214 216/1215/1215
f 201/1216/1216 216/1217/1217 218/1218/1218
f 122/1219/1219 112/1220/1220 219/1221/1221
f 219/1222/1222 217/1223/1223 122/1224/1224
f 220/1225/1225 218/1226/1226 217/1227/1227
f 217/1228/1228 219/1229/1229 220/1230/1230
f 202/1231/1231 201/1232/1232 218/1233/1233
f 202/1234/1234 218/1235/1235 220/1236/1236
f 112/1237/1237 111/1238/1238 221/1239/1239
f 221/1240/1240 219/1241/1241 112/1242/1242
f 222/1243/1243 220/1244/1244 219/1245/1245
f 219/1246/1246 221/1247/1247 222/1248/1248
f 203/1249/1249 202/1250/1250 220/1251/1251
f 203/1252/1252 220/1253/1253 222/1254/1254
f 111/1255/1255 113/1256/1256 223/1257/1257
f 223/1258/1258 221/1259/1259 111/1260/1260
f 224/1261/1261 222/1262/1262 221/1263/1263
f 221/1264/1264 223/1265/1265 224/1266/1266
f 204/1267/1267 203/1268/1268 222/1269/1269
f 204/1270/1270 222/1271/1271 224/1272/1272
f 113/1273/1273 114/1274/1274 225/1275/1275
f 225/1276/1276 223/1277/1277 113/1278/1278
f 226/1279/1279 224/1280/1280 223/1281/1281
f 223/1282/1282 225/1283/1283 226/1284/1284
f 205/1285/1285 204/1286/1286 224/1287/1287
f 205/1288/1288 224/1289/1289 226/1290/1290
f 114/1291/1291 115/1292/1292 227/1293/1293
f 227/1294/1294 225/1295/1295 114/1296/1296
f 228/1297/1297 226/1298/1298 225/1299/1299
f 225/1300/1300 227/1301/1301 228/1302/1302
f 206/1303/1303 205/1304/1304 226/1305/1305
f 206/1306/1306 226/1307/1307 228/1308/1308
f 115/1309/1309 116/1310/1310 229/1311/1311
f 229/1312/1312 227/1313/1313 115/1314/1314
f 230/1315/1315 228/1316/1316 227/1317/1317
f 227/1318/1318 229/1319/1319 230/1320/1320
f 195/1321/1321 206/1322/1322 228/1323/1323
f 195/1324/1324 228/1325/1325 230/1326/1326
f 241/1327/1327 244/1328/1328 243/1329/1329
f 243/1330/1330 242/1331/1331 241/1332/1332
f 240/1333/1333 245/1334/1334 244/1335/1335
f 244/1336/1336 241/1337/1337 240/1338/1338
f 239/1339/1339 246/1340/1340 245/1341/1341
f 245/1342/1342 240/1343/1343 239/1344/1344
f 238/1345/1345 247/1346/1346 246/1347/1347
f 246/1348/1348 239/1349/1349 238/1350/1350
f 237/1351/1351 248/1352/1352 247/1353/1353
f 247/1354/1354 238/1355/1355 237/1356/1356
f 236/1357/1357 249/1358/1358 248/1359/1359
f 248/1360/1360 237/1361/1361 236/1362/1362
f 235/1363/1363 250/1364/1364 249/1365/1365
f 249/1366/1366 236/1367/1367 235/1368/1368
f 234/1369/1369 251/1370/1370 250/1371/1371
f 250/1372/1372 235/1373/1373 234/1374/1374
f 233/1375/1375 252/1376/1376 251/1377/1377
f 251/1378/1378 234/1379/1379 233/1380/1380
f 231/1381/1381 253/1382/1382 252/1383/1383
f 252/1384/1384 233/1385/1385 231/1386/1386
f 232/1387/1387 254/1388/1388 253/1389/1389
f 253/1390/1390 231/1391/1391 232/1392/1392
f 242/1393/1393 243/1394/1394 254/1395/1395
f 254/1396/1396 232/1397/1397 242/1398/1398
f 231/1399/1399 233/1400/1400 255/1401/1401
f 233/1402/1402 234/1403/1403 255/1404/1404
f 234/1405/1405 235/1406/1406 255/1407/1407
f 235/1408/1408 236/1409/1409 255/1410/1410
f 236/1411/1411 237/1412/1412 255/1413/1413
f 237/1414/1414 238/1415/1415 255/1416/1416
f 260/1417/1417 259/1418/1418 256/1419/1419
f 259/1420/1420 258/1421/1421 256/1422/1422
f 258/1423/1423 257/1424/1424 256/1425/1425
f 263/1426/1426 262/1427/1427 256/1428/1428
f 262/1429/1429 261/1430/1430 256/1431/1431
f 261/1432/1432 260/1433/1433 256/1434/1434
f 299/1435/1435 276/1436/1436 277/1437/1437
f 300/1438/1438 299/1439/1439 277/1440/1440
f 298/1441/1441 278/1442/1442 276/1443/1443
f 299/1444/1444 298/1445/1445 276/1446/1446
f 297/1447/1447 279/1448/1448 278/1449/1449
f 298/1450/1450 297/1451/1451 278/1452/1452
f 296/1453/1453 280/1454/1454 279/1455/1455
f 297/1456/1456 296/1457/1457 279/1458/1458
f 295/1459/1459 281/1460/1460 280/1461/1461
f 296/1462/1462 295/1463/1463 280/1464/1464
f 294/1465/1465 282/1466/1466 281/1467/1467
f 295/1468/1468 294/1469/1469 281/1470/1470
f 293/1471/1471 283/1472/1472 282/1473/1473
f 294/1474/1474 293/1475/1475 282/1476/1476
f 292/1477/1477 284/1478/1478 283/1479/1479
f 293/1480/1480 292/1481/1481 283/1482/1482
f 290/1483/1483 285/1484/1484 284/1485/1485
f 292/1486/1486 290/1487/1487 284/1488/1488
f 289/1489/1489 286/1490/1490 285/1491/1491
f 290/1492/1492 289/1493/1493 285/1494/1494
f 291/1495/1495 287/1496/1496 286/1497/1497
f 289/1498/1498 291/1499/1499 286/1500/1500
f 300/1501/1501 277/1502/1502 287/1503/1503
f 291/1504/1504 300/1505/1505 287/1506/1506
f 277/1507/1507 276/1508/1508 288/1509/1509
f 276/1510/1510 278/1511/1511 288/1512/1512
f 278/1513/1513 279/1514/1514 288/1515/1515
f 279/1516/1516 280/1517/1517 288/1518/1518
f 280/1519/1519 281/1520/1520 288/1521/1521
f 281/1522/1522 282/1523/1523 288/1524/1524
f 282/1525/1525 283/1526/1526 288/1527/1527
f 283/1528/1528 284/1529/1529 288/1530/1530
f 284/1531/1531 285/1532/1532 288/1533/1533
f 285/1534/1534 286/1535/1535 288/1536/1536
f 286/1537/1537 287/1538/1538 288/1539/1539
f 287/1540/1540 277/1541/1541 288/1542/1542
f 264/1543/1543 315/1544/1544 325/1545/1545
f 275/1546/1546 264/1547/1547 325/1548/1548
f 265/1549/1549 314/1550/1550 315/1551/1551
f 264/1552/1552 265/1553/1553 315/1554/1554
f 275/1555/1555 325/1556/1556 324/1557/1557
f 274/1558/1558 275/1559/1559 324/1560/1560
f 274/1561/1561 324/1562/1562 323/1563/1563
f 273/1564/1564 274/1565/1565 323/1566/1566
f 273/1567/1567 323/1568/1568 322/1569/1569
f 272/1570/1570 273/1571/1571 322/1572/1572
f 272/1573/1573 322/1574/1574 321/1575/1575
f 271/1576/1576 272/1577/1577 321/1578/1578
f 271/1579/1579 321/1580/1580 320/1581/1581
f 270/1582/1582 271/1583/1583 320/1584/1584
f 270/1585/1585 320/1586/1586 319/1587/1587
f 269/1588/1588 270/1589/1589 319/1590/1590
f 269/1591/1591 319/1592/1592 318/1593/1593
f 268/1594/1594 269/1595/1595 318/1596/1596
f 268/1597/1597 318/1598/1598 317/1599/1599
f 267/1600/1600 268/1601/1601 317/1602/1602
f 267/1603/1603 317/1604/1604 316/1605/1605
f 266/1606/1606 267/1607/1607 316/1608/1608
f 266/1609/1609 316/1610/1610 314/1611/1611
f 265/1612/1612 266/1613/1613 314/1614/1614
f 301/1615/1615 310/1616/1616 309/1617/1617
f 301/1618/1618 311/1619/1619 310/1620/1620
f 301/1621/1621 312/1622/1622 311/1623/1623
f 301/1624/1624 313/1625/1625 312/1626/1626
f 301/1627/1627 303/1628/1628 313/1629/1629
f 301/1630/1630 302/1631/1631 303/1632/1632
f 301/1633/1633 304/1634/1634 302/1635/1635
f 301/1636/1636 305/1637/1637 304/1638/1638
f 301/1639/1639 306/1640/1640 305/1641/1641
f 301/1642/1642 307/1643/1643 306/1644/1644
f 301/1645/1645 308/1646/1646 307/1647/1647
f 301/1648/1648 309/1649/1649 308/1650/1650
f 265/1651/1651 264/1652/1652 356/1653/1653
f 326/1654/1654 265/1655/1655 356/1656/1656
f 326/1657/1657 356/1658/1658 357/1659/1659
f 357/1660/1660 327/1661/1661 326/1662/1662
f 357/1663/1663 358/1664/1664 328/1665/1665
f 357/1666/1666 328/1667/1667 327/1668/1668
f 358/1669/1669 303/1670/1670 302/1671/1671
f 328/1672/1672 358/1673/1673 302/1674/1674
f 266/1675/1675 265/1676/1676 326/1677/1677
f 329/1678/1678 266/1679/1679 326/1680/1680
f 329/1681/1681 326/1682/1682 327/1683/1683
f 327/1684/1684 330/1685/1685 329/1686/1686
f 327/1687/1687 328/1688/1688 331/1689/1689
f 327/1690/1690 331/1691/1691 330/1692/1692
f 328/1693/1693 302/1694/1694 304/1695/1695
f 331/1696/1696 328/1697/1697 304/1698/1698
f 267/1699/1699 266/1700/1700 329/1701/1701
f 332/1702/1702 267/1703/1703 329/1704/1704
f 332/1705/1705 329/1706/1706 330/1707/1707
f 330/1708/1708 333/1709/1709 332/1710/1710
f 330/1711/1711 331/1712/1712 334/1713/1713
f 330/1714/1714 334/1715/1715 333/1716/1716
f 331/1717/1717 304/1718/1718 305/1719/1719
f 331/1720/1720 305/1721/1721 334/1722/1722
f 268/1723/1723 267/1724/1724 332/1725/1725
f 335/1726/1726 268/1727/1727 332/1728/1728
f 335/1729/1729 332/1730/1730 333/1731/1731
f 333/1732/1732 336/1733/1733 335/1734/1734
f 333/1735/1735 334/1736/1736 337/1737/1737
f 333/1738/1738 337/1739/1739 336/1740/1740
f 334/1741/1741 305/1742/1742 306/1743/1743
f 334/1744/1744 306/1745/1745 337/1746/1746
f 269/1747/1747 268/1748/1748 335/1749/1749
f 338/1750/1750 269/1751/1751 335/1752/1752
f 338/1753/1753 335/1754/1754 336/1755/1755
f 336/1756/1756 339/1757/1757 338/1758/1758
f 336/1759/1759 337/1760/1760 340/1761/1761
f 336/1762/1762 340/1763/1763 339/1764/1764
f 337/1765/1765 306/1766/1766 307/1767/1767
f 340/1768/1768 337/1769/1769 307/1770/1770
f 270/1771/1771 269/1772/1772 338/1773/1773
f 341/1774/1774 270/1775/1775 338/1776/1776
f 341/1777/1777 338/1778/1778 339/1779/1779
f 339/1780/1780 342/1781/1781 341/1782/1782
f 339/1783/1783 340/1784/1784 343/1785/1785
f 339/1786/1786 343/1787/1787 342/1788/1788
f 340/1789/1789 307/1790/1790 308/1791/1791
f 343/1792/1792 340/1793/1793 308/1794/1794
f 271/1795/1795 270/1796/1796 341/1797/1797
f 344/1798/1798 271/1799/1799 341/1800/1800
f 344/1801/1801 341/1802/1802 342/1803/1803
f 342/1804/1804 345/1805/1805 344/1806/1806
f 342/1807/1807 343/1808/1808 346/1809/1809
f 342/1810/1810 346/1811/1811 345/1812/1812
f 343/1813/1813 308/1814/1814 309/1815/1815
f 346/1816/1816 343/1817/1817 309/1818/1818
f 272/1819/1819 271/1820/1820 344/1821/1821
f 347/1822/1822 272/1823/1823 344/1824/1824
f 347/1825/1825 344/1826/1826 345/1827/1827
f 345/1828/1828 348/1829/1829 347/1830/1830
f 345/1831/1831 346/1832/1832 349/1833/1833
f 345/1834/1834 349/1835/1835 348/1836/1836
f 346/1837/1837 309/1838/1838 310/1839/1839
f 349/1840/1840 346/1841/1841 310/1842/1842
f 273/1843/1843 272/1844/1844 347/1845/1845
f 350/1846/1846 273/1847/1847 347/1848/1848
f 350/1849/1849 347/1850/1850 348/1851/1851
f 348/1852/1852 351/1853/1853 350/1854/1854
f 348/1855/1855 349/1856/1856 352/1857/1857
f 348/1858/1858 352/1859/1859 351/1860/1860
f 349/1861/1861 310/1862/1862 311/1863/1863
f 349/1864/1864 311/1865/1865 352/1866/1866
f 274/1867/1867 273/1868/1868 350/1869/1869
f 353/1870/1870 274/1871/1871 350/1872/1872
f 353/1873/1873 350/1874/1874 351/1875/1875
f 351/1876/1876 354/1877/1877 353/1878/1878
f 351/1879/1879 352/1880/1880 355/1881/1881
f 351/1882/1882 355/1883/1883 354/1884/1884
f 352/1885/1885 311/1886/1886 312/1887/1887
f 352/1888/1888 312/1889/1889 355/1890/1890
f 275/1891/1891 274/1892/1892 353/1893/1893
f 359/1894/1894 275/1895/1895 353/1896/1896
f 359/1897/1897 353/1898/1898 354/1899/1899
f 354/1900/1900 360/1901/1901 359/1902/1902
f 354/1903/1903 355/1904/1904 361/1905/1905
f 354/1906/1906 361/1907/1907 360/1908/1908
f 355/1909/1909 312/1910/1910 313/1911/1911
f 361/1912/1912 355/1913/1913 313/1914/1914
f 264/1915/1915 275/1916/1916 359/1917/1917
f 356/1918/1918 264/1919/1919 359/1920/1920
f 356/1921/1921 359/1922/1922 360/1923/1923
f 360/1924/1924 357/1925/1925 356/1926/1926
f 360/1927/1927 361/1928/1928 358/1929/1929
f 360/1930/1930 358/1931/1931 357/1932/1932
f 361/1933/1933 313/1934/1934 303/1935/1935
f 358/1936/1936 361/1937/1937 303/1938/1938
f 291/1939/1939 289/1940/1940 392/1941/1941
f 362/1942/1942 291/1943/1943 392/1944/1944
f 362/1945/1945 392/1946/1946 393/1947/1947
f 362/1948/1948 393/1949/1949 363/1950/1950
f 394/1951/1951 364/1952/1952 363/1953/1953
f 363/1954/1954 393/1955/1955 394/1956/1956
f 315/1957/1957 314/1958/1958 364/1959/1959
f 394/1960/1960 315/1961/1961 364/1962/1962
f 300/1963/1963 291/1964/1964 362/1965/1965
f 365/1966/1966 300/1967/1967 362/1968/1968
f 365/1969/1969 362/1970/1970 363/1971/1971
f 365/1972/1972 363/1973/1973 366/1974/1974
f 364/1975/1975 367/1976/1976 366/1977/1977
f 366/1978/1978 363/1979/1979 364/1980/1980
f 314/1981/1981 316/1982/1982 367/1983/1983
f 364/1984/1984 314/1985/1985 367/1986/1986
f 299/1987/1987 300/1988/1988 365/1989/1989
f 299/1990/1990 365/1991/1991 368/1992/1992
f 368/1993/1993 365/1994/1994 366/1995/1995
f 368/1996/1996 366/1997/1997 369/1998/1998
f 367/1999/1999 370/2000/2000 369/2001/2001
f 369/2002/2002 366/2003/2003 367/2004/2004
f 316/2005/2005 317/2006/2006 370/2007/2007
f 367/2008/2008 316/2009/2009 370/2010/2010
f 298/2011/2011 299/2012/2012 368/2013/2013
f 298/2014/2014 368/2015/2015 371/2016/2016
f 371/2017/2017 368/2018/2018 369/2019/2019
f 371/2020/2020 369/2021/2021 372/2022/2022
f 370/2023/2023 373/2024/2024 372/2025/2025
f 372/2026/2026 369/2027/2027 370/2028/2028
f 317/2029/2029 318/2030/2030 373/2031/2031
f 370/2032/2032 317/2033/2033 373/2034/2034
f 297/2035/2035 298/2036/2036 371/2037/2037
f 374/2038/2038 297/2039/2039 371/2040/2040
f 374/2041/2041 371/2042/2042 372/2043/2043
f 374/2044/2044 372/2045/2045 375/2046/2046
f 373/2047/2047 376/2048/2048 375/2049/2049
f 375/2050/2050 372/2051/2051 373/2052/2052
f 318/2053/2053 319/2054/2054 376/2055/2055
f 373/2056/2056 318/2057/2057 376/2058/2058
f 296/2059/2059 297/2060/2060 374/2061/2061
f 377/2062/2062 296/2063/2063 374/2064/2064
f 377/2065/2065 374/2066/2066 375/2067/2067
f 377/2068/2068 375/2069/2069 378/2070/2070
f 376/2071/2071 379/2072/2072 378/2073/2073
f 378/2074/2074 375/2075/2075 376/2076/2076
f 319/2077/2077 320/2078/2078 379/2079/2079
f 376/2080/2080 319/2081/2081 379/2082/2082
f 295/2083/2083 296/2084/2084 377/2085/2085
f 380/2086/2086 295/2087/2087 377/2088/2088
f 380/2089/2089 377/2090/2090 378/2091/2091
f 380/2092/2092 378/2093/2093 381/2094/2094
f 379/2095/2095 382/2096/2096 381/2097/2097
f 381/2098/2098 378/2099/2099 379/2100/2100
f 320/2101/2101 321/2102/2102 382/2103/2103
f 379/2104/2104 320/2105/2105 382/2106/2106
f 294/2107/2107 295/2108/2108 380/2109/2109
f 383/2110/2110 294/2111/2111 380/2112/2112
f 383/2113/2113 380/2114/2114 381/2115/2115
f 383/2116/2116 381/2117/2117 384/2118/2118
f 382/2119/2119 385/2120/2120 384/2121/2121
f 384/2122/2122 381/2123/2123 382/2124/2124
f 321/2125/2125 322/2126/2126 385/2127/2127
f 382/2128/2128 321/2129/2129 385/2130/2130
f 293/2131/2131 294/2132/2132 383/2133/2133
f 293/2134/2134 383/2135/2135 386/2136/2136
f 386/2137/2137 383/2138/2138 384/2139/2139
f 386/2140/2140 384/2141/2141 387/2142/2142
f 385/2143/2143 388/2144/2144 387/2145/2145
f 387/2146/2146 384/2147/2147 385/2148/2148
f 322/2149/2149 323/2150/2150 388/2151/2151
f 385/2152/2152 322/2153/2153 388/2154/2154
f 292/2155/2155 293/2156/2156 386/2157/2157
f 292/2158/2158 386/2159/2159 389/2160/2160
f 389/2161/2161 386/2162/2162 387/2163/2163
f 389/2164/2164 387/2165/2165 390/2166/2166
f 388/2167/2167 391/2168/2168 390/2169/2169
f 390/2170/2170 387/2171/2171 388/2172/2172
f 323/2173/2173 324/2174/2174 391/2175/2175
f 388/2176/2176 323/2177/2177 391/2178/2178
f 290/2179/2179 292/2180/2180 389/2181/2181
f 395/2182/2182 290/2183/2183 389/2184/2184
f 395/2185/2185 389/2186/2186 390/2187/2187
f 395/2188/2188 390/2189/2189 396/2190/2190
f 391/2191/2191 397/2192/2192 396/2193/2193
f 396/2194/2194 390/2195/2195 391/2196/2196
f 324/2197/2197 325/2198/2198 397/2199/2199
f 391/2200/2200 324/2201/2201 397/2202/2202
f 289/2203/2203 290/2204/2204 395/2205/2205
f 392/2206/2206 289/2207/2207 395/2208/2208
f 392/2209/2209 395/2210/2210 396/2211/2211
f 392/2212/2212 396/2213/2213 393/2214/2214
f 397/2215/2215 394/2216/2216 393/2217/2217
f 393/2218/2218 396/2219/2219 397/2220/2220
f 325/2221/2221 315/2222/2222 394/2223/2223
f 397/2224/2224 325/2225/2225 394/2226/2226
f 406/2227/2227 398/2228/2228 399/2229/2229
f 407/2230/2230 406/2231/2231 399/2232/2232
f 406/2233/2233 407/2234/2234 415/2235/2235
f 406/2236/2236 415/2237/2237 414/2238/2238
f 422/2239/2239 414/2240/2240 415/2241/2241
f 422/2242/2242 415/2243/2243 423/2244/2244
f 422/2245/2245 423/2246/2246 431/2247/2247
f 422/2248/2248 431/2249/2249 430/2250/2250
f 439/2251/2251 438/2252/2252 430/2253/2253
f 439/2254/2254 430/2255/2255 431/2256/2256
f 447/2257/2257 446/2258/2258 438/2259/2259
f 447/2260/2260 438/2261/2261 439/2262/2262
f 455/2263/2263 454/2264/2264 446/2265/2265
f 446/2266/2266 447/2267/2267 455/2268/2268
f 398/2269/2269 454/2270/2270 455/2271/2271
f 399/2272/2272 398/2273/2273 455/2274/2274
f 407/2275/2275 399/2276/2276 400/2277/2277
f 408/2278/2278 407/2279/2279 400/2280/2280
f 407/2281/2281 408/2282/2282 416/2283/2283
f 407/2284/2284 416/2285/2285 415/2286/2286
f 423/2287/2287 415/2288/2288 416/2289/2289
f 423/2290/2290 416/2291/2291 424/2292/2292
f 423/2293/2293 424/2294/2294 432/2295/2295
f 423/2296/2296 432/2297/2297 431/2298/2298
f 440/2299/2299 439/2300/2300 431/2301/2301
f 440/2302/2302 431/2303/2303 432/2304/2304
f 448/2305/2305 447/2306/2306 439/2307/2307
f 448/2308/2308 439/2309/2309 440/2310/2310
f 456/2311/2311 455/2312/2312 447/2313/2313
f 447/2314/2314 448/2315/2315 456/2316/2316
f 399/2317/2317 455/2318/2318 456/2319/2319
f 400/2320/2320 399/2321/2321 456/2322/2322
f 408/2323/2323 400/2324/2324 401/2325/2325
f 409/2326/2326 408/2327/2327 401/2328/2328
f 408/2329/2329 409/2330/2330 417/2331/2331
f 408/2332/2332 417/2333/2333 416/2334/2334
f 424/2335/2335 416/2336/2336 417/2337/2337
f 424/2338/2338 417/2339/2339 425/2340/2340
f 424/2341/2341 425/2342/2342 433/2343/2343
f 424/2344/2344 433/2345/2345 432/2346/2346
f 441/2347/2347 440/2348/2348 432/2349/2349
f 441/2350/2350 432/2351/2351 433/2352/2352
f 449/2353/2353 448/2354/2354 440/2355/2355
f 449/2356/2356 440/2357/2357 441/2358/2358
f 457/2359/2359 456/2360/2360 448/2361/2361
f 448/2362/2362 449/2363/2363 457/2364/2364
f 400/2365/2365 456/2366/2366 457/2367/2367
f 401/2368/2368 400/2369/2369 457/2370/2370
f 409/2371/2371 401/2372/2372 402/2373/2373
f 410/2374/2374 409/2375/2375 402/2376/2376
f 409/2377/2377 410/2378/2378 418/2379/2379
f 409/2380/2380 418/2381/2381 417/2382/2382
f 425/2383/2383 417/2384/2384 418/2385/2385
f 425/2386/2386 418/2387/2387 426/2388/2388
f 425/2389/2389 426/2390/2390 434/2391/2391
f 425/2392/2392 434/2393/2393 433/2394/2394
f 442/2395/2395 441/2396/2396 433/2397/2397
f 442/2398/2398 433/2399/2399 434/2400/2400
f 450/2401/2401 449/2402/2402 441/2403/2403
f 450/2404/2404 441/2405/2405 442/2406/2406
f 458/2407/2407 457/2408/2408 449/2409/2409
f 449/2410/2410 450/2411/2411 458/2412/2412
f 401/2413/2413 457/2414/2414 458/2415/2415
f 402/2416/2416 401/2417/2417 458/2418/2418
f 410/2419/2419 402/2420/2420 403/2421/2421
f 411/2422/2422 410/2423/2423 403/2424/2424
f 410/2425/2425 411/2426/2426 419/2427/2427
f 410/2428/2428 419/2429/2429 418/2430/2430
f 426/2431/2431 418/2432/2432 419/2433/2433
f 426/2434/2434 419/2435/2435 427/2436/2436
f 426/2437/2437 427/2438/2438 435/2439/2439
f 426/2440/2440 435/2441/2441 434/2442/2442
f 443/2443/2443 442/2444/2444 434/2445/2445
f 443/2446/2446 434/2447/2447 435/2448/2448
f 451/2449/2449 450/2450/2450 442/2451/2451
f 451/2452/2452 442/2453/2453 443/2454/2454
f 459/2455/2455 458/2456/2456 450/2457/2457
f 450/2458/2458 451/2459/2459 459/2460/2460
f 402/2461/2461 458/2462/2462 459/2463/2463
f 403/2464/2464 402/2465/2465 459/2466/2466
f 411/2467/2467 403/2468/2468 404/2469/2469
f 412/2470/2470 411/2471/2471 404/2472/2472
f 411/2473/2473 412/2474/2474 420/2475/2475
f 411/2476/2476 420/2477/2477 419/2478/2478
f 427/2479/2479 419/2480/2480 420/2481/2481
f 427/2482/2482 420/2483/2483 428/2484/2484
f 427/2485/2485 428/2486/2486 436/2487/2487
f 427/2488/2488 436/2489/2489 435/2490/2490
f 444/2491/2491 443/2492/2492 435/2493/2493
f 444/2494/2494 435/2495/2495 436/2496/2496
f 452/2497/2497 451/2498/2498 443/2499/2499
f 452/2500/2500 443/2501/2501 444/2502/2502
f 460/2503/2503 459/2504/2504 451/2505/2505
f 451/2506/2506 452/2507/2507 460/2508/2508
f 403/2509/2509 459/2510/2510 460/2511/2511
f 404/2512/2512 403/2513/2513 460/2514/2514
f 412/2515/2515 404/2516/2516 405/2517/2517
f 413/2518/2518 412/2519/2519 405/2520/2520
f 412/2521/2521 413/2522/2522 421/2523/2523
f 412/2524/2524 421/2525/2525 420/2526/2526
f 428/2527/2527 420/2528/2528 421/2529/2529
f 428/2530/2530 421/2531/2531 429/2532/2532
f 428/2533/2533 429/2534/2534 437/2535/2535
f 428/2536/2536 437/2537/2537 436/2538/2538
f 445/2539/2539 444/2540/2540 436/2541/2541
f 445/2542/2542 436/2543/2543 437/2544/2544
f 453/2545/2545 452/2546/2546 444/2547/2547
f 453/2548/2548 444/2549/2549 445/2550/2550
f 461/2551/2551 460/2552/2552 452/2553/2553
f 452/2554/2554 453/2555/2555 461/2556/2556
f 404/2557/2557 460/2558/2558 461/2559/2559
f 405/2560/2560 404/2561/2561 461/2562/2562
f 438/2563/2563 446/2564/2564 454/2565/2565
f 430/2566/2566 438/2567/2567 454/2568/2568
f 422/2569/2569 430/2570/2570 454/2571/2571
f 414/2572/2572 422/2573/2573 454/2574/2574
f 406/2575/2575 414/2576/2576 454/2577/2577
f 454/2578/2578 398/2579/2579 406/2580/2580
f 478/2581/2581 462/2582/2582 463/2583/2583
f 479/2584/2584 478/2585/2585 463/2586/2586
f 478/2587/2587 479/2588/2588 495/2589/2589
f 478/2590/2590 495/2591/2591 494/2592/2592
f 510/2593/2593 494/2594/2594 495/2595/2595
f 510/2596/2596 495/2597/2597 511/2598/2598
f 510/2599/2599 511/2600/2600 527/2601/2601
f 510/2602/2602 527/2603/2603 526/2604/2604
f 543/2605/2605 542/2606/2606 526/2607/2607
f 543/2608/2608 526/2609/2609 527/2610/2610
f 559/2611/2611 558/2612/2612 542/2613/2613
f 559/2614/2614 542/2615/2615 543/2616/2616
f 575/2617/2617 574/2618/2618 558/2619/2619
f 558/2620/2620 559/2621/2621 575/2622/2622
f 462/2623/2623 574/2624/2624 575/2625/2625
f 463/2626/2626 462/2627/2627 575/2628/2628
f 479/2629/2629 463/2630/2630 464/2631/2631
f 480/2632/2632 479/2633/2633 464/2634/2634
f 479/2635/2635 480/2636/2636 496/2637/2637
f 479/2638/2638 496/2639/2639 495/2640/2640
f 511/2641/2641 495/2642/2642 496/2643/2643
f 511/2644/2644 496/2645/2645 512/2646/2646
f 511/2647/2647 512/2648/2648 528/2649/2649
f 511/2650/2650 528/2651/2651 527/2652/2652
f 544/2653/2653 543/2654/2654 527/2655/2655
f 544/2656/2656 527/2657/2657 528/2658/2658
f 560/2659/2659 559/2660/2660 543/2661/2661
f 560/2662/2662 543/2663/2663 544/2664/2664
f 576/2665/2665 575/2666/2666 559/2667/2667
f 559/2668/2668 560/2669/2669 576/2670/2670
f 463/2671/2671 575/2672/2672 576/2673/2673
f 464/2674/2674 463/2675/2675 576/2676/2676
f 480/2677/2677 464/2678/2678 465/2679/2679
f 481/2680/2680 480/2681/2681 465/2682/2682
f 480/2683/2683 481/2684/2684 497/2685/2685
f 480/2686/2686 497/2687/2687 496/2688/2688
f 512/2689/2689 496/2690/2690 497/2691/2691
f 512/2692/2692 497/2693/2693 513/2694/2694
f 512/2695/2695 513/2696/2696 529/2697/2697
f 512/2698/2698 529/2699/2699 528/2700/2700
f 545/2701/2701 544/2702/2702 528/2703/2703
f 545/2704/2704 528/2705/2705 529/2706/2706
f 561/2707/2707 560/2708/2708 544/2709/2709
f 561/2710/2710 544/2711/2711 545/2712/2712
f 577/2713/2713 576/2714/2714 560/2715/2715
f 560/2716/2716 561/2717/2717 577/2718/2718
f 464/2719/2719 576/2720/2720 577/2721/2721
f 465/2722/2722 464/2723/2723 577/2724/2724
f 482/2725/2725 466/2726/2726 467/2727/2727
f 483/2728/2728 482/2729/2729 467/2730/2730
f 482/2731/2731 483/2732/2732 499/2733/2733
f 482/2734/2734 499/2735/2735 498/2736/2736
f 514/2737/2737 498/2738/2738 499/2739/2739
f 514/2740/2740 499/2741/2741 515/2742/2742
f 514/2743/2743 515/2744/2744 531/2745/2745
f 514/2746/2746 531/2747/2747 530/2748/2748
f 547/2749/2749 546/2750/2750 530/2751/2751
f 547/2752/2752 530/2753/2753 531/2754/2754
f 563/2755/2755 562/2756/2756 546/2757/2757
f 563/2758/2758 546/2759/2759 547/2760/2760
f 579/2761/2761 578/2762/2762 562/2763/2763
f 562/2764/2764 563/2765/2765 579/2766/2766
f 466/2767/2767 578/2768/2768 579/2769/2769
f 467/2770/2770 466/2771/2771 579/2772/2772
f 483/2773/2773 467/2774/2774 468/2775/2775
f 484/2776/2776 483/2777/2777 468/2778/2778
f 483/2779/2779 484/2780/2780 500/2781/2781
f 483/2782/2782 500/2783/2783 499/2784/2784
f 515/2785/2785 499/2786/2786 500/2787/2787
f 515/2788/2788 500/2789/2789 516/2790/2790
f 515/2791/2791 516/2792/2792 532/2793/2793
f 515/2794/2794 532/2795/2795 531/2796/2796
f 548/2797/2797 547/2798/2798 531/2799/2799
f 548/2800/2800 531/2801/2801 532/2802/2802
f 564/2803/2803 563/2804/2804 547/2805/2805
f 564/2806/2806 547/2807/2807 548/2808/2808
f 580/2809/2809 579/2810/2810 563/2811/2811
f 563/2812/2812 564/2813/2813 580/2814/2814
f 467/2815/2815 579/2816/2816 580/2817/2817
f 468/2818/2818 467/2819/2819 580/2820/2820
f 484/2821/2821 468/2822/2822 469/2823/2823
f 485/2824/2824 484/2825/2825 469/2826/2826
f 484/2827/2827 485/2828/2828 501/2829/2829
f 484/2830/2830 501/2831/2831 500/2832/2832
f 516/2833/2833 500/2834/2834 501/2835/2835
f 516/2836/2836 501/2837/2837 517/2838/2838
f 516/2839/2839 517/2840/2840 533/2841/2841
f 516/2842/2842 533/2843/2843 532/2844/2844
f 549/2845/2845 548/2846/2846 532/2847/2847
f 549/2848/2848 532/2849/2849 533/2850/2850
f 565/2851/2851 564/2852/2852 548/2853/2853
f 565/2854/2854 548/2855/2855 549/2856/2856
f 581/2857/2857 580/2858/2858 564/2859/2859
f 564/2860/2860 565/2861/2861 581/2862/2862
f 468/2863/2863 580/2864/2864 581/2865/2865
f 469/2866/2866 468/2867/2867 581/2868/2868
f 485/2869/2869 469/2870/2870 470/2871/2871
f 486/2872/2872 485/2873/2873 470/2874/2874
f 485/2875/2875 486/2876/2876 502/2877/2877
f 485/2878/2878 502/2879/2879 501/2880/2880
f 517/2881/2881 501/2882/2882 502/2883/2883
f 517/2884/2884 502/2885/2885 518/2886/2886
f 517/2887/2887 518/2888/2888 534/2889/2889
f 517/2890/2890 534/2891/2891 533/2892/2892
f 550/2893/2893 549/2894/2894 533/2895/2895
f 550/2896/2896 533/2897/2897 534/2898/2898
f 566/2899/2899 565/2900/2900 549/2901/2901
f 566/2902/2902 549/2903/2903 550/2904/2904
f 582/2905/2905 581/2906/2906 565/2907/2907
f 565/2908/2908 566/2909/2909 582/2910/2910
f 469/2911/2911 581/2912/2912 582/2913/2913
f 470/2914/2914 469/2915/2915 582/2916/2916
f 486/2917/2917 470/2918/2918 471/2919/2919
f 487/2920/2920 486/2921/2921 471/2922/2922
f 486/2923/2923 487/2924/2924 503/2925/2925
f 486/2926/2926 503/2927/2927 502/2928/2928
f 518/2929/2929 502/2930/2930 503/2931/2931
f 518/2932/2932 503/2933/2933 519/2934/2934
f 518/2935/2935 519/2936/2936 535/2937/2937
f 518/2938/2938 535/2939/2939 534/2940/2940
f 551/2941/2941 550/2942/2942 534/2943/2943
f 551/2944/2944 534/2945/2945 535/2946/2946
f 567/2947/2947 566/2948/2948 550/2949/2949
f 567/2950/2950 550/2951/2951 551/2952/2952
f 583/2953/2953 582/2954/2954 566/2955/2955
f 566/2956/2956 567/2957/2957 583/2958/2958
f 470/2959/2959 582/2960/2960 583/2961/2961
f 471/2962/2962 470/2963/2963 583/2964/2964
f 487/2965/2965 471/2966/2966 472/2967/2967
f 488/2968/2968 487/2969/2969 472/2970/2970
f 487/2971/2971 488/2972/2972 504/2973/2973
f 487/2974/2974 504/2975/2975 503/2976/2976
f 519/2977/2977 503/2978/2978 504/2979/2979
f 519/2980/2980 504/2981/2981 520/2982/2982
f 519/2983/2983 520/2984/2984 536/2985/2985
f 519/2986/2986 536/2987/2987 535/2988/2988
f 552/2989/2989 551/2990/2990 535/2991/2991
f 552/2992/2992 535/2993/2993 536/2994/2994
f 568/2995/2995 567/2996/2996 551/2997/2997
f 568/2998/2998 551/2999/2999 552/3000/3000
f 584/3001/3001 583/3002/3002 567/3003/3003
f 567/3004/3004 568/3005/3005 584/3006/3006
f 471/3007/3007 583/3008/3008 584/3009/3009
f 472/3010/3010 471/3011/3011 584/3012/3012
f 488/3013/3013 472/3014/3014 473/3015/3015
f 489/3016/3016 488/3017/3017 473/3018/3018
f 488/3019/3019 489/3020/3020 505/3021/3021
f 488/3022/3022 505/3023/3023 504/3024/3024
f 520/3025/3025 504/3026/3026 505/3027/3027
f 520/3028/3028 505/3029/3029 521/3030/3030
f 520/3031/3031 521/3032/3032 537/3033/3033
f 520/3034/3034 537/3035/3035 536/3036/3036
f 553/3037/3037 552/3038/3038 536/3039/3039
f 553/3040/3040 536/3041/3041 537/3042/3042
f 569/3043/3043 568/3044/3044 552/3045/3045
f 569/3046/3046 552/3047/3047 553/3048/3048
f 585/3049/3049 584/3050/3050 568/3051/3051
f 568/3052/3052 569/3053/3053 585/3054/3054
f 472/3055/3055 584/3056/3056 585/3057/3057
f 473/3058/3058 472/3059/3059 585/3060/3060
f 489/3061/3061 473/3062/3062 474/3063/3063
f 490/3064/3064 489/3065/3065 474/3066/3066
f 489/3067/3067 490/3068/3068 506/3069/3069
f 489/3070/3070 506/3071/3071 505/3072/3072
f 521/3073/3073 505/3074/3074 506/3075/3075
f 521/3076/3076 506/3077/3077 522/3078/3078
f 521/3079/3079 522/3080/3080 538/3081/3081
f 521/3082/3082 538/3083/3083 537/3084/3084
f 554/3085/3085 553/3086/3086 537/3087/3087
f 554/3088/3088 537/3089/3089 538/3090/3090
f 570/3091/3091 569/3092/3092 553/3093/3093
f 570/3094/3094 553/3095/3095 554/3096/3096
f 586/3097/3097 585/3098/3098 569/3099/3099
f 569/3100/3100 570/3101/3101 586/3102/3102
f 473/3103/3103 585/3104/3104 586/3105/3105
f 474/3106/3106 473/3107/3107 586/3108/3108
f 490/3109/3109 474/3110/3110 475/3111/3111
f 491/3112/3112 490/3113/3113 475/3114/3114
f 490/3115/3115 491/3116/3116 507/3117/3117
f 490/3118/3118 507/3119/3119 506/3120/3120
f 522/3121/3121 506/3122/3122 507/3123/3123
f 522/3124/3124 507/3125/3125 523/3126/3126
f 522/3127/3127 523/3128/3128 539/3129/3129
f 522/3130/3130 539/3131/3131 538/3132/3132
f 555/3133/3133 554/3134/3134 538/3135/3135
f 555/3136/3136 538/3137/3137 539/3138/3138
f 571/3139/3139 570/3140/3140 554/3141/3141
f 571/3142/3142 554/3143/3143 555/3144/3144
f 587/3145/3145 586/3146/3146 570/3147/3147
f 570/3148/3148 571/3149/3149 587/3150/3150
f 474/3151/3151 586/3152/3152 587/3153/3153
f 475/3154/3154 474/3155/3155 587/3156/3156
f 491/3157/3157 475/3158/3158 476/3159/3159
f 492/3160/3160 491/3161/3161 476/3162/3162
f 491/3163/3163 492/3164/3164 508/3165/3165
f 491/3166/3166 508/3167/3167 507/3168/3168
f 523/3169/3169 507/3170/3170 508/3171/3171
f 523/3172/3172 508/3173/3173 524/3174/3174
f 523/3175/3175 524/3176/3176 540/3177/3177
f 523/3178/3178 540/3179/3179 539/3180/3180
f 556/3181/3181 555/3182/3182 539/3183/3183
f 556/3184/3184 539/3185/3185 540/3186/3186
f 572/3187/3187 571/3188/3188 555/3189/3189
f 572/3190/3190 555/3191/3191 556/3192/3192
f 588/3193/3193 587/3194/3194 571/3195/3195
f 571/3196/3196 572/3197/3197 588/3198/3198
f 475/3199/3199 587/3200/3200 588/3201/3201
f 476/3202/3202 475/3203/3203 588/3204/3204
f 492/3205/3205 476/3206/3206 477/3207/3207
f 493/3208/3208 492/3209/3209 477/3210/3210
f 492/3211/3211 493/3212/3212 509/3213/3213
f 492/3214/3214 509/3215/3215 508/3216/3216
f 524/3217/3217 508/3218/3218 509/3219/3219
f 524/3220/3220 509/3221/3221 525/3222/3222
f 524/3223/3223 525/3224/3224 541/3225/3225
f 524/3226/3226 541/3227/3227 540/3228/3228
f 557/3229/3229 556/3230/3230 540/3231/3231
f 557/3232/3232 540/3233/3233 541/3234/3234
f 573/3235/3235 572/3236/3236 556/3237/3237
f 573/3238/3238 556/3239/3239 557/3240/3240
f 589/3241/3241 588/3242/3242 572/3243/3243
f 572/3244/3244 573/3245/3245 589/3246/3246
f 476/3247/3247 588/3248/3248 589/3249/3249
f 477/3250/3250 476/3251/3251 589/3252/3252
f 493/3253/3253 477/3254/3254 462/3255/3255
f 478/3256/3256 493/3257/3257 462/3258/3258
f 493/3259/3259 478/3260/3260 494/3261/3261
f 493/3262/3262 494/3263/3263 509/3264/3264
f 525/3265/3265 509/3266/3266 494/3267/3267
f 525/3268/3268 494/3269/3269 510/3270/3270
f 525/3271/3271 510/3272/3272 526/3273/3273
f 525/3274/3274 526/3275/3275 541/3276/3276
f 542/3277/3277 557/3278/3278 541/3279/3279
f 542/3280/3280 541/3281/3281 526/3282/3282
f 558/3283/3283 573/3284/3284 557/3285/3285
f 558/3286/3286 557/3287/3287 542/3288/3288
f 574/3289/3289 589/3290/3290 573/3291/3291
f 573/3292/3292 558/3293/3293 574/3294/3294
f 477/3295/3295 589/3296/3296 574/3297/3297
f 462/3298/3298 477/3299/3299 574/3300/3300
f 513/3301/3301 590/3302/3302 591/3303/3303
f 513/3304/3304 591/3305/3305 529/3306/3306
f 592/3307/3307 545/3308/3308 529/3309/3309
f 592/3310/3310 529/3311/3311 591/3312/3312
f 592/3313/3313 593/3314/3314 561/3315/3315
f 592/3316/3316 561/3317/3317 545/3318/3318
f 594/3319/3319 577/3320/3320 561/3321/3321
f 594/3322/3322 561/3323/3323 593/3324/3324
f 594/3325/3325 595/3326/3326 465/3327/3327
f 577/3328/3328 594/3329/3329 465/3330/3330
f 595/3331/3331 596/3332/3332 481/3333/3333
f 465/3334/3334 595/3335/3335 481/3336/3336
f 497/3337/3337 481/3338/3338 596/3339/3339
f 597/3340/3340 497/3341/3341 596/3342/3342
f 497/3343/3343 597/3344/3344 590/3345/3345
f 497/3346/3346 590/3347/3347 513/3348/3348
f 596/3349/3349 595/3350/3350 594/3351/3351
f 597/3352/3352 596/3353/3353 594/3354/3354
f 590/3355/3355 597/3356/3356 594/3357/3357
f 591/3358/3358 590/3359/3359 594/3360/3360
f 592/3361/3361 591/3362/3362 594/3363/3363
f 594/3364/3364 593/3365/3365 592/3366/3366
f 546/3367/3367 562/3368/3368 578/3369/3369
f 530/3370/3370 546/3371/3371 578/3372/3372
f 514/3373/3373 530/3374/3374 578/3375/3375
f 498/3376/3376 514/3377/3377 578/3378/3378
f 482/3379/3379 498/3380/3380 578/3381/3381
f 578/3382/3382 466/3383/3383 482/3384/3384
f 453/3385/3385 445/3386/3386 437/3387/3387
f 461/3388/3388 453/3389/3389 437/3390/3390
f 405/3391/3391 461/3392/3392 437/3393/3393
f 413/3394/3394 405/3395/3395 437/3396/3396
f 421/3397/3397 413/3398/3398 437/3399/3399
f 437/3400/3400 429/3401/3401 421/3402/3402
f 614/3403/3403 598/3404/3404 599/3405/3405
f 615/3406/3406 614/3407/3407 599/3408/3408
f 614/3409/3409 615/3410/3410 631/3411/3411
f 614/3412/3412 631/3413/3413 630/3414/3414
f 646/3415/3415 630/3416/3416 631/3417/3417
f 646/3418/3418 631/3419/3419 647/3420/3420
f 646/3421/3421 647/3422/3422 663/3423/3423
f 646/3424/3424 663/3425/3425 662/3426/3426
f 679/3427/3427 678/3428/3428 662/3429/3429
f 679/3430/3430 662/3431/3431 663/3432/3432
f 695/3433/3433 694/3434/3434 678/3435/3435
f 695/3436/3436 678/3437/3437 679/3438/3438
f 711/3439/3439 710/3440/3440 694/3441/3441
f 694/3442/3442 695/3443/3443 711/3444/3444
f 598/3445/3445 710/3446/3446 711/3447/3447
f 599/3448/3448 598/3449/3449 711/3450/3450
f 615/3451/3451 599/3452/3452 600/3453/3453
f 616/3454/3454 615/3455/3455 600/3456/3456
f 615/3457/3457 616/3458/3458 632/3459/3459
f 615/3460/3460 632/3461/3461 631/3462/3462
f 647/3463/3463 631/3464/3464 632/3465/3465
f 647/3466/3466 632/3467/3467 648/3468/3468
f 647/3469/3469 648/3470/3470 664/3471/3471
f 647/3472/3472 664/3473/3473 663/3474/3474
f 680/3475/3475 679/3476/3476 663/3477/3477
f 680/3478/3478 663/3479/3479 664/3480/3480
f 696/3481/3481 695/3482/3482 679/3483/3483
f 696/3484/3484 679/3485/3485 680/3486/3486
f 712/3487/3487 711/3488/3488 695/3489/3489
f 695/3490/3490 696/3491/3491 712/3492/3492
f 599/3493/3493 711/3494/3494 712/3495/3495
f 600/3496/3496 599/3497/3497 712/3498/3498
f 616/3499/3499 600/3500/3500 601/3501/3501
f 617/3502/3502 616/3503/3503 601/3504/3504
f 616/3505/3505 617/3506/3506 633/3507/3507
f 616/3508/3508 633/3509/3509 632/3510/3510
f 648/3511/3511 632/3512/3512 633/3513/3513
f 648/3514/3514 633/3515/3515 649/3516/3516
f 648/3517/3517 649/3518/3518 665/3519/3519
f 648/3520/3520 665/3521/3521 664/3522/3522
f 681/3523/3523 680/3524/3524 664/3525/3525
f 681/3526/3526 664/3527/3527 665/3528/3528
f 697/3529/3529 696/3530/3530 680/3531/3531
f 697/3532/3532 680/3533/3533 681/3534/3534
f 713/3535/3535 712/3536/3536 696/3537/3537
f 696/3538/3538 697/3539/3539 713/3540/3540
f 600/3541/3541 712/3542/3542 713/3543/3543
f 601/3544/3544 600/3545/3545 713/3546/3546
f 618/3547/3547 602/3548/3548 603/3549/3549
f 619/3550/3550 618/3551/3551 603/3552/3552
f 618/3553/3553 619/3554/3554 635/3555/3555
f 618/3556/3556 635/3557/3557 634/3558/3558
f 650/3559/3559 634/3560/3560 635/3561/3561
f 650/3562/3562 635/3563/3563 651/3564/3564
f 650/3565/3565 651/3566/3566 667/3567/3567
f 650/3568/3568 667/3569/3569 666/3570/3570
f 683/3571/3571 682/3572/3572 666/3573/3573
f 683/3574/3574 666/3575/3575 667/3576/3576
f 699/3577/3577 698/3578/3578 682/3579/3579
f 699/3580/3580 682/3581/3581 683/3582/3582
f 715/3583/3583 714/3584/3584 698/3585/3585
f 698/3586/3586 699/3587/3587 715/3588/3588
f 602/3589/3589 714/3590/3590 715/3591/3591
f 603/3592/3592 602/3593/3593 715/3594/3594
f 619/3595/3595 603/3596/3596 604/3597/3597
f 620/3598/3598 619/3599/3599 604/3600/3600
f 619/3601/3601 620/3602/3602 636/3603/3603
f 619/3604/3604 636/3605/3605 635/3606/3606
f 651/3607/3607 635/3608/3608 636/3609/3609
f 651/3610/3610 636/3611/3611 652/3612/3612
f 651/3613/3613 652/3614/3614 668/3615/3615
f 651/3616/3616 668/3617/3617 667/3618/3618
f 684/3619/3619 683/3620/3620 667/3621/3621
f 684/3622/3622 667/3623/3623 668/3624/3624
f 700/3625/3625 699/3626/3626 683/3627/3627
f 700/3628/3628 683/3629/3629 684/3630/3630
f 716/3631/3631 715/3632/3632 699/3633/3633
f 699/3634/3634 700/3635/3635 716/3636/3636
f 603/3637/3637 715/3638/3638 716/3639/3639
f 604/3640/3640 603/3641/3641 716/3642/3642
f 620/3643/3643 604/3644/3644 605/3645/3645
f 621/3646/3646 620/3647/3647 605/3648/3648
f 620/3649/3649 621/3650/3650 637/3651/3651
f 620/3652/3652 637/3653/3653 636/3654/3654
f 652/3655/3655 636/3656/3656 637/3657/3657
f 652/3658/3658 637/3659/3659 653/3660/3660
f 652/3661/3661 653/3662/3662 669/3663/3663
f 652/3664/3664 669/3665/3665 668/3666/3666
f 685/3667/3667 684/3668/3668 668/3669/3669
f 685/3670/3670 668/3671/3671 669/3672/3672
f 701/3673/3673 700/3674/3674 684/3675/3675
f 701/3676/3676 684/3677/3677 685/3678/3678
f 717/3679/3679 716/3680/3680 700/3681/3681
f 700/3682/3682 701/3683/3683 717/3684/3684
f 604/3685/3685 716/3686/3686 717/3687/3687
f 605/3688/3688 604/3689/3689 717/3690/3690
f 621/3691/3691 605/3692/3692 606/3693/3693
f 622/3694/3694 621/3695/3695 606/3696/3696
f 621/3697/3697 622/3698/3698 638/3699/3699
f 621/3700/3700 638/3701/3701 637/3702/3702
f 653/3703/3703 637/3704/3704 638/3705/3705
f 653/3706/3706 638/3707/3707 654/3708/3708
f 653/3709/3709 654/3710/3710 670/3711/3711
f 653/3712/3712 670/3713/3713 669/3714/3714
f 686/3715/3715 685/3716/3716 669/3717/3717
f 686/3718/3718 669/3719/3719 670/3720/3720
f 702/3721/3721 701/3722/3722 685/3723/3723
f 702/3724/3724 685/3725/3725 686/3726/3726
f 718/3727/3727 717/3728/3728 701/3729/3729
f 701/3730/3730 702/3731/3731 718/3732/3732
f 605/3733/3733 717/3734/3734 718/3735/3735
f 606/3736/3736 605/3737/3737 718/3738/3738
f 622/3739/3739 606/3740/3740 607/3741/3741
f 623/3742/3742 622/3743/3743 607/3744/3744
f 622/3745/3745 623/3746/3746 639/3747/3747
f 622/3748/3748 639/3749/3749 638/3750/3750
f 654/3751/3751 638/3752/3752 639/3753/3753
f 654/3754/3754 639/3755/3755 655/3756/3756
f 654/3757/3757 655/3758/3758 671/3759/3759
f 654/3760/3760 671/3761/3761 670/3762/3762
f 687/3763/3763 686/3764/3764 670/3765/3765
f 687/3766/3766 670/3767/3767 671/3768/3768
f 703/3769/3769 702/3770/3770 686/3771/3771
f 703/3772/3772 686/3773/3773 687/3774/3774
f 719/3775/3775 718/3776/3776 702/3777/3777
f 702/3778/3778 703/3779/3779 719/3780/3780
f 606/3781/3781 718/3782/3782 719/3783/3783
f 607/3784/3784 606/3785/3785 719/3786/3786
f 623/3787/3787 607/3788/3788 608/3789/3789
f 624/3790/3790 623/3791/3791 608/3792/3792
f 623/3793/3793 624/3794/3794 640/3795/3795
f 623/3796/3796 640/3797/3797 639/3798/3798
f 655/3799/3799 639/3800/3800 640/3801/3801
f 655/3802/3802 640/3803/3803 656/3804/3804
f 655/3805/3805 656/3806/3806 672/3807/3807
f 655/3808/3808 672/3809/3809 671/3810/3810
f 688/3811/3811 687/3812/3812 671/3813/3813
f 688/3814/3814 671/3815/3815 672/3816/3816
f 704/3817/3817 703/3818/3818 687/3819/3819
f 704/3820/3820 687/3821/3821 688/3822/3822
f 720/3823/3823 719/3824/3824 703/3825/3825
f 703/3826/3826 704/3827/3827 720/3828/3828
f 607/3829/3829 719/3830/3830 720/3831/3831
f 608/3832/3832 607/3833/3833 720/3834/3834
f 624/3835/3835 608/3836/3836 609/3837/3837
f 625/3838/3838 624/3839/3839 609/3840/3840
f 624/3841/3841 625/3842/3842 641/3843/3843
f 624/3844/3844 641/3845/3845 640/3846/3846
f 656/3847/3847 640/3848/3848 641/3849/3849
f 656/3850/3850 641/3851/3851 657/3852/3852
f 656/3853/3853 657/3854/3854 673/3855/3855
f 656/3856/3856 673/3857/3857 672/3858/3858
f 689/3859/3859 688/3860/3860 672/3861/3861
f 689/3862/3862 672/3863/3863 673/3864/3864
f 705/3865/3865 704/3866/3866 688/3867/3867
f 705/3868/3868 688/3869/3869 689/3870/3870
f 721/3871/3871 720/3872/3872 704/3873/3873
f 704/3874/3874 705/3875/3875 721/3876/3876
f 608/3877/3877 720/3878/3878 721/3879/3879
f 609/3880/3880 608/3881/3881 721/3882/3882
f 625/3883/3883 609/3884/3884 610/3885/3885
f 626/3886/3886 625/3887/3887 610/3888/3888
f 625/3889/3889 626/3890/3890 642/3891/3891
f 625/3892/3892 642/3893/3893 641/3894/3894
f 657/3895/3895 641/3896/3896 642/3897/3897
f 657/3898/3898 642/3899/3899 658/3900/3900
f 657/3901/3901 658/3902/3902 674/3903/3903
f 657/3904/3904 674/3905/3905 673/3906/3906
f 690/3907/3907 689/3908/3908 673/3909/3909
f 690/3910/3910 673/3911/3911 674/3912/3912
f 706/3913/3913 705/3914/3914 689/3915/3915
f 706/3916/3916 689/3917/3917 690/3918/3918
f 722/3919/3919 721/3920/3920 705/3921/3921
f 705/3922/3922 706/3923/3923 722/3924/3924
f 609/3925/3925 721/3926/3926 722/3927/3927
f 610/3928/3928 609/3929/3929 722/3930/3930
f 626/3931/3931 610/3932/3932 611/3933/3933
f 627/3934/3934 626/3935/3935 611/3936/3936
f 626/3937/3937 627/3938/3938 643/3939/3939
f 626/3940/3940 643/3941/3941 642/3942/3942
f 658/3943/3943 642/3944/3944 643/3945/3945
f 658/3946/3946 643/3947/3947 659/3948/3948
f 658/3949/3949 659/3950/3950 675/3951/3951
f 658/3952/3952 675/3953/3953 674/3954/3954
f 691/3955/3955 690/3956/3956 674/3957/3957
f 691/3958/3958 674/3959/3959 675/3960/3960
f 707/3961/3961 706/3962/3962 690/3963/3963
f 707/3964/3964 690/3965/3965 691/3966/3966
f 723/3967/3967 722/3968/3968 706/3969/3969
f 706/3970/3970 707/3971/3971 723/3972/3972
f 610/3973/3973 722/3974/3974 723/3975/3975
f 611/3976/3976 610/3977/3977 723/3978/3978
f 627/3979/3979 611/3980/3980 612/3981/3981
f 628/3982/3982 627/3983/3983 612/3984/3984
f 627/3985/3985 628/3986/3986 644/3987/3987
f 627/3988/3988 644/3989/3989 643/3990/3990
f 659/3991/3991 643/3992/3992 644/3993/3993
f 659/3994/3994 644/3995/3995 660/3996/3996
f 659/3997/3997 660/3998/3998 676/3999/3999
f 659/4000/4000 676/4001/4001 675/4002/4002
f 692/4003/4003 691/4004/4004 675/4005/4005
f 692/4006/4006 675/4007/4007 676/4008/4008
f 708/4009/4009 707/4010/4010 691/4011/4011
f 708/4012/4012 691/4013/4013 692/4014/4014
f 724/4015/4015 723/4016/4016 707/4017/4017
f 707/4018/4018 708/4019/4019 724/4020/4020
f 611/4021/4021 723/4022/4022 724/4023/4023
f 612/4024/4024 611/4025/4025 724/4026/4026
f 628/4027/4027 612/4028/4028 613/4029/4029
f 629/4030/4030 628/4031/4031 613/4032/4032
f 628/4033/4033 629/4034/4034 645/4035/4035
f 628/4036/4036 645/4037/4037 644/4038/4038
f 660/4039/4039 644/4040/4040 645/4041/4041
f 660/4042/4042 645/4043/4043 661/4044/4044
f 660/4045/4045 661/4046/4046 677/4047/4047
f 660/4048/4048 677/4049/4049 676/4050/4050
f 693/4051/4051 692/4052/4052 676/4053/4053
f 693/4054/4054 676/4055/4055 677/4056/4056
f 709/4057/4057 708/4058/4058 692/4059/4059
f 709/4060/4060 692/4061/4061 693/4062/4062
f 725/4063/4063 724/4064/4064 708/4065/4065
f 708/4066/4066 709/4067/4067 725/4068/4068
f 612/4069/4069 724/4070/4070 725/4071/4071
f 613/4072/4072 612/4073/4073 725/4074/4074
f 629/4075/4075 613/4076/4076 598/4077/4077
f 614/4078/4078 629/4079/4079 598/4080/4080
f 629/4081/4081 614/4082/4082 630/4083/4083
f 629/4084/4084 630/4085/4085 645/4086/4086
f 661/4087/4087 645/4088/4088 630/4089/4089
f 661/4090/4090 630/4091/4091 646/4092/4092
f 661/4093/4093 646/4094/4094 662/4095/4095
f 661/4096/4096 662/4097/4097 677/4098/4098
f 678/4099/4099 693/4100/4100 677/4101/4101
f 678/4102/4102 677/4103/4103 662/4104/4104
f 694/4105/4105 709/4106/4106 693/4107/4107
f 694/4108/4108 693/4109/4109 678/4110/4110
f 710/4111/4111 725/4112/4112 709/4113/4113
f 709/4114/4114 694/4115/4115 710/4116/4116
f 613/4117/4117 725/4118/4118 710/4119/4119
f 598/4120/4120 613/4121/4121 710/4122/4122
f 649/4123/4123 726/4124/4124 727/4125/4125
f 649/4126/4126 727/4127/4127 665/4128/4128
f 728/4129/4129 681/4130/4130 665/4131/4131
f 728/4132/4132 665/4133/4133 727/4134/4134
f 728/4135/4135 729/4136/4136 697/4137/4137
f 728/4138/4138 697/4139/4139 681/4140/4140
f 730/4141/4141 713/4142/4142 697/4143/4143
f 730/4144/4144 697/4145/4145 729/4146/4146
f 730/4147/4147 731/4148/4148 601/4149/4149
f 713/4150/4150 730/4151/4151 601/4152/4152
f 731/4153/4153 732/4154/4154 617/4155/4155
f 601/4156/4156 731/4157/4157 617/4158/4158
f 633/4159/4159 617/4160/4160 732/4161/4161
f 733/4162/4162 633/4163/4163 732/4164/4164
f 633/4165/4165 733/4166/4166 726/4167/4167
f 633/4168/4168 726/4169/4169 649/4170/4170
f 732/4171/4171 731/4172/4172 730/4173/4173
f 733/4174/4174 732/4175/4175 730/4176/4176
f 726/4177/4177 733/4178/4178 730/4179/4179
f 727/4180/4180 726/4181/4181 730/4182/4182
f 728/4183/4183 727/4184/4184 730/4185/4185
f 730/4186/4186 729/4187/4187 728/4188/4188
f 682/4189/4189 698/4190/4190 714/4191/4191
f 666/4192/4192 682/4193/4193 714/4194/4194
f 650/4195/4195 666/4196/4196 714/4197/4197
f 634/4198/4198 650/4199/4199 714/4200/4200
f 618/4201/4201 634/4202/4202 714/4203/4203
f 714/4204/4204 602/4205/4205 618/4206/4206
f 750/4207/4207 734/4208/4208 735/4209/4209
f 751/4210/4210 750/4211/4211 735/4212/4212
f 750/4213/4213 751/4214/4214 767/4215/4215
f 750/4216/4216 767/4217/4217 766/4218/4218
f 782/4219/4219 766/4220/4220 767/4221/4221
f 782/4222/4222 767/4223/4223 783/4224/4224
f 782/4225/4225 783/4226/4226 799/4227/4227
f 782/4228/4228 799/4229/4229 798/4230/4230
f 815/4231/4231 814/4232/4232 798/4233/4233
f 815/4234/4234 798/4235/4235 799/4236/4236
f 831/4237/4237 830/4238/4238 814/4239/4239
f 831/4240/4240 814/4241/4241 815/4242/4242
f 847/4243/4243 846/4244/4244 830/4245/4245
f 830/4246/4246 831/4247/4247 847/4248/4248
f 734/4249/4249 846/4250/4250 847/4251/4251
f 735/4252/4252 734/4253/4253 847/4254/4254
f 751/4255/4255 735/4256/4256 736/4257/4257
f 752/4258/4258 751/4259/4259 736/4260/4260
f 751/4261/4261 752/4262/4262 768/4263/4263
f 751/4264/4264 768/4265/4265 767/4266/4266
f 783/4267/4267 767/4268/4268 768/4269/4269
f 783/4270/4270 768/4271/4271 784/4272/4272
f 783/4273/4273 784/4274/4274 800/4275/4275
f 783/4276/4276 800/4277/4277 799/4278/4278
f 816/4279/4279 815/4280/4280 799/4281/4281
f 816/4282/4282 799/4283/4283 800/4284/4284
f 832/4285/4285 831/4286/4286 815/4287/4287
f 832/4288/4288 815/4289/4289 816/4290/4290
f 848/4291/4291 847/4292/4292 831/4293/4293
f 831/4294/4294 832/4295/4295 848/4296/4296
f 735/4297/4297 847/4298/4298 848/4299/4299
f 736/4300/4300 735/4301/4301 848/4302/4302
f 752/4303/4303 736/4304/4304 737/4305/4305
f 753/4306/4306 752/4307/4307 737/4308/4308
f 752/4309/4309 753/4310/4310 769/4311/4311
f 752/4312/4312 769/4313/4313 768/4314/4314
f 784/4315/4315 768/4316/4316 769/4317/4317
f 784/4318/4318 769/4319/4319 785/4320/4320
f 784/4321/4321 785/4322/4322 801/4323/4323
f 784/4324/4324 801/4325/4325 800/4326/4326
f 817/4327/4327 816/4328/4328 800/4329/4329
f 817/4330/4330 800/4331/4331 801/4332/4332
f 833/4333/4333 832/4334/4334 816/4335/4335
f 833/4336/4336 816/4337/4337 817/4338/4338
f 849/4339/4339 848/4340/4340 832/4341/4341
f 832/4342/4342 833/4343/4343 849/4344/4344
f 736/4345/4345 848/4346/4346 849/4347/4347
f 737/4348/4348 736/4349/4349 849/4350/4350
f 754/4351/4351 738/4352/4352 739/4353/4353
f 755/4354/4354 754/4355/4355 739/4356/4356
f 754/4357/4357 755/4358/4358 771/4359/4359
f 754/4360/4360 771/4361/4361 770/4362/4362
f 786/4363/4363 770/4364/4364 771/4365/4365
f 786/4366/4366 771/4367/4367 787/4368/4368
f 786/4369/4369 787/4370/4370 803/4371/4371
f 786/4372/4372 803/4373/4373 802/4374/4374
f 819/4375/4375 818/4376/4376 802/4377/4377
f 819/4378/4378 802/4379/4379 803/4380/4380
f 835/4381/4381 834/4382/4382 818/4383/4383
f 835/4384/4384 818/4385/4385 819/4386/4386
f 851/4387/4387 850/4388/4388 834/4389/4389
f 834/4390/4390 835/4391/4391 851/4392/4392
f 738/4393/4393 850/4394/4394 851/4395/4395
f 739/4396/4396 738/4397/4397 851/4398/4398
f 755/4399/4399 739/4400/4400 740/4401/4401
f 756/4402/4402 755/4403/4403 740/4404/4404
f 755/4405/4405 756/4406/4406 772/4407/4407
f 755/4408/4408 772/4409/4409 771/4410/4410
f 787/4411/4411 771/4412/4412 772/4413/4413
f 787/4414/4414 772/4415/4415 788/4416/4416
f 787/4417/4417 788/4418/4418 804/4419/4419
f 787/4420/4420 804/4421/4421 803/4422/4422
f 820/4423/4423 819/4424/4424 803/4425/4425
f 820/4426/4426 803/4427/4427 804/4428/4428
f 836/4429/4429 835/4430/4430 819/4431/4431
f 836/4432/4432 819/4433/4433 820/4434/4434
f 852/4435/4435 851/4436/4436 835/4437/4437
f 835/4438/4438 836/4439/4439 852/4440/4440
f 739/4441/4441 851/4442/4442 852/4443/4443
f 740/4444/4444 739/4445/4445 852/4446/4446
f 756/4447/4447 740/4448/4448 741/4449/4449
f 757/4450/4450 756/4451/4451 741/4452/4452
f 756/4453/4453 757/4454/4454 773/4455/4455
f 756/4456/4456 773/4457/4457 772/4458/4458
f 788/4459/4459 772/4460/4460 773/4461/4461
f 788/4462/4462 773/4463/4463 789/4464/4464
f 788/4465/4465 789/4466/4466 805/4467/4467
f 788/4468/4468 805/4469/4469 804/4470/4470
f 821/4471/4471 820/4472/4472 804/4473/4473
f 821/4474/4474 804/4475/4475 805/4476/4476
f 837/4477/4477 836/4478/4478 820/4479/4479
f 837/4480/4480 820/4481/4481 821/4482/4482
f 853/4483/4483 852/4484/4484 836/4485/4485
f 836/4486/4486 837/4487/4487 853/4488/4488
f 740/4489/4489 852/4490/4490 853/4491/4491
f 741/4492/4492 740/4493/4493 853/4494/4494
f 757/4495/4495 741/4496/4496 742/4497/4497
f 758/4498/4498 757/4499/4499 742/4500/4500
f 757/4501/4501 758/4502/4502 774/4503/4503
f 757/4504/4504 774/4505/4505 773/4506/4506
f 789/4507/4507 773/4508/4508 774/4509/4509
f 789/4510/4510 774/4511/4511 790/4512/4512
f 789/4513/4513 790/4514/4514 806/4515/4515
f 789/4516/4516 806/4517/4517 805/4518/4518
f 822/4519/4519 821/4520/4520 805/4521/4521
f 822/4522/4522 805/4523/4523 806/4524/4524
f 838/4525/4525 837/4526/4526 821/4527/4527
f 838/4528/4528 821/4529/4529 822/4530/4530
f 854/4531/4531 853/4532/4532 837/4533/4533
f 837/4534/4534 838/4535/4535 854/4536/4536
f 741/4537/4537 853/4538/4538 854/4539/4539
f 742/4540/4540 741/4541/4541 854/4542/4542
f 758/4543/4543 742/4544/4544 743/4545/4545
f 759/4546/4546 758/4547/4547 743/4548/4548
f 758/4549/4549 759/4550/4550 775/4551/4551
f 758/4552/4552 775/4553/4553 774/4554/4554
f 790/4555/4555 774/4556/4556 775/4557/4557
f 790/4558/4558 775/4559/4559 791/4560/4560
f 790/4561/4561 791/4562/4562 807/4563/4563
f 790/4564/4564 807/4565/4565 806/4566/4566
f 823/4567/4567 822/4568/4568 806/4569/4569
f 823/4570/4570 806/4571/4571 807/4572/4572
f 839/4573/4573 838/4574/4574 822/4575/4575
f 839/4576/4576 822/4577/4577 823/4578/4578
f 855/4579/4579 854/4580/4580 838/4581/4581
f 838/4582/4582 839/4583/4583 855/4584/4584
f 742/4585/4585 854/4586/4586 855/4587/4587
f 743/4588/4588 742/4589/4589 855/4590/4590
f 759/4591/4591 743/4592/4592 744/4593/4593
f 760/4594/4594 759/4595/4595 744/4596/4596
f 759/4597/4597 760/4598/4598 776/4599/4599
f 759/4600/4600 776/4601/4601 775/4602/4602
f 791/4603/4603 775/4604/4604 776/4605/4605
f 791/4606/4606 776/4607/4607 792/4608/4608
f 791/4609/4609 792/4610/4610 808/4611/4611
f 791/4612/4612 808/4613/4613 807/4614/4614
f 824/4615/4615 823/4616/4616 807/4617/4617
f 824/4618/4618 807/4619/4619 808/4620/4620
f 840/4621/4621 839/4622/4622 823/4623/4623
f 840/4624/4624 823/4625/4625 824/4626/4626
f 856/4627/4627 855/4628/4628 839/4629/4629
f 839/4630/4630 840/4631/4631 856/4632/4632
f 743/4633/4633 855/4634/4634 856/4635/4635
f 744/4636/4636 743/4637/4637 856/4638/4638
f 760/4639/4639 744/4640/4640 745/4641/4641
f 761/4642/4642 760/4643/4643 745/4644/4644
f 760/4645/4645 761/4646/4646 777/4647/4647
f 760/4648/4648 777/4649/4649 776/4650/4650
f 792/4651/4651 776/4652/4652 777/4653/4653
f 792/4654/4654 777/4655/4655 793/4656/4656
f 792/4657/4657 793/4658/4658 809/4659/4659
f 792/4660/4660 809/4661/4661 808/4662/4662
f 825/4663/4663 824/4664/4664 808/4665/4665
f 825/4666/4666 808/4667/4667 809/4668/4668
f 841/4669/4669 840/4670/4670 824/4671/4671
f 841/4672/4672 824/4673/4673 825/4674/4674
f 857/4675/4675 856/4676/4676 840/4677/4677
f 840/4678/4678 841/4679/4679 857/4680/4680
f 744/4681/4681 856/4682/4682 857/4683/4683
f 745/4684/4684 744/4685/4685 857/4686/4686
f 761/4687/4687 745/4688/4688 746/4689/4689
f 762/4690/4690 761/4691/4691 746/4692/4692
f 761/4693/4693 762/4694/4694 778/4695/4695
f 761/4696/4696 778/4697/4697 777/4698/4698
f 793/4699/4699 777/4700/4700 778/4701/4701
f 793/4702/4702 778/4703/4703 794/4704/4704
f 793/4705/4705 794/4706/4706 810/4707/4707
f 793/4708/4708 810/4709/4709 809/4710/4710
f 826/4711/4711 825/4712/4712 809/4713/4713
f 826/4714/4714 809/4715/4715 810/4716/4716
f 842/4717/4717 841/4718/4718 825/4719/4719
f 842/4720/4720 825/4721/4721 826/4722/4722
f 858/4723/4723 857/4724/4724 841/4725/4725
f 841/4726/4726 842/4727/4727 858/4728/4728
f 745/4729/4729 857/4730/4730 858/4731/4731
f 746/4732/4732 745/4733/4733 858/4734/4734
f 762/4735/4735 746/4736/4736 747/4737/4737
f 763/4738/4738 762/4739/4739 747/4740/4740
f 762/4741/4741 763/4742/4742 779/4743/4743
f 762/4744/4744 779/4745/4745 778/4746/4746
f 794/4747/4747 778/4748/4748 779/4749/4749
f 794/4750/4750 779/4751/4751 795/4752/4752
f 794/4753/4753 795/4754/4754 811/4755/4755
f 794/4756/4756 811/4757/4757 810/4758/4758
f 827/4759/4759 826/4760/4760 810/4761/4761
f 827/4762/4762 810/4763/4763 811/4764/4764
f 843/4765/4765 842/4766/4766 826/4767/4767
f 843/4768/4768 826/4769/4769 827/4770/4770
f 859/4771/4771 858/4772/4772 842/4773/4773
f 842/4774/4774 843/4775/4775 859/4776/4776
f 746/4777/4777 858/4778/4778 859/4779/4779
f 747/4780/4780 746/4781/4781 859/4782/4782
f 763/4783/4783 747/4784/4784 748/4785/4785
f 764/4786/4786 763/4787/4787 748/4788/4788
f 763/4789/4789 764/4790/4790 780/4791/4791
f 763/4792/4792 780/4793/4793 779/4794/4794
f 795/4795/4795 779/4796/4796 780/4797/4797
f 795/4798/4798 780/4799/4799 796/4800/4800
f 795/4801/4801 796/4802/4802 812/4803/4803
f 795/4804/4804 812/4805/4805 811/4806/4806
f 828/4807/4807 827/4808/4808 811/4809/4809
f 828/4810/4810 811/4811/4811 812/4812/4812
f 844/4813/4813 843/4814/4814 827/4815/4815
f 844/4816/4816 827/4817/4817 828/4818/4818
f 860/4819/4819 859/4820/4820 843/4821/4821
f 843/4822/4822 844/4823/4823 860/4824/4824
f 747/4825/4825 859/4826/4826 860/4827/4827
f 748/4828/4828 747/4829/4829 860/4830/4830
f 764/4831/4831 748/4832/4832 749/4833/4833
f 765/4834/4834 764/4835/4835 749/4836/4836
f 764/4837/4837 765/4838/4838 781/4839/4839
f 764/4840/4840 781/4841/4841 780/4842/4842
f 796/4843/4843 780/4844/4844 781/4845/4845
f 796/4846/4846 781/4847/4847 797/4848/4848
f 796/4849/4849 797/4850/4850 813/4851/4851
f 796/4852/4852 813/4853/4853 812/4854/4854
f 829/4855/4855 828/4856/4856 812/4857/4857
f 829/4858/4858 812/4859/4859 813/4860/4860
f 845/4861/4861 844/4862/4862 828/4863/4863
f 845/4864/4864 828/4865/4865 829/4866/4866
f 861/4867/4867 860/4868/4868 844/4869/4869
f 844/4870/4870 845/4871/4871 861/4872/4872
f 748/4873/4873 860/4874/4874 861/4875/4875
f 749/4876/4876 748/4877/4877 861/4878/4878
f 765/4879/4879 749/4880/4880 734/4881/4881
f 750/4882/4882 765/4883/4883 734/4884/4884
f 765/4885/4885 750/4886/4886 766/4887/4887
f 765/4888/4888 766/4889/4889 781/4890/4890
f 797/4891/4891 781/4892/4892 766/4893/4893
f 797/4894/4894 766/4895/4895 782/4896/4896
f 797/4897/4897 782/4898/4898 798/4899/4899
f 797/4900/4900 798/4901/4901 813/4902/4902
f 814/4903/4903 829/4904/4904 813/4905/4905
f 814/4906/4906 813/4907/4907 798/4908/4908
f 830/4909/4909 845/4910/4910 829/4911/4911
f 830/4912/4912 829/4913/4913 814/4914/4914
f 846/4915/4915 861/4916/4916 845/4917/4917
f 845/4918/4918 830/4919/4919 846/4920/4920
f 749/4921/4921 861/4922/4922 846/4923/4923
f 734/4924/4924 749/4925/4925 846/4926/4926
f 785/4927/4927 862/4928/4928 863/4929/4929
f 785/4930/4930 863/4931/4931 801/4932/4932
f 864/4933/4933 817/4934/4934 801/4935/4935
f 864/4936/4936 801/4937/4937 863/4938/4938
f 864/4939/4939 865/4940/4940 833/4941/4941
f 864/4942/4942 833/4943/4943 817/4944/4944
f 866/4945/4945 849/4946/4946 833/4947/4947
f 866/4948/4948 833/4949/4949 865/4950/4950
f 866/4951/4951 867/4952/4952 737/4953/4953
f 849/4954/4954 866/4955/4955 737/4956/4956
f 867/4957/4957 868/4958/4958 753/4959/4959
f 737/4960/4960 867/4961/4961 753/4962/4962
f 769/4963/4963 753/4964/4964 868/4965/4965
f 869/4966/4966 769/4967/4967 868/4968/4968
f 769/4969/4969 869/4970/4970 862/4971/4971
f 769/4972/4972 862/4973/4973 785/4974/4974
f 868/4975/4975 867/4976/4976 866/4977/4977
f 869/4978/4978 868/4979/4979 866/4980/4980
f 862/4981/4981 869/4982/4982 866/4983/4983
f 863/4984/4984 862/4985/4985 866/4986/4986
f 864/4987/4987 863/4988/4988 866/4989/4989
f 866/4990/4990 865/4991/4991 864/4992/4992
f 818/4993/4993 834/4994/4994 850/4995/4995
f 802/4996/4996 818/4997/4997 850/4998/4998
f 786/4999/4999 802/5000/5000 850/5001/5001
f 770/5002/5002 786/5003/5003 850/5004/5004
f 754/5005/5005 770/5006/5006 850/5007/5007
f 850/5008/5008 738/5009/5009 754/5010/5010
f 886/5011/5011 870/5012/5012 871/5013/5013
f 887/5014/5014 886/5015/5015 871/5016/5016
f 886/5017/5017 887/5018/5018 903/5019/5019
f 886/5020/5020 903/5021/5021 902/5022/5022
f 918/5023/5023 902/5024/5024 903/5025/5025
f 918/5026/5026 903/5027/5027 919/5028/5028
f 918/5029/5029 919/5030/5030 935/5031/5031
f 918/5032/5032 935/5033/5033 934/5034/5034
f 951/5035/5035 950/5036/5036 934/5037/5037
f 951/5038/5038 934/5039/5039 935/5040/5040
f 967/5041/5041 966/5042/5042 950/5043/5043
f 967/5044/5044 950/5045/5045 951/5046/5046
f 983/5047/5047 982/5048/5048 966/5049/5049
f 966/5050/5050 967/5051/5051 983/5052/5052
f 870/5053/5053 982/5054/5054 983/5055/5055
f 871/5056/5056 870/5057/5057 983/5058/5058
f 887/5059/5059 871/5060/5060 872/5061/5061
f 888/5062/5062 887/5063/5063 872/5064/5064
f 887/5065/5065 888/5066/5066 904/5067/5067
f 887/5068/5068 904/5069/5069 903/5070/5070
f 919/5071/5071 903/5072/5072 904/5073/5073
f 919/5074/5074 904/5075/5075 920/5076/5076
f 919/5077/5077 920/5078/5078 936/5079/5079
f 919/5080/5080 936/5081/5081 935/5082/5082
f 952/5083/5083 951/5084/5084 935/5085/5085
f 952/5086/5086 935/5087/5087 936/5088/5088
f 968/5089/5089 967/5090/5090 951/5091/5091
f 968/5092/5092 951/5093/5093 952/5094/5094
f 984/5095/5095 983/5096/5096 967/5097/5097
f 967/5098/5098 968/5099/5099 984/5100/5100
f 871/5101/5101 983/5102/5102 984/5103/5103
f 872/5104/5104 871/5105/5105 984/5106/5106
f 888/5107/5107 872/5108/5108 873/5109/5109
f 889/5110/5110 888/5111/5111 873/5112/5112
f 888/5113/5113 889/5114/5114 905/5115/5115
f 888/5116/5116 905/5117/5117 904/5118/5118
f 920/5119/5119 904/5120/5120 905/5121/5121
f 920/5122/5122 905/5123/5123 921/5124/5124
f 920/5125/5125 921/5126/5126 937/5127/5127
f 920/5128/5128 937/5129/5129 936/5130/5130
f 953/5131/5131 952/5132/5132 936/5133/5133
f 953/5134/5134 936/5135/5135 937/5136/5136
f 969/5137/5137 968/5138/5138 952/5139/5139
f 969/5140/5140 952/5141/5141 953/5142/5142
f 985/5143/5143 984/5144/5144 968/5145/5145
f 968/5146/5146 969/5147/5147 985/5148/5148
f 872/5149/5149 984/5150/5150 985/5151/5151
f 873/5152/5152 872/5153/5153 985/5154/5154
f 890/5155/5155 874/5156/5156 875/5157/5157
f 891/5158/5158 890/5159/5159 875/5160/5160
f 890/5161/5161 891/5162/5162 907/5163/5163
f 890/5164/5164 907/5165/5165 906/5166/5166
f 922/5167/5167 906/5168/5168 907/5169/5169
f 922/5170/5170 907/5171/5171 923/5172/5172
f 922/5173/5173 923/5174/5174 939/5175/5175
f 922/5176/5176 939/5177/5177 938/5178/5178
f 955/5179/5179 954/5180/5180 938/5181/5181
f 955/5182/5182 938/5183/5183 939/5184/5184
f 971/5185/5185 970/5186/5186 954/5187/5187
f 971/5188/5188 954/5189/5189 955/5190/5190
f 987/5191/5191 986/5192/5192 970/5193/5193
f 970/5194/5194 971/5195/5195 987/5196/5196
f 874/5197/5197 986/5198/5198 987/5199/5199
f 875/5200/5200 874/5201/5201 987/5202/5202
f 891/5203/5203 875/5204/5204 876/5205/5205
f 892/5206/5206 891/5207/5207 876/5208/5208
f 891/5209/5209 892/5210/5210 908/5211/5211
f 891/5212/5212 908/5213/5213 907/5214/5214
f 923/5215/5215 907/5216/5216 908/5217/5217
f 923/5218/5218 908/5219/5219 924/5220/5220
f 923/5221/5221 924/5222/5222 940/5223/5223
f 923/5224/5224 940/5225/5225 939/5226/5226
f 956/5227/5227 955/5228/5228 939/5229/5229
f 956/5230/5230 939/5231/5231 940/5232/5232
f 972/5233/5233 971/5234/5234 955/5235/5235
f 972/5236/5236 955/5237/5237 956/5238/5238
f 988/5239/5239 987/5240/5240 971/5241/5241
f 971/5242/5242 972/5243/5243 988/5244/5244
f 875/5245/5245 987/5246/5246 988/5247/5247
f 876/5248/5248 875/5249/5249 988/5250/5250
f 892/5251/5251 876/5252/5252 877/5253/5253
f 893/5254/5254 892/5255/5255 877/5256/5256
f 892/5257/5257 893/5258/5258 909/5259/5259
f 892/5260/5260 909/5261/5261 908/5262/5262
f 924/5263/5263 908/5264/5264 909/5265/5265
f 924/5266/5266 909/5267/5267 925/5268/5268
f 924/5269/5269 925/5270/5270 941/5271/5271
f 924/5272/5272 941/5273/5273 940/5274/5274
f 957/5275/5275 956/5276/5276 940/5277/5277
f 957/5278/5278 940/5279/5279 941/5280/5280
f 973/5281/5281 972/5282/5282 956/5283/5283
f 973/5284/5284 956/5285/5285 957/5286/5286
f 989/5287/5287 988/5288/5288 972/5289/5289
f 972/5290/5290 973/5291/5291 989/5292/5292
f 876/5293/5293 988/5294/5294 989/5295/5295
f 877/5296/5296 876/5297/5297 989/5298/5298
f 893/5299/5299 877/5300/5300 878/5301/5301
f 894/5302/5302 893/5303/5303 878/5304/5304
f 893/5305/5305 894/5306/5306 910/5307/5307
f 893/5308/5308 910/5309/5309 909/5310/5310
f 925/5311/5311 909/5312/5312 910/5313/5313
f 925/5314/5314 910/5315/5315 926/5316/5316
f 925/5317/5317 926/5318/5318 942/5319/5319
f 925/5320/5320 942/5321/5321 941/5322/5322
f 958/5323/5323 957/5324/5324 941/5325/5325
f 958/5326/5326 941/5327/5327 942/5328/5328
f 974/5329/5329 973/5330/5330 957/5331/5331
f 974/5332/5332 957/5333/5333 958/5334/5334
f 990/5335/5335 989/5336/5336 973/5337/5337
f 973/5338/5338 974/5339/5339 990/5340/5340
f 877/5341/5341 989/5342/5342 990/5343/5343
f 878/5344/5344 877/5345/5345 990/5346/5346
f 894/5347/5347 878/5348/5348 879/5349/5349
f 895/5350/5350 894/5351/5351 879/5352/5352
f 894/5353/5353 895/5354/5354 911/5355/5355
f 894/5356/5356 911/5357/5357 910/5358/5358
f 926/5359/5359 910/5360/5360 911/5361/5361
f 926/5362/5362 911/5363/5363 927/5364/5364
f 926/5365/5365 927/5366/5366 943/5367/5367
f 926/5368/5368 943/5369/5369 942/5370/5370
f 959/5371/5371 958/5372/5372 942/5373/5373
f 959/5374/5374 942/5375/5375 943/5376/5376
f 975/5377/5377 974/5378/5378 958/5379/5379
f 975/5380/5380 958/5381/5381 959/5382/5382
f 991/5383/5383 990/5384/5384 974/5385/5385
f 974/5386/5386 975/5387/5387 991/5388/5388
f 878/5389/5389 990/5390/5390 991/5391/5391
f 879/5392/5392 878/5393/5393 991/5394/5394
f 895/5395/5395 879/5396/5396 880/5397/5397
f 896/5398/5398 895/5399/5399 880/5400/5400
f 895/5401/5401 896/5402/5402 912/5403/5403
f 895/5404/5404 912/5405/5405 911/5406/5406
f 927/5407/5407 911/5408/5408 912/5409/5409
f 927/5410/5410 912/5411/5411 928/5412/5412
f 927/5413/5413 928/5414/5414 944/5415/5415
f 927/5416/5416 944/5417/5417 943/5418/5418
f 960/5419/5419 959/5420/5420 943/5421/5421
f 960/5422/5422 943/5423/5423 944/5424/5424
f 976/5425/5425 975/5426/5426 959/5427/5427
f 976/5428/5428 959/5429/5429 960/5430/5430
f 992/5431/5431 991/5432/5432 975/5433/5433
f 975/5434/5434 976/5435/5435 992/5436/5436
f 879/5437/5437 991/5438/5438 992/5439/5439
f 880/5440/5440 879/5441/5441 992/5442/5442
f 896/5443/5443 880/5444/5444 881/5445/5445
f 897/5446/5446 896/5447/5447 881/5448/5448
f 896/5449/5449 897/5450/5450 913/5451/5451
f 896/5452/5452 913/5453/5453 912/5454/5454
f 928/5455/5455 912/5456/5456 913/5457/5457
f 928/5458/5458 913/5459/5459 929/5460/5460
f 928/5461/5461 929/5462/5462 945/5463/5463
f 928/5464/5464 945/5465/5465 944/5466/5466
f 961/5467/5467 960/5468/5468 944/5469/5469
f 961/5470/5470 944/5471/5471 945/5472/5472
f 977/5473/5473 976/5474/5474 960/5475/5475
f 977/5476/5476 960/5477/5477 961/5478/5478
f 993/5479/5479 992/5480/5480 976/5481/5481
f 976/5482/5482 977/5483/5483 993/5484/5484
f 880/5485/5485 992/5486/5486 993/5487/5487
f 881/5488/5488 880/5489/5489 993/5490/5490
f 897/5491/5491 881/5492/5492 882/5493/5493
f 898/5494/5494 897/5495/5495 882/5496/5496
f 897/5497/5497 898/5498/5498 914/5499/5499
f 897/5500/5500 914/5501/5501 913/5502/5502
f 929/5503/5503 913/5504/5504 914/5505/5505
f 929/5506/5506 914/5507/5507 930/5508/5508
f 929/5509/5509 930/5510/5510 946/5511/5511
f 929/5512/5512 946/5513/5513 945/5514/5514
f 962/5515/5515 961/5516/5516 945/5517/5517
f 962/5518/5518 945/5519/5519 946/5520/5520
f 978/5521/5521 977/5522/5522 961/5523/5523
f 978/5524/5524 961/5525/5525 962/5526/5526
f 994/5527/5527 993/5528/5528 977/5529/5529
f 977/5530/5530 978/5531/5531 994/5532/5532
f 881/5533/5533 993/5534/5534 994/5535/5535
f 882/5536/5536 881/5537/5537 994/5538/5538
f 898/5539/5539 882/5540/5540 883/5541/5541
f 899/5542/5542 898/5543/5543 883/5544/5544
f 898/5545/5545 899/5546/5546 915/5547/5547
f 898/5548/5548 915/5549/5549 914/5550/5550
f 930/5551/5551 914/5552/5552 915/5553/5553
f 930/5554/5554 915/5555/5555 931/5556/5556
f 930/5557/5557 931/5558/5558 947/5559/5559
f 930/5560/5560 947/5561/5561 946/5562/5562
f 963/5563/5563 962/5564/5564 946/5565/5565
f 963/5566/5566 946/5567/5567 947/5568/5568
f 979/5569/5569 978/5570/5570 962/5571/5571
f 979/5572/5572 962/5573/5573 963/5574/5574
f 995/5575/5575 994/5576/5576 978/5577/5577
f 978/5578/5578 979/5579/5579 995/5580/5580
f 882/5581/5581 994/5582/5582 995/5583/5583
f 883/5584/5584 882/5585/5585 995/5586/5586
f 899/5587/5587 883/5588/5588 884/5589/5589
f 900/5590/5590 899/5591/5591 884/5592/5592
f 899/5593/5593 900/5594/5594 916/5595/5595
f 899/5596/5596 916/5597/5597 915/5598/5598
f 931/5599/5599 915/5600/5600 916/5601/5601
f 931/5602/5602 916/5603/5603 932/5604/5604
f 931/5605/5605 932/5606/5606 948/5607/5607
f 931/5608/5608 948/5609/5609 947/5610/5610
f 964/5611/5611 963/5612/5612 947/5613/5613
f 964/5614/5614 947/5615/5615 948/5616/5616
f 980/5617/5617 979/5618/5618 963/5619/5619
f 980/5620/5620 963/5621/5621 964/5622/5622
f 996/5623/5623 995/5624/5624 979/5625/5625
f 979/5626/5626 980/5627/5627 996/5628/5628
f 883/5629/5629 995/5630/5630 996/5631/5631
f 884/5632/5632 883/5633/5633 996/5634/5634
f 900/5635/5635 884/5636/5636 885/5637/5637
f 901/5638/5638 900/5639/5639 885/5640/5640
f 900/5641/5641 901/5642/5642 917/5643/5643
f 900/5644/5644 917/5645/5645 916/5646/5646
f 932/5647/5647 916/5648/5648 917/5649/5649
f 932/5650/5650 917/5651/5651 933/5652/5652
f 932/5653/5653 933/5654/5654 949/5655/5655
f 932/5656/5656 949/5657/5657 948/5658/5658
f 965/5659/5659 964/5660/5660 948/5661/5661
f 965/5662/5662 948/5663/5663 949/5664/5664
f 981/5665/5665 980/5666/5666 964/5667/5667
f 981/5668/5668 964/5669/5669 965/5670/5670
f 997/5671/5671 996/5672/5672 980/5673/5673
f 980/5674/5674 981/5675/5675 997/5676/5676
f 884/5677/5677 996/5678/5678 997/5679/5679
f 885/5680/5680 884/5681/5681 997/5682/5682
f 901/5683/5683 885/5684/5684 870/5685/5685
f 886/5686/5686 901/5687/5687 870/5688/5688
f 901/5689/5689 886/5690/5690 902/5691/5691
f 901/5692/5692 902/5693/5693 917/5694/5694
f 933/5695/5695 917/5696/5696 902/5697/5697
f 933/5698/5698 902/5699/5699 918/5700/5700
f 933/5701/5701 918/5702/5702 934/5703/5703
f 933/5704/5704 934/5705/5705 949/5706/5706
f 950/5707/5707 965/5708/5708 949/5709/5709
f 950/5710/5710 949/5711/5711 934/5712/5712
f 966/5713/5713 981/5714/5714 965/5715/5715
f 966/5716/5716 965/5717/5717 950/5718/5718
f 982/5719/5719 997/5720/5720 981/5721/5721
f 981/5722/5722 966/5723/5723 982/5724/5724
f 885/5725/5725 997/5726/5726 982/5727/5727
f 870/5728/5728 885/5729/5729 982/5730/5730
f 921/5731/5731 998/5732/5732 999/5733/5733
f 921/5734/5734 999/5735/5735 937/5736/5736
f 1000/5737/5737 953/5738/5738 937/5739/5739
f 1000/5740/5740 937/5741/5741 999/5742/5742
f 1000/5743/5743 1001/5744/5744 969/5745/5745
f 1000/5746/5746 969/5747/5747 953/5748/5748
f 1002/5749/5749 985/5750/5750 969/5751/5751
f 1002/5752/5752 969/5753/5753 1001/5754/5754
f 1002/5755/5755 1003/5756/5756 873/5757/5757
f 985/5758/5758 1002/5759/5759 873/5760/5760
f 1003/5761/5761 1004/5762/5762 889/5763/5763
f 873/5764/5764 1003/5765/5765 889/5766/5766
f 905/5767/5767 889/5768/5768 1004/5769/5769
f 1005/5770/5770 905/5771/5771 1004/5772/5772
f 905/5773/5773 1005/5774/5774 998/5775/5775
f 905/5776/5776 998/5777/5777 921/5778/5778
f 1004/5779/5779 1003/5780/5780 1002/5781/5781
f 1005/5782/5782 1004/5783/5783 1002/5784/5784
f 998/5785/5785 1005/5786/5786 1002/5787/5787
f 999/5788/5788 998/5789/5789 1002/5790/5790
f 1000/5791/5791 999/5792/5792 1002/5793/5793
f 1002/5794/5794 1001/5795/5795 1000/5796/5796
f 954/5797/5797 970/5798/5798 986/5799/5799
f 938/5800/5800 954/5801/5801 986/5802/5802
f 922/5803/5803 938/5804/5804 986/5805/5805
f 906/5806/5806 922/5807/5807 986/5808/5808
f 890/5809/5809 906/5810/5810 986/5811/5811
f 986/5812/5812 874/5813/5813 890/5814/5814
f 1022/5815/5815 1006/5816/5816 1007/5817/5817
f 1023/5818/5818 1022/5819/5819 1007/5820/5820
f 1022/5821/5821 1023/5822/5822 1039/5823/5823
f 1022/5824/5824 1039/5825/5825 1038/5826/5826
f 1054/5827/5827 1038/5828/5828 1039/5829/5829
f 1054/5830/5830 1039/5831/5831 1055/5832/5832
f 1054/5833/5833 1055/5834/5834 1071/5835/5835
f 1054/5836/5836 1071/5837/5837 1070/5838/5838
f 1087/5839/5839 1086/5840/5840 1070/5841/5841
f 1087/5842/5842 1070/5843/5843 1071/5844/5844
f 1103/5845/5845 1102/5846/5846 1086/5847/5847
f 1103/5848/5848 1086/5849/5849 1087/5850/5850
f 1119/5851/5851 1118/5852/5852 1102/5853/5853
f 1102/5854/5854 1103/5855/5855 1119/5856/5856
f 1006/5857/5857 1118/5858/5858 1119/5859/5859
f 1007/5860/5860 1006/5861/5861 1119/5862/5862
f 1023/5863/5863 1007/5864/5864 1008/5865/5865
f 1024/5866/5866 1023/5867/5867 1008/5868/5868
f 1023/5869/5869 1024/5870/5870 1040/5871/5871
f 1023/5872/5872 1040/5873/5873 1039/5874/5874
f 1055/5875/5875 1039/5876/5876 1040/5877/5877
f 1055/5878/5878 1040/5879/5879 1056/5880/5880
f 1055/5881/5881 1056/5882/5882 1072/5883/5883
f 1055/5884/5884 1072/5885/5885 1071/5886/5886
f 1088/5887/5887 1087/5888/5888 1071/5889/5889
f 1088/5890/5890 1071/5891/5891 1072/5892/5892
f 1104/5893/5893 1103/5894/5894 1087/5895/5895
f 1104/5896/5896 1087/5897/5897 1088/5898/5898
f 1120/5899/5899 1119/5900/5900 1103/5901/5901
f 1103/5902/5902 1104/5903/5903 1120/5904/5904
f 1007/5905/5905 1119/5906/5906 1120/5907/5907
f 1008/5908/5908 1007/5909/5909 1120/5910/5910
f 1024/5911/5911 1008/5912/5912 1009/5913/5913
f 1025/5914/5914 1024/5915/5915 1009/5916/5916
f 1024/5917/5917 1025/5918/5918 1041/5919/5919
f 1024/5920/5920 1041/5921/5921 1040/5922/5922
f 1056/5923/5923 1040/5924/5924 1041/5925/5925
f 1056/5926/5926 1041/5927/5927 1057/5928/5928
f 1056/5929/5929 1057/5930/5930 1073/5931/5931
f 1056/5932/5932 1073/5933/5933 1072/5934/5934
f 1089/5935/5935 1088/5936/5936 1072/5937/5937
f 1089/5938/5938 1072/5939/5939 1073/5940/5940
f 1105/5941/5941 1104/5942/5942 1088/5943/5943
f 1105/5944/5944 1088/5945/5945 1089/5946/5946
f 1121/5947/5947 1120/5948/5948 1104/5949/5949
f 1104/5950/5950 1105/5951/5951 1121/5952/5952
f 1008/5953/5953 1120/5954/5954 1121/5955/5955
f 1009/5956/5956 1008/5957/5957 1121/5958/5958
f 1026/5959/5959 1010/5960/5960 1011/5961/5961
f 1027/5962/5962 1026/5963/5963 1011/5964/5964
f 1026/5965/5965 1027/5966/5966 1043/5967/5967
f 1026/5968/5968 1043/5969/5969 1042/5970/5970
f 1058/5971/5971 1042/5972/5972 1043/5973/5973
f 1058/5974/5974 1043/5975/5975 1059/5976/5976
f 1058/5977/5977 1059/5978/5978 1075/5979/5979
f 1058/5980/5980 1075/5981/5981 1074/5982/5982
f 1091/5983/5983 1090/5984/5984 1074/5985/5985
f 1091/5986/5986 1074/5987/5987 1075/5988/5988
f 1107/5989/5989 1106/5990/5990 1090/5991/5991
f 1107/5992/5992 1090/5993/5993 1091/5994/5994
f 1123/5995/5995 1122/5996/5996 1106/5997/5997
f 1106/5998/5998 1107/5999/5999 1123/6000/6000
f 1010/6001/6001 1122/6002/6002 1123/6003/6003
f 1011/6004/6004 1010/6005/6005 1123/6006/6006
f 1027/6007/6007 1011/6008/6008 1012/6009/6009
f 1028/6010/6010 1027/6011/6011 1012/6012/6012
f 1027/6013/6013 1028/6014/6014 1044/6015/6015
f 1027/6016/6016 1044/6017/6017 1043/6018/6018
f 1059/6019/6019 1043/6020/6020 1044/6021/6021
f 1059/6022/6022 1044/6023/6023 1060/6024/6024
f 1059/6025/6025 1060/6026/6026 1076/6027/6027
f 1059/6028/6028 1076/6029/6029 1075/6030/6030
f 1092/6031/6031 1091/6032/6032 1075/6033/6033
f 1092/6034/6034 1075/6035/6035 1076/6036/6036
f 1108/6037/6037 1107/6038/6038 1091/6039/6039
f 1108/6040/6040 1091/6041/6041 1092/6042/6042
f 1124/6043/6043 1123/6044/6044 1107/6045/6045
f 1107/6046/6046 1108/6047/6047 1124/6048/6048
f 1011/6049/6049 1123/6050/6050 1124/6051/6051
f 1012/6052/6052 1011/6053/6053 1124/6054/6054
f 1028/6055/6055 1012/6056/6056 1013/6057/6057
f 1029/6058/6058 1028/6059/6059 1013/6060/6060
f 1028/6061/6061 1029/6062/6062 1045/6063/6063
f 1028/6064/6064 1045/6065/6065 1044/6066/6066
f 1060/6067/6067 1044/6068/6068 1045/6069/6069
f 1060/6070/6070 1045/6071/6071 1061/6072/6072
f 1060/6073/6073 1061/6074/6074 1077/6075/6075
f 1060/6076/6076 1077/6077/6077 1076/6078/6078
f 1093/6079/6079 1092/6080/6080 1076/6081/6081
f 1093/6082/6082 1076/6083/6083 1077/6084/6084
f 1109/6085/6085 1108/6086/6086 1092/6087/6087
f 1109/6088/6088 1092/6089/6089 1093/6090/6090
f 1125/6091/6091 1124/6092/6092 1108/6093/6093
f 1108/6094/6094 1109/6095/6095 1125/6096/6096
f 1012/6097/6097 1124/6098/6098 1125/6099/6099
f 1013/6100/6100 1012/6101/6101 1125/6102/6102
f 1029/6103/6103 1013/6104/6104 1014/6105/6105
f 1030/6106/6106 1029/6107/6107 1014/6108/6108
f 1029/6109/6109 1030/6110/6110 1046/6111/6111
f 1029/6112/6112 1046/6113/6113 1045/6114/6114
f 1061/6115/6115 1045/6116/6116 1046/6117/6117
f 1061/6118/6118 1046/6119/6119 1062/6120/6120
f 1061/6121/6121 1062/6122/6122 1078/6123/6123
f 1061/6124/6124 1078/6125/6125 1077/6126/6126
f 1094/6127/6127 1093/6128/6128 1077/6129/6129
f 1094/6130/6130 1077/6131/6131 1078/6132/6132
f 1110/6133/6133 1109/6134/6134 1093/6135/6135
f 1110/6136/6136 1093/6137/6137 1094/6138/6138
f 1126/6139/6139 1125/6140/6140 1109/6141/6141
f 1109/6142/6142 1110/6143/6143 1126/6144/6144
f 1013/6145/6145 1125/6146/6146 1126/6147/6147
f 1014/6148/6148 1013/6149/6149 1126/6150/6150
f 1030/6151/6151 1014/6152/6152 1015/6153/6153
f 1031/6154/6154 1030/6155/6155 1015/6156/6156
f 1030/6157/6157 1031/6158/6158 1047/6159/6159
f 1030/6160/6160 1047/6161/6161 1046/6162/6162
f 1062/6163/6163 1046/6164/6164 1047/6165/6165
f 1062/6166/6166 1047/6167/6167 1063/6168/6168
f 1062/6169/6169 1063/6170/6170 1079/6171/6171
f 1062/6172/6172 1079/6173/6173 1078/6174/6174
f 1095/6175/6175 1094/6176/6176 1078/6177/6177
f 1095/6178/6178 1078/6179/6179 1079/6180/6180
f 1111/6181/6181 1110/6182/6182 1094/6183/6183
f 1111/6184/6184 1094/6185/6185 1095/6186/6186
f 1127/6187/6187 1126/6188/6188 1110/6189/6189
f 1110/6190/6190 1111/6191/6191 1127/6192/6192
f 1014/6193/6193 1126/6194/6194 1127/6195/6195
f 1015/6196/6196 1014/6197/6197 1127/6198/6198
f 1031/6199/6199 1015/6200/6200 1016/6201/6201
f 1032/6202/6202 1031/6203/6203 1016/6204/6204
f 1031/6205/6205 1032/6206/6206 1048/6207/6207
f 1031/6208/6208 1048/6209/6209 1047/6210/6210
f 1063/6211/6211 1047/6212/6212 1048/6213/6213
f 1063/6214/6214 1048/6215/6215 1064/6216/6216
f 1063/6217/6217 1064/6218/6218 1080/6219/6219
f 1063/6220/6220 1080/6221/6221 1079/6222/6222
f 1096/6223/6223 1095/6224/6224 1079/6225/6225
f 1096/6226/6226 1079/6227/6227 1080/6228/6228
f 1112/6229/6229 1111/6230/6230 1095/6231/6231
f 1112/6232/6232 1095/6233/6233 1096/6234/6234
f 1128/6235/6235 1127/6236/6236 1111/6237/6237
f 1111/6238/6238 1112/6239/6239 1128/6240/6240
f 1015/6241/6241 1127/6242/6242 1128/6243/6243
f 1016/6244/6244 1015/6245/6245 1128/6246/6246
f 1032/6247/6247 1016/6248/6248 1017/6249/6249
f 1033/6250/6250 1032/6251/6251 1017/6252/6252
f 1032/6253/6253 1033/6254/6254 1049/6255/6255
f 1032/6256/6256 1049/6257/6257 1048/6258/6258
f 1064/6259/6259 1048/6260/6260 1049/6261/6261
f 1064/6262/6262 1049/6263/6263 1065/6264/6264
f 1064/6265/6265 1065/6266/6266 1081/6267/6267
f 1064/6268/6268 1081/6269/6269 1080/6270/6270
f 1097/6271/6271 1096/6272/6272 1080/6273/6273
f 1097/6274/6274 1080/6275/6275 1081/6276/6276
f 1113/6277/6277 1112/6278/6278 1096/6279/6279
f 1113/6280/6280 1096/6281/6281 1097/6282/6282
f 1129/6283/6283 1128/6284/6284 1112/6285/6285
f 1112/6286/6286 1113/6287/6287 1129/6288/6288
f 1016/6289/6289 1128/6290/6290 1129/6291/6291
f 1017/6292/6292 1016/6293/6293 1129/6294/6294
f 1033/6295/6295 1017/6296/6296 1018/6297/6297
f 1034/6298/6298 1033/6299/6299 1018/6300/6300
f 1033/6301/6301 1034/6302/6302 1050/6303/6303
f 1033/6304/6304 1050/6305/6305 1049/6306/6306
f 1065/6307/6307 1049/6308/6308 1050/6309/6309
f 1065/6310/6310 1050/6311/6311 1066/6312/6312
f 1065/6313/6313 1066/6314/6314 1082/6315/6315
f 1065/6316/6316 1082/6317/6317 1081/6318/6318
f 1098/6319/6319 1097/6320/6320 1081/6321/6321
f 1098/6322/6322 1081/6323/6323 1082/6324/6324
f 1114/6325/6325 1113/6326/6326 1097/6327/6327
f 1114/6328/6328 1097/6329/6329 1098/6330/6330
f 1130/6331/6331 1129/6332/6332 1113/6333/6333
f 1113/6334/6334 1114/6335/6335 1130/6336/6336
f 1017/6337/6337 1129/6338/6338 1130/6339/6339
f 1018/6340/6340 1017/6341/6341 1130/6342/6342
f 1034/6343/6343 1018/6344/6344 1019/6345/6345
f 1035/6346/6346 1034/6347/6347 1019/6348/6348
f 1034/6349/6349 1035/6350/6350 1051/6351/6351
f 1034/6352/6352 1051/6353/6353 1050/6354/6354
f 1066/6355/6355 1050/6356/6356 1051/6357/6357
f 1066/6358/6358 1051/6359/6359 1067/6360/6360
f 1066/6361/6361 1067/6362/6362 1083/6363/6363
f 1066/6364/6364 1083/6365/6365 1082/6366/6366
f 1099/6367/6367 1098/6368/6368 1082/6369/6369
f 1099/6370/6370 1082/6371/6371 1083/6372/6372
f 1115/6373/6373 1114/6374/6374 1098/6375/6375
f 1115/6376/6376 1098/6377/6377 1099/6378/6378
f 1131/6379/6379 1130/6380/6380 1114/6381/6381
f 1114/6382/6382 1115/6383/6383 1131/6384/6384
f 1018/6385/6385 1130/6386/6386 1131/6387/6387
f 1019/6388/6388 1018/6389/6389 1131/6390/6390
f 1035/6391/6391 1019/6392/6392 1020/6393/6393
f 1036/6394/6394 1035/6395/6395 1020/6396/6396
f 1035/6397/6397 1036/6398/6398 1052/6399/6399
f 1035/6400/6400 1052/6401/6401 1051/6402/6402
f 1067/6403/6403 1051/6404/6404 1052/6405/6405
f 1067/6406/6406 1052/6407/6407 1068/6408/6408
f 1067/6409/6409 1068/6410/6410 1084/6411/6411
f 1067/6412/6412 1084/6413/6413 1083/6414/6414
f 1100/6415/6415 1099/6416/6416 1083/6417/6417
f 1100/6418/6418 1083/6419/6419 1084/6420/6420
f 1116/6421/6421 1115/6422/6422 1099/6423/6423
f 1116/6424/6424 1099/6425/6425 1100/6426/6426
f 1132/6427/6427 1131/6428/6428 1115/6429/6429
f 1115/6430/6430 1116/6431/6431 1132/6432/6432
f 1019/6433/6433 1131/6434/6434 1132/6435/6435
f 1020/6436/6436 1019/6437/6437 1132/6438/6438
f 1036/6439/6439 1020/6440/6440 1021/6441/6441
f 1037/6442/6442 1036/6443/6443 1021/6444/6444
f 1036/6445/6445 1037/6446/6446 1053/6447/6447
f 1036/6448/6448 1053/6449/6449 1052/6450/6450
f 1068/6451/6451 1052/6452/6452 1053/6453/6453
f 1068/6454/6454 1053/6455/6455 1069/6456/6456
f 1068/6457/6457 1069/6458/6458 1085/6459/6459
f 1068/6460/6460 1085/6461/6461 1084/6462/6462
f 1101/6463/6463 1100/6464/6464 1084/6465/6465
f 1101/6466/6466 1084/6467/6467 1085/6468/6468
f 1117/6469/6469 1116/6470/6470 1100/6471/6471
f 1117/6472/6472 1100/6473/6473 1101/6474/6474
f 1133/6475/6475 1132/6476/6476 1116/6477/6477
f 1116/6478/6478 1117/6479/6479 1133/6480/6480
f 1020/6481/6481 1132/6482/6482 1133/6483/6483
f 1021/6484/6484 1020/6485/6485 1133/6486/6486
f 1037/6487/6487 1021/6488/6488 1006/6489/6489
f 1022/6490/6490 1037/6491/6491 1006/6492/6492
f 1037/6493/6493 1022/6494/6494 1038/6495/6495
f 1037/6496/6496 1038/6497/6497 1053/6498/6498
f 1069/6499/6499 1053/6500/6500 1038/6501/6501
f 1069/6502/6502 1038/6503/6503 1054/6504/6504
f 1069/6505/6505 1054/6506/6506 1070/6507/6507
f 1069/6508/6508 1070/6509/6509 1085/6510/6510
f 1086/6511/6511 1101/6512/6512 1085/6513/6513
f 1086/6514/6514 1085/6515/6515 1070/6516/6516
f 1102/6517/6517 1117/6518/6518 1101/6519/6519
f 1102/6520/6520 1101/6521/6521 1086/6522/6522
f 1118/6523/6523 1133/6524/6524 1117/6525/6525
f 1117/6526/6526 1102/6527/6527 1118/6528/6528
f 1021/6529/6529 1133/6530/6530 1118/6531/6531
f 1006/6532/6532 1021/6533/6533 1118/6534/6534
f 1057/6535/6535 1134/6536/6536 1135/6537/6537
f 1057/6538/6538 1135/6539/6539 1073/6540/6540
f 1136/6541/6541 1089/6542/6542 1073/6543/6543
f 1136/6544/6544 1073/6545/6545 1135/6546/6546
f 1136/6547/6547 1137/6548/6548 1105/6549/6549
f 1136/6550/6550 1105/6551/6551 1089/6552/6552
f 1138/6553/6553 1121/6554/6554 1105/6555/6555
f 1138/6556/6556 1105/6557/6557 1137/6558/6558
f 1138/6559/6559 1139/6560/6560 1009/6561/6561
f 1121/6562/6562 1138/6563/6563 1009/6564/6564
f 1139/6565/6565 1140/6566/6566 1025/6567/6567
f 1009/6568/6568 1139/6569/6569 1025/6570/6570
f 1041/6571/6571 1025/6572/6572 1140/6573/6573
f 1141/6574/6574 1041/6575/6575 1140/6576/6576
f 1041/6577/6577 1141/6578/6578 1134/6579/6579
f 1041/6580/6580 1134/6581/6581 1057/6582/6582
f 1140/6583/6583 1139/6584/6584 1138/6585/6585
f 1141/6586/6586 1140/6587/6587 1138/6588/6588
f 1134/6589/6589 1141/6590/6590 1138/6591/6591
f 1135/6592/6592 1134/6593/6593 1138/6594/6594
f 1136/6595/6595 1135/6596/6596 1138/6597/6597
f 1138/6598/6598 1137/6599/6599 1136/6600/6600
f 1090/6601/6601 1106/6602/6602 1122/6603/6603
f 1074/6604/6604 1090/6605/6605 1122/6606/6606
f 1058/6607/6607 1074/6608/6608 1122/6609/6609
f 1042/6610/6610 1058/6611/6611 1122/6612/6612
f 1026/6613/6613 1042/6614/6614 1122/6615/6615
f 1122/6616/6616 1010/6617/6617 1026/6618/6618
f 1158/6619/6619 1142/6620/6620 1143/6621/6621
f 1159/6622/6622 1158/6623/6623 1143/6624/6624
f 1158/6625/6625 1159/6626/6626 1175/6627/6627
f 1158/6628/6628 1175/6629/6629 1174/6630/6630
f 1190/6631/6631 1174/6632/6632 1175/6633/6633
f 1190/6634/6634 1175/6635/6635 1191/6636/6636
f 1190/6637/6637 1191/6638/6638 1207/6639/6639
f 1190/6640/6640 1207/6641/6641 1206/6642/6642
f 1223/6643/6643 1222/6644/6644 1206/6645/6645
f 1223/6646/6646 1206/6647/6647 1207/6648/6648
f 1239/6649/6649 1238/6650/6650 1222/6651/6651
f 1239/6652/6652 1222/6653/6653 1223/6654/6654
f 1255/6655/6655 1254/6656/6656 1238/6657/6657
f 1238/6658/6658 1239/6659/6659 1255/6660/6660
f 1142/6661/6661 1254/6662/6662 1255/6663/6663
f 1143/6664/6664 1142/6665/6665 1255/6666/6666
f 1159/6667/6667 1143/6668/6668 1144/6669/6669
f 1160/6670/6670 1159/6671/6671 1144/6672/6672
f 1159/6673/6673 1160/6674/6674 1176/6675/6675
f 1159/6676/6676 1176/6677/6677 1175/6678/6678
f 1191/6679/6679 1175/6680/6680 1176/6681/6681
f 1191/6682/6682 1176/6683/6683 1192/6684/6684
f 1191/6685/6685 1192/6686/6686 1208/6687/6687
f 1191/6688/6688 1208/6689/6689 1207/6690/6690
f 1224/6691/6691 1223/6692/6692 1207/6693/6693
f 1224/6694/6694 1207/6695/6695 1208/6696/6696
f 1240/6697/6697 1239/6698/6698 1223/6699/6699
f 1240/6700/6700 1223/6701/6701 1224/6702/6702
f 1256/6703/6703 1255/6704/6704 1239/6705/6705
f 1239/6706/6706 1240/6707/6707 1256/6708/6708
f 1143/6709/6709 1255/6710/6710 1256/6711/6711
f 1144/6712/6712 1143/6713/6713 1256/6714/6714
f 1160/6715/6715 1144/6716/6716 1145/6717/6717
f 1161/6718/6718 1160/6719/6719 1145/6720/6720
f 1160/6721/6721 1161/6722/6722 1177/6723/6723
f 1160/6724/6724 1177/6725/6725 1176/6726/6726
f 1192/6727/6727 1176/6728/6728 1177/6729/6729
f 1192/6730/6730 1177/6731/6731 1193/6732/6732
f 1192/6733/6733 1193/6734/6734 1209/6735/6735
f 1192/6736/6736 1209/6737/6737 1208/6738/6738
f 1225/6739/6739 1224/6740/6740 1208/6741/6741
f 1225/6742/6742 1208/6743/6743 1209/6744/6744
f 1241/6745/6745 1240/6746/6746 1224/6747/6747
f 1241/6748/6748 1224/6749/6749 1225/6750/6750
f 1257/6751/6751 1256/6752/6752 1240/6753/6753
f 1240/6754/6754 1241/6755/6755 1257/6756/6756
f 1144/6757/6757 1256/6758/6758 1257/6759/6759
f 1145/6760/6760 1144/6761/6761 1257/6762/6762
f 1162/6763/6763 1146/6764/6764 1147/6765/6765
f 1163/6766/6766 1162/6767/6767 1147/6768/6768
f 1162/6769/6769 1163/6770/6770 1179/6771/6771
f 1162/6772/6772 1179/6773/6773 1178/6774/6774
f 1194/6775/6775 1178/6776/6776 1179/6777/6777
f 1194/6778/6778 1179/6779/6779 1195/6780/6780
f 1194/6781/6781 1195/6782/6782 1211/6783/6783
f 1194/6784/6784 1211/6785/6785 1210/6786/6786
f 1227/6787/6787 1226/6788/6788 1210/6789/6789
f 1227/6790/6790 1210/6791/6791 1211/6792/6792
f 1243/6793/6793 1242/6794/6794 1226/6795/6795
f 1243/6796/6796 1226/6797/6797 1227/6798/6798
f 1259/6799/6799 1258/6800/6800 1242/6801/6801
f 1242/6802/6802 1243/6803/6803 1259/6804/6804
f 1146/6805/6805 1258/6806/6806 1259/6807/6807
f 1147/6808/6808 1146/6809/6809 1259/6810/6810
f 1163/6811/6811 1147/6812/6812 1148/6813/6813
f 1164/6814/6814 1163/6815/6815 1148/6816/6816
f 1163/6817/6817 1164/6818/6818 1180/6819/6819
f 1163/6820/6820 1180/6821/6821 1179/6822/6822
f 1195/6823/6823 1179/6824/6824 1180/6825/6825
f 1195/6826/6826 1180/6827/6827 1196/6828/6828
f 1195/6829/6829 1196/6830/6830 1212/6831/6831
f 1195/6832/6832 1212/6833/6833 1211/6834/6834
f 1228/6835/6835 1227/6836/6836 1211/6837/6837
f 1228/6838/6838 1211/6839/6839 1212/6840/6840
f 1244/6841/6841 1243/6842/6842 1227/6843/6843
f 1244/6844/6844 1227/6845/6845 1228/6846/6846
f 1260/6847/6847 1259/6848/6848 1243/6849/6849
f 1243/6850/6850 1244/6851/6851 1260/6852/6852
f 1147/6853/6853 1259/6854/6854 1260/6855/6855
f 1148/6856/6856 1147/6857/6857 1260/6858/6858
f 1164/6859/6859 1148/6860/6860 1149/6861/6861
f 1165/6862/6862 1164/6863/6863 1149/6864/6864
f 1164/6865/6865 1165/6866/6866 1181/6867/6867
f 1164/6868/6868 1181/6869/6869 1180/6870/6870
f 1196/6871/6871 1180/6872/6872 1181/6873/6873
f 1196/6874/6874 1181/6875/6875 1197/6876/6876
f 1196/6877/6877 1197/6878/6878 1213/6879/6879
f 1196/6880/6880 1213/6881/6881 1212/6882/6882
f 1229/6883/6883 1228/6884/6884 1212/6885/6885
f 1229/6886/6886 1212/6887/6887 1213/6888/6888
f 1245/6889/6889 1244/6890/6890 1228/6891/6891
f 1245/6892/6892 1228/6893/6893 1229/6894/6894
f 1261/6895/6895 1260/6896/6896 1244/6897/6897
f 1244/6898/6898 1245/6899/6899 1261/6900/6900
f 1148/6901/6901 1260/6902/6902 1261/6903/6903
f 1149/6904/6904 1148/6905/6905 1261/6906/6906
f 1165/6907/6907 1149/6908/6908 1150/6909/6909
f 1166/6910/6910 1165/6911/6911 1150/6912/6912
f 1165/6913/6913 1166/6914/6914 1182/6915/6915
f 1165/6916/6916 1182/6917/6917 1181/6918/6918
f 1197/6919/6919 1181/6920/6920 1182/6921/6921
f 1197/6922/6922 1182/6923/6923 1198/6924/6924
f 1197/6925/6925 1198/6926/6926 1214/6927/6927
f 1197/6928/6928 1214/6929/6929 1213/6930/6930
f 1230/6931/6931 1229/6932/6932 1213/6933/6933
f 1230/6934/6934 1213/6935/6935 1214/6936/6936
f 1246/6937/6937 1245/6938/6938 1229/6939/6939
f 1246/6940/6940 1229/6941/6941 1230/6942/6942
f 1262/6943/6943 1261/6944/6944 1245/6945/6945
f 1245/6946/6946 1246/6947/6947 1262/6948/6948
f 1149/6949/6949 1261/6950/6950 1262/6951/6951
f 1150/6952/6952 1149/6953/6953 1262/6954/6954
f 1166/6955/6955 1150/6956/6956 1151/6957/6957
f 1167/6958/6958 1166/6959/6959 1151/6960/6960
f 1166/6961/6961 1167/6962/6962 1183/6963/6963
f 1166/6964/6964 1183/6965/6965 1182/6966/6966
f 1198/6967/6967 1182/6968/6968 1183/6969/6969
f 1198/6970/6970 1183/6971/6971 1199/6972/6972
f 1198/6973/6973 1199/6974/6974 1215/6975/6975
f 1198/6976/6976 1215/6977/6977 1214/6978/6978
f 1231/6979/6979 1230/6980/6980 1214/6981/6981
f 1231/6982/6982 1214/6983/6983 1215/6984/6984
f 1247/6985/6985 1246/6986/6986 1230/6987/6987
f 1247/6988/6988 1230/6989/6989 1231/6990/6990
f 1263/6991/6991 1262/6992/6992 1246/6993/6993
f 1246/6994/6994 1247/6995/6995 1263/6996/6996
f 1150/6997/6997 1262/6998/6998 1263/6999/6999
f 1151/7000/7000 1150/7001/7001 1263/7002/7002
f 1167/7003/7003 1151/7004/7004 1152/7005/7005
f 1168/7006/7006 1167/7007/7007 1152/7008/7008
f 1167/7009/7009 1168/7010/7010 1184/7011/7011
f 1167/7012/7012 1184/7013/7013 1183/7014/7014
f 1199/7015/7015 1183/7016/7016 1184/7017/7017
f 1199/7018/7018 1184/7019/7019 1200/7020/7020
f 1199/7021/7021 1200/7022/7022 1216/7023/7023
f 1199/7024/7024 1216/7025/7025 1215/7026/7026
f 1232/7027/7027 1231/7028/7028 1215/7029/7029
f 1232/7030/7030 1215/7031/7031 1216/7032/7032
f 1248/7033/7033 1247/7034/7034 1231/7035/7035
f 1248/7036/7036 1231/7037/7037 1232/7038/7038
f 1264/7039/7039 1263/7040/7040 1247/7041/7041
f 1247/7042/7042 1248/7043/7043 1264/7044/7044
f 1151/7045/7045 1263/7046/7046 1264/7047/7047
f 1152/7048/7048 1151/7049/7049 1264/7050/7050
f 1168/7051/7051 1152/7052/7052 1153/7053/7053
f 1169/7054/7054 1168/7055/7055 1153/7056/7056
f 1168/7057/7057 1169/7058/7058 1185/7059/7059
f 1168/7060/7060 1185/7061/7061 1184/7062/7062
f 1200/7063/7063 1184/7064/7064 1185/7065/7065
f 1200/7066/7066 1185/7067/7067 1201/7068/7068
f 1200/7069/7069 1201/7070/7070 1217/7071/7071
f 1200/7072/7072 1217/7073/7073 1216/7074/7074
f 1233/7075/7075 1232/7076/7076 1216/7077/7077
f 1233/7078/7078 1216/7079/7079 1217/7080/7080
f 1249/7081/7081 1248/7082/7082 1232/7083/7083
f 1249/7084/7084 1232/7085/7085 1233/7086/7086
f 1265/7087/7087 1264/7088/7088 1248/7089/7089
f 1248/7090/7090 1249/7091/7091 1265/7092/7092
f 1152/7093/7093 1264/7094/7094 1265/7095/7095
f 1153/7096/7096 1152/7097/7097 1265/7098/7098
f 1169/7099/7099 1153/7100/7100 1154/7101/7101
f 1170/7102/7102 1169/7103/7103 1154/7104/7104
f 1169/7105/7105 1170/7106/7106 1186/7107/7107
f 1169/7108/7108 1186/7109/7109 1185/7110/7110
f 1201/7111/7111 1185/7112/7112 1186/7113/7113
f 1201/7114/7114 1186/7115/7115 1202/7116/7116
f 1201/7117/7117 1202/7118/7118 1218/7119/7119
f 1201/7120/7120 1218/7121/7121 1217/7122/7122
f 1234/7123/7123 1233/7124/7124 1217/7125/7125
f 1234/7126/7126 1217/7127/7127 1218/7128/7128
f 1250/7129/7129 1249/7130/7130 1233/7131/7131
f 1250/7132/7132 1233/7133/7133 1234/7134/7134
f 1266/7135/7135 1265/7136/7136 1249/7137/7137
f 1249/7138/7138 1250/7139/7139 1266/7140/7140
f 1153/7141/7141 1265/7142/7142 1266/7143/7143
f 1154/7144/7144 1153/7145/7145 1266/7146/7146
f 1170/7147/7147 1154/7148/7148 1155/7149/7149
f 1171/7150/7150 1170/7151/7151 1155/7152/7152
f 1170/7153/7153 1171/7154/7154 1187/7155/7155
f 1170/7156/7156 1187/7157/7157 1186/7158/7158
f 1202/7159/7159 1186/7160/7160 1187/7161/7161
f 1202/7162/7162 1187/7163/7163 1203/7164/7164
f 1202/7165/7165 1203/7166/7166 1219/7167/7167
f 1202/7168/7168 1219/7169/7169 1218/7170/7170
f 1235/7171/7171 1234/7172/7172 1218/7173/7173
f 1235/7174/7174 1218/7175/7175 1219/7176/7176
f 1251/7177/7177 1250/7178/7178 1234/7179/7179
f 1251/7180/7180 1234/7181/7181 1235/7182/7182
f 1267/7183/7183 1266/7184/7184 1250/7185/7185
f 1250/7186/7186 1251/7187/7187 1267/7188/7188
f 1154/7189/7189 1266/7190/7190 1267/7191/7191
f 1155/7192/7192 1154/7193/7193 1267/7194/7194
f 1171/7195/7195 1155/7196/7196 1156/7197/7197
f 1172/7198/7198 1171/7199/7199 1156/7200/7200
f 1171/7201/7201 1172/7202/7202 1188/7203/7203
f 1171/7204/7204 1188/7205/7205 1187/7206/7206
f 1203/7207/7207 1187/7208/7208 1188/7209/7209
f 1203/7210/7210 1188/7211/7211 1204/7212/7212
f 1203/7213/7213 1204/7214/7214 1220/7215/7215
f 1203/7216/7216 1220/7217/7217 1219/7218/7218
f 1236/7219/7219 1235/7220/7220 1219/7221/7221
f 1236/7222/7222 1219/7223/7223 1220/7224/7224
f 1252/7225/7225 1251/7226/7226 1235/7227/7227
f 1252/7228/7228 1235/7229/7229 1236/7230/7230
f 1268/7231/7231 1267/7232/7232 1251/7233/7233
f 1251/7234/7234 1252/7235/7235 1268/7236/7236
f 1155/7237/7237 1267/7238/7238 1268/7239/7239
f 1156/7240/7240 1155/7241/7241 1268/7242/7242
f 1172/7243/7243 1156/7244/7244 1157/7245/7245
f 1173/7246/7246 1172/7247/7247 1157/7248/7248
f 1172/7249/7249 1173/7250/7250 1189/7251/7251
f 1172/7252/7252 1189/7253/7253 1188/7254/7254
f 1204/7255/7255 1188/7256/7256 1189/7257/7257
f 1204/7258/7258 1189/7259/7259 1205/7260/7260
f 1204/7261/7261 1205/7262/7262 1221/7263/7263
f 1204/7264/7264 1221/7265/7265 1220/7266/7266
f 1237/7267/7267 1236/7268/7268 1220/7269/7269
f 1237/7270/7270 1220/7271/7271 1221/7272/7272
f 1253/7273/7273 1252/7274/7274 1236/7275/7275
f 1253/7276/7276 1236/7277/7277 1237/7278/7278
f 1269/7279/7279 1268/7280/7280 1252/7281/7281
f 1252/7282/7282 1253/7283/7283 1269/7284/7284
f 1156/7285/7285 1268/7286/7286 1269/7287/7287
f 1157/7288/7288 1156/7289/7289 1269/7290/7290
f 1173/7291/7291 1157/7292/7292 1142/7293/7293
f 1158/7294/7294 1173/7295/7295 1142/7296/7296
f 1173/7297/7297 1158/7298/7298 1174/7299/7299
f 1173/7300/7300 1174/7301/7301 1189/7302/7302
f 1205/7303/7303 1189/7304/7304 1174/7305/7305
f 1205/7306/7306 1174/7307/7307 1190/7308/7308
f 1205/7309/7309 1190/7310/7310 1206/7311/7311
f 1205/7312/7312 1206/7313/7313 1221/7314/7314
f 1222/7315/7315 1237/7316/7316 1221/7317/7317
f 1222/7318/7318 1221/7319/7319 1206/7320/7320
f 1238/7321/7321 1253/7322/7322 1237/7323/7323
f 1238/7324/7324 1237/7325/7325 1222/7326/7326
f 1254/7327/7327 1269/7328/7328 1253/7329/7329
f 1253/7330/7330 1238/7331/7331 1254/7332/7332
f 1157/7333/7333 1269/7334/7334 1254/7335/7335
f 1142/7336/7336 1157/7337/7337 1254/7338/7338
f 1193/7339/7339 1270/7340/7340 1271/7341/7341
f 1193/7342/7342 1271/7343/7343 1209/7344/7344
f 1272/7345/7345 1225/7346/7346 1209/7347/7347
f 1272/7348/7348 1209/7349/7349 1271/7350/7350
f 1272/7351/7351 1273/7352/7352 1241/7353/7353
f 1272/7354/7354 1241/7355/7355 1225/7356/7356
f 1274/7357/7357 1257/7358/7358 1241/7359/7359
f 1274/7360/7360 1241/7361/7361 1273/7362/7362
f 1274/7363/7363 1275/7364/7364 1145/7365/7365
f 1257/7366/7366 1274/7367/7367 1145/7368/7368
f 1275/7369/7369 1276/7370/7370 1161/7371/7371
f 1145/7372/7372 1275/7373/7373 1161/7374/7374
f 1177/7375/7375 1161/7376/7376 1276/7377/7377
f 1277/7378/7378 1177/7379/7379 1276/7380/7380
f 1177/7381/7381 1277/7382/7382 1270/7383/7383
f 1177/7384/7384 1270/7385/7385 1193/7386/7386
f 1276/7387/7387 1275/7388/7388 1274/7389/7389
f 1277/7390/7390 1276/7391/7391 1274/7392/7392
f 1270/7393/7393 1277/7394/7394 1274/7395/7395
f 1271/7396/7396 1270/7397/7397 1274/7398/7398
f 1272/7399/7399 1271/7400/7400 1274/7401/7401
f 1274/7402/7402 1273/7403/7403 1272/7404/7404
f 1226/7405/7405 1242/7406/7406 1258/7407/7407
f 1210/7408/7408 1226/7409/7409 1258/7410/7410
f 1194/7411/7411 1210/7412/7412 1258/7413/7413
f 1178/7414/7414 1194/7415/7415 1258/7416/7416
f 1162/7417/7417 1178/7418/7418 1258/7419/7419
f 1258/7420/7420 1146/7421/7421 1162/7422/7422
f 1294/7423/7423 1278/7424/7424 1279/7425/7425
f 1295/7426/7426 1294/7427/7427 1279/7428/7428
f 1294/7429/7429 1295/7430/7430 1311/7431/7431
f 1294/7432/7432 1311/7433/7433 1310/7434/7434
f 1326/7435/7435 1310/7436/7436 1311/7437/7437
f 1326/7438/7438 1311/7439/7439 1327/7440/7440
f 1326/7441/7441 1327/7442/7442 1343/7443/7443
f 1326/7444/7444 1343/7445/7445 1342/7446/7446
f 1359/7447/7447 1358/7448/7448 1342/7449/7449
f 1359/7450/7450 1342/7451/7451 1343/7452/7452
f 1375/7453/7453 1374/7454/7454 1358/7455/7455
f 1375/7456/7456 1358/7457/7457 1359/7458/7458
f 1391/7459/7459 1390/7460/7460 1374/7461/7461
f 1374/7462/7462 1375/7463/7463 1391/7464/7464
f 1278/7465/7465 1390/7466/7466 1391/7467/7467
f 1279/7468/7468 1278/7469/7469 1391/7470/7470
f 1295/7471/7471 1279/7472/7472 1280/7473/7473
f 1296/7474/7474 1295/7475/7475 1280/7476/7476
f 1295/7477/7477 1296/7478/7478 1312/7479/7479
f 1295/7480/7480 1312/7481/7481 1311/7482/7482
f 1327/7483/7483 1311/7484/7484 1312/7485/7485
f 1327/7486/7486 1312/7487/7487 1328/7488/7488
f 1327/7489/7489 1328/7490/7490 1344/7491/7491
f 1327/7492/7492 1344/7493/7493 1343/7494/7494
f 1360/7495/7495 1359/7496/7496 1343/7497/7497
f 1360/7498/7498 1343/7499/7499 1344/7500/7500
f 1376/7501/7501 1375/7502/7502 1359/7503/7503
f 1376/7504/7504 1359/7505/7505 1360/7506/7506
f 1392/7507/7507 1391/7508/7508 1375/7509/7509
f 1375/7510/7510 1376/7511/7511 1392/7512/7512
f 1279/7513/7513 1391/7514/7514 1392/7515/7515
f 1280/7516/7516 1279/7517/7517 1392/7518/7518
f 1296/7519/7519 1280/7520/7520 1281/7521/7521
f 1297/7522/7522 1296/7523/7523 1281/7524/7524
f 1296/7525/7525 1297/7526/7526 1313/7527/7527
f 1296/7528/7528 1313/7529/7529 1312/7530/7530
f 1328/7531/7531 1312/7532/7532 1313/7533/7533
f 1328/7534/7534 1313/7535/7535 1329/7536/7536
f 1328/7537/7537 1329/7538/7538 1345/7539/7539
f 1328/7540/7540 1345/7541/7541 1344/7542/7542
f 1361/7543/7543 1360/7544/7544 1344/7545/7545
f 1361/7546/7546 1344/7547/7547 1345/7548/7548
f 1377/7549/7549 1376/7550/7550 1360/7551/7551
f 1377/7552/7552 1360/7553/7553 1361/7554/7554
f 1393/7555/7555 1392/7556/7556 1376/7557/7557
f 1376/7558/7558 1377/7559/7559 1393/7560/7560
f 1280/7561/7561 1392/7562/7562 1393/7563/7563
f 1281/7564/7564 1280/7565/7565 1393/7566/7566
f 1298/7567/7567 1282/7568/7568 1283/7569/7569
f 1299/7570/7570 1298/7571/7571 1283/7572/7572
f 1298/7573/7573 1299/7574/7574 1315/7575/7575
f 1298/7576/7576 1315/7577/7577 1314/7578/7578
f 1330/7579/7579 1314/7580/7580 1315/7581/7581
f 1330/7582/7582 1315/7583/7583 1331/7584/7584
f 1330/7585/7585 1331/7586/7586 1347/7587/7587
f 1330/7588/7588 1347/7589/7589 1346/7590/7590
f 1363/7591/7591 1362/7592/7592 1346/7593/7593
f 1363/7594/7594 1346/7595/7595 1347/7596/7596
f 1379/7597/7597 1378/7598/7598 1362/7599/7599
f 1379/7600/7600 1362/7601/7601 1363/7602/7602
f 1395/7603/7603 1394/7604/7604 1378/7605/7605
f 1378/7606/7606 1379/7607/7607 1395/7608/7608
f 1282/7609/7609 1394/7610/7610 1395/7611/7611
f 1283/7612/7612 1282/7613/7613 1395/7614/7614
f 1299/7615/7615 1283/7616/7616 1284/7617/7617
f 1300/7618/7618 1299/7619/7619 1284/7620/7620
f 1299/7621/7621 1300/7622/7622 1316/7623/7623
f 1299/7624/7624 1316/7625/7625 1315/7626/7626
f 1331/7627/7627 1315/7628/7628 1316/7629/7629
f 1331/7630/7630 1316/7631/7631 1332/7632/7632
f 1331/7633/7633 1332/7634/7634 1348/7635/7635
f 1331/7636/7636 1348/7637/7637 1347/7638/7638
f 1364/7639/7639 1363/7640/7640 1347/7641/7641
f 1364/7642/7642 1347/7643/7643 1348/7644/7644
f 1380/7645/7645 1379/7646/7646 1363/7647/7647
f 1380/7648/7648 1363/7649/7649 1364/7650/7650
f 1396/7651/7651 1395/7652/7652 1379/7653/7653
f 1379/7654/7654 1380/7655/7655 1396/7656/7656
f 1283/7657/7657 1395/7658/7658 1396/7659/7659
f 1284/7660/7660 1283/7661/7661 1396/7662/7662
f 1300/7663/7663 1284/7664/7664 1285/7665/7665
f 1301/7666/7666 1300/7667/7667 1285/7668/7668
f 1300/7669/7669 1301/7670/7670 1317/7671/7671
f 1300/7672/7672 1317/7673/7673 1316/7674/7674
f 1332/7675/7675 1316/7676/7676 1317/7677/7677
f 1332/7678/7678 1317/7679/7679 1333/7680/7680
f 1332/7681/7681 1333/7682/7682 1349/7683/7683
f 1332/7684/7684 1349/7685/7685 1348/7686/7686
f 1365/7687/7687 1364/7688/7688 1348/7689/7689
f 1365/7690/7690 1348/7691/7691 1349/7692/7692
f 1381/7693/7693 1380/7694/7694 1364/7695/7695
f 1381/7696/7696 1364/7697/7697 1365/7698/7698
f 1397/7699/7699 1396/7700/7700 1380/7701/7701
f 1380/7702/7702 1381/7703/7703 1397/7704/7704
f 1284/7705/7705 1396/7706/7706 1397/7707/7707
f 1285/7708/7708 1284/7709/7709 1397/7710/7710
f 1301/7711/7711 1285/7712/7712 1286/7713/7713
f 1302/7714/7714 1301/7715/7715 1286/7716/7716
f 1301/7717/7717 1302/7718/7718 1318/7719/7719
f 1301/7720/7720 1318/7721/7721 1317/7722/7722
f 1333/7723/7723 1317/7724/7724 1318/7725/7725
f 1333/7726/7726 1318/7727/7727 1334/7728/7728
f 1333/7729/7729 1334/7730/7730 1350/7731/7731
f 1333/7732/7732 1350/7733/7733 1349/7734/7734
f 1366/7735/7735 1365/7736/7736 1349/7737/7737
f 1366/7738/7738 1349/7739/7739 1350/7740/7740
f 1382/7741/7741 1381/7742/7742 1365/7743/7743
f 1382/7744/7744 1365/7745/7745 1366/7746/7746
f 1398/7747/7747 1397/7748/7748 1381/7749/7749
f 1381/7750/7750 1382/7751/7751 1398/7752/7752
f 1285/7753/7753 1397/7754/7754 1398/7755/7755
f 1286/7756/7756 1285/7757/7757 1398/7758/7758
f 1302/7759/7759 1286/7760/7760 1287/7761/7761
f 1303/7762/7762 1302/7763/7763 1287/7764/7764
f 1302/7765/7765 1303/7766/7766 1319/7767/7767
f 1302/7768/7768 1319/7769/7769 1318/7770/7770
f 1334/7771/7771 1318/7772/7772 1319/7773/7773
f 1334/7774/7774 1319/7775/7775 1335/7776/7776
f 1334/7777/7777 1335/7778/7778 1351/7779/7779
f 1334/7780/7780 1351/7781/7781 1350/7782/7782
f 1367/7783/7783 1366/7784/7784 1350/7785/7785
f 1367/7786/7786 1350/7787/7787 1351/7788/7788
f 1383/7789/7789 1382/7790/7790 1366/7791/7791
f 1383/7792/7792 1366/7793/7793 1367/7794/7794
f 1399/7795/7795 1398/7796/7796 1382/7797/7797
f 1382/7798/7798 1383/7799/7799 1399/7800/7800
f 1286/7801/7801 1398/7802/7802 1399/7803/7803
f 1287/7804/7804 1286/7805/7805 1399/7806/7806
f 1303/7807/7807 1287/7808/7808 1288/7809/7809
f 1304/7810/7810 1303/7811/7811 1288/7812/7812
f 1303/7813/7813 1304/7814/7814 1320/7815/7815
f 1303/7816/7816 1320/7817/7817 1319/7818/7818
f 1335/7819/7819 1319/7820/7820 1320/7821/7821
f 1335/7822/7822 1320/7823/7823 1336/7824/7824
f 1335/7825/7825 1336/7826/7826 1352/7827/7827
f 1335/7828/7828 1352/7829/7829 1351/7830/7830
f 1368/7831/7831 1367/7832/7832 1351/7833/7833
f 1368/7834/7834 1351/7835/7835 1352/7836/7836
f 1384/7837/7837 1383/7838/7838 1367/7839/7839
f 1384/7840/7840 1367/7841/7841 1368/7842/7842
f 1400/7843/7843 1399/7844/7844 1383/7845/7845
f 1383/7846/7846 1384/7847/7847 1400/7848/7848
f 1287/7849/7849 1399/7850/7850 1400/7851/7851
f 1288/7852/7852 1287/7853/7853 1400/7854/7854
f 1304/7855/7855 1288/7856/7856 1289/7857/7857
f 1305/7858/7858 1304/7859/7859 1289/7860/7860
f 1304/7861/7861 1305/7862/7862 1321/7863/7863
f 1304/7864/7864 1321/7865/7865 1320/7866/7866
f 1336/7867/7867 1320/7868/7868 1321/7869/7869
f 1336/7870/7870 1321/7871/7871 1337/7872/7872
f 1336/7873/7873 1337/7874/7874 1353/7875/7875
f 1336/7876/7876 1353/7877/7877 1352/7878/7878
f 1369/7879/7879 1368/7880/7880 1352/7881/7881
f 1369/7882/7882 1352/7883/7883 1353/7884/7884
f 1385/7885/7885 1384/7886/7886 1368/7887/7887
f 1385/7888/7888 1368/7889/7889 1369/7890/7890
f 1401/7891/7891 1400/7892/7892 1384/7893/7893
f 1384/7894/7894 1385/7895/7895 1401/7896/7896
f 1288/7897/7897 1400/7898/7898 1401/7899/7899
f 1289/7900/7900 1288/7901/7901 1401/7902/7902
f 1305/7903/7903 1289/7904/7904 1290/7905/7905
f 1306/7906/7906 1305/7907/7907 1290/7908/7908
f 1305/7909/7909 1306/7910/7910 1322/7911/7911
f 1305/7912/7912 1322/7913/7913 1321/7914/7914
f 1337/7915/7915 1321/7916/7916 1322/7917/7917
f 1337/7918/7918 1322/7919/7919 1338/7920/7920
f 1337/7921/7921 1338/7922/7922 1354/7923/7923
f 1337/7924/7924 1354/7925/7925 1353/7926/7926
f 1370/7927/7927 1369/7928/7928 1353/7929/7929
f 1370/7930/7930 1353/7931/7931 1354/7932/7932
f 1386/7933/7933 1385/7934/7934 1369/7935/7935
f 1386/7936/7936 1369/7937/7937 1370/7938/7938
f 1402/7939/7939 1401/7940/7940 1385/7941/7941
f 1385/7942/7942 1386/7943/7943 1402/7944/7944
f 1289/7945/7945 1401/7946/7946 1402/7947/7947
f 1290/7948/7948 1289/7949/7949 1402/7950/7950
f 1306/7951/7951 1290/7952/7952 1291/7953/7953
f 1307/7954/7954 1306/7955/7955 1291/7956/7956
f 1306/7957/7957 1307/7958/7958 1323/7959/7959
f 1306/7960/7960 1323/7961/7961 1322/7962/7962
f 1338/7963/7963 1322/7964/7964 1323/7965/7965
f 1338/7966/7966 1323/7967/7967 1339/7968/7968
f 1338/7969/7969 1339/7970/7970 1355/7971/7971
f 1338/7972/7972 1355/7973/7973 1354/7974/7974
f 1371/7975/7975 1370/7976/7976 1354/7977/7977
f 1371/7978/7978 1354/7979/7979 1355/7980/7980
f 1387/7981/7981 1386/7982/7982 1370/7983/7983
f 1387/7984/7984 1370/7985/7985 1371/7986/7986
f 1403/7987/7987 1402/7988/7988 1386/7989/7989
f 1386/7990/7990 1387/7991/7991 1403/7992/7992
f 1290/7993/7993 1402/7994/7994 1403/7995/7995
f 1291/7996/7996 1290/7997/7997 1403/7998/7998
f 1307/7999/7999 1291/8000/8000 1292/8001/8001
f 1308/8002/8002 1307/8003/8003 1292/8004/8004
f 1307/8005/8005 1308/8006/8006 1324/8007/8007
f 1307/8008/8008 1324/8009/8009 1323/8010/8010
f 1339/8011/8011 1323/8012/8012 1324/8013/8013
f 1339/8014/8014 1324/8015/8015 1340/8016/8016
f 1339/8017/8017 1340/8018/8018 1356/8019/8019
f 1339/8020/8020 1356/8021/8021 1355/8022/8022
f 1372/8023/8023 1371/8024/8024 1355/8025/8025
f 1372/8026/8026 1355/8027/8027 1356/8028/8028
f 1388/8029/8029 1387/8030/8030 1371/8031/8031
f 1388/8032/8032 1371/8033/8033 1372/8034/8034
f 1404/8035/8035 1403/8036/8036 1387/8037/8037
f 1387/8038/8038 1388/8039/8039 1404/8040/8040
f 1291/8041/8041 1403/8042/8042 1404/8043/8043
f 1292/8044/8044 1291/8045/8045 1404/8046/8046
f 1308/8047/8047 1292/8048/8048 1293/8049/8049
f 1309/8050/8050 1308/8051/8051 1293/8052/8052
f 1308/8053/8053 1309/8054/8054 1325/8055/8055
f 1308/8056/8056 1325/8057/8057 1324/8058/8058
f 1340/8059/8059 1324/8060/8060 1325/8061/8061
f 1340/8062/8062 1325/8063/8063 1341/8064/8064
f 1340/8065/8065 1341/8066/8066 1357/8067/8067
f 1340/8068/8068 1357/8069/8069 1356/8070/8070
f 1373/8071/8071 1372/8072/8072 1356/8073/8073
f 1373/8074/8074 1356/8075/8075 1357/8076/8076
f 1389/8077/8077 1388/8078/8078 1372/8079/8079
f 1389/8080/8080 1372/8081/8081 1373/8082/8082
f 1405/8083/8083 1404/8084/8084 1388/8085/8085
f 1388/8086/8086 1389/8087/8087 1405/8088/8088
f 1292/8089/8089 1404/8090/8090 1405/8091/8091
f 1293/8092/8092 1292/8093/8093 1405/8094/8094
f 1309/8095/8095 1293/8096/8096 1278/8097/8097
f 1294/8098/8098 1309/8099/8099 1278/8100/8100
f 1309/8101/8101 1294/8102/8102 1310/8103/8103
f 1309/8104/8104 1310/8105/8105 1325/8106/8106
f 1341/8107/8107 1325/8108/8108 1310/8109/8109
f 1341/8110/8110 1310/8111/8111 1326/8112/8112
f 1341/8113/8113 1326/8114/8114 1342/8115/8115
f 1341/8116/8116 1342/8117/8117 1357/8118/8118
f 1358/8119/8119 1373/8120/8120 1357/8121/8121
f 1358/8122/8122 1357/8123/8123 1342/8124/8124
f 1374/8125/8125 1389/8126/8126 1373/8127/8127
f 1374/8128/8128 1373/8129/8129 1358/8130/8130
f 1390/8131/8131 1405/8132/8132 1389/8133/8133
f 1389/8134/8134 1374/8135/8135 1390/8136/8136
f 1293/8137/8137 1405/8138/8138 1390/8139/8139
f 1278/8140/8140 1293/8141/8141 1390/8142/8142
f 1329/8143/8143 1406/8144/8144 1407/8145/8145
f 1329/8146/8146 1407/8147/8147 1345/8148/8148
f 1408/8149/8149 1361/8150/8150 1345/8151/8151
f 1408/8152/8152 1345/8153/8153 1407/8154/8154
f 1408/8155/8155 1409/8156/8156 1377/8157/8157
f 1408/8158/8158 1377/8159/8159 1361/8160/8160
f 1410/8161/8161 1393/8162/8162 1377/8163/8163
f 1410/8164/8164 1377/8165/8165 1409/8166/8166
f 1410/8167/8167 1411/8168/8168 1281/8169/8169
f 1393/8170/8170 1410/8171/8171 1281/8172/8172
f 1411/8173/8173 1412/8174/8174 1297/8175/8175
f 1281/8176/8176 1411/8177/8177 1297/8178/8178
f 1313/8179/8179 1297/8180/8180 1412/8181/8181
f 1413/8182/8182 1313/8183/8183 1412/8184/8184
f 1313/8185/8185 1413/8186/8186 1406/8187/8187
f 1313/8188/8188 1406/8189/8189 1329/8190/8190
f 1412/8191/8191 1411/8192/8192 1410/8193/8193
f 1413/8194/8194 1412/8195/8195 1410/8196/8196
f 1406/8197/8197 1413/8198/8198 1410/8199/8199
f 1407/8200/8200 1406/8201/8201 1410/8202/8202
f 1408/8203/8203 1407/8204/8204 1410/8205/8205
f 1410/8206/8206 1409/8207/8207 1408/8208/8208
f 1362/8209/8209 1378/8210/8210 1394/8211/8211
f 1346/8212/8212 1362/8213/8213 1394/8214/8214
f 1330/8215/8215 1346/8216/8216 1394/8217/8217
f 1314/8218/8218 1330/8219/8219 1394/8220/8220
f 1298/8221/8221 1314/8222/8222 1394/8223/8223
f 1394/8224/8224 1282/8225/8225 1298/8226/8226
f 1434/8227/8227 1430/8228/8228 1415/8229/8229
f 1423/8230/8230 1434/8231/8231 1415/8232/8232
f 1431/8233/8233 1430/8234/8234 1434/8235/8235
f 1435/8236/8236 1431/8237/8237 1434/8238/8238
f 1432/8239/8239 1431/8240/8240 1435/8241/8241
f 1436/8242/8242 1432/8243/8243 1435/8244/8244
f 1433/8245/8245 1432/8246/8246 1436/8247/8247
f 1437/8248/8248 1433/8249/8249 1436/8250/8250
f 1422/8251/8251 1433/8252/8252 1437/8253/8253
f 1417/8254/8254 1422/8255/8255 1437/8256/8256
f 1442/8257/8257 1438/8258/8258 1419/8259/8259
f 1425/8260/8260 1442/8261/8261 1419/8262/8262
f 1439/8263/8263 1438/8264/8264 1442/8265/8265
f 1443/8266/8266 1439/8267/8267 1442/8268/8268
f 1444/8269/8269 1440/8270/8270 1439/8271/8271
f 1443/8272/8272 1444/8273/8273 1439/8274/8274
f 1441/8275/8275 1440/8276/8276 1444/8277/8277
f 1445/8278/8278 1441/8279/8279 1444/8280/8280
f 1424/8281/8281 1441/8282/8282 1445/8283/8283
f 1421/8284/8284 1424/8285/8285 1445/8286/8286
f 1446/8287/8287 1420/8288/8288 1427/8289/8289
f 1450/8290/8290 1446/8291/8291 1427/8292/8292
f 1447/8293/8293 1446/8294/8294 1450/8295/8295
f 1451/8296/8296 1447/8297/8297 1450/8298/8298
f 1452/8299/8299 1448/8300/8300 1447/8301/8301
f 1451/8302/8302 1452/8303/8303 1447/8304/8304
f 1449/8305/8305 1448/8306/8306 1452/8307/8307
f 1453/8308/8308 1449/8309/8309 1452/8310/8310
f 1426/8311/8311 1449/8312/8312 1453/8313/8313
f 1418/8314/8314 1426/8315/8315 1453/8316/8316
f 1454/8317/8317 1416/8318/8318 1429/8319/8319
f 1458/8320/8320 1454/8321/8321 1429/8322/8322
f 1455/8323/8323 1454/8324/8324 1458/8325/8325
f 1459/8326/8326 1455/8327/8327 1458/8328/8328
f 1456/8329/8329 1455/8330/8330 1459/8331/8331
f 1460/8332/8332 1456/8333/8333 1459/8334/8334
f 1457/8335/8335 1456/8336/8336 1460/8337/8337
f 1461/8338/8338 1457/8339/8339 1460/8340/8340
f 1428/8341/8341 1457/8342/8342 1461/8343/8343
f 1414/8344/8344 1428/8345/8345 1461/8346/8346
f 1424/8347/8347 1421/8348/8348 1422/8349/8349
f 1417/8350/8350 1424/8351/8351 1422/8352/8352
f 1460/8353/8353 1459/8354/8354 1458/8355/8355
f 1461/8356/8356 1460/8357/8357 1458/8358/8358
f 1448/8359/8359 1449/8360/8360 1426/8361/8361
f 1446/8362/8362 1447/8363/8363 1448/8364/8364
f 1420/8365/8365 1446/8366/8366 1448/8367/8367
f 1425/8368/8368 1420/8369/8369 1448/8370/8370
f 1442/8371/8371 1425/8372/8372 1448/8373/8373
f 1443/8374/8374 1442/8375/8375 1448/8376/8376
f 1444/8377/8377 1443/8378/8378 1448/8379/8379
f 1421/8380/8380 1445/8381/8381 1444/8382/8382
f 1432/8383/8383 1433/8384/8384 1422/8385/8385
f 1430/8386/8386 1431/8387/8387 1432/8388/8388
f 1415/8389/8389 1430/8390/8390 1432/8391/8391
f 1429/8392/8392 1415/8393/8393 1432/8394/8394
f 1458/8395/8395 1429/8396/8396 1432/8397/8397
f 1414/8398/8398 1461/8399/8399 1458/8400/8400
f 1426/8401/8401 1414/8402/8402 1458/8403/8403
f 1448/8404/8404 1426/8405/8405 1458/8406/8406
f 1421/8407/8407 1444/8408/8408 1448/8409/8409
f 1422/8410/8410 1421/8411/8411 1448/8412/8412
f 1432/8413/8413 1422/8414/8414 1448/8415/8415
f 1458/8416/8416 1432/8417/8417 1448/8418/8418
f 1429/8419/8419 1416/8420/8420 1423/8421/8421
f 1415/8422/8422 1429/8423/8423 1423/8424/8424
f 1452/8425/8425 1451/8426/8426 1450/8427/8427
f 1453/8428/8428 1452/8429/8429 1450/8430/8430
f 1456/8431/8431 1457/8432/8432 1428/8433/8433
f 1454/8434/8434 1455/8435/8435 1456/8436/8436
f 1416/8437/8437 1454/8438/8438 1456/8439/8439
f 1423/8440/8440 1416/8441/8441 1456/8442/8442
f 1434/8443/8443 1423/8444/8444 1456/8445/8445
f 1435/8446/8446 1434/8447/8447 1456/8448/8448
f 1436/8449/8449 1435/8450/8450 1456/8451/8451
f 1417/8452/8452 1437/8453/8453 1436/8454/8454
f 1440/8455/8455 1441/8456/8456 1424/8457/8457
f 1438/8458/8458 1439/8459/8459 1440/8460/8460
f 1419/8461/8461 1438/8462/8462 1440/8463/8463
f 1427/8464/8464 1419/8465/8465 1440/8466/8466
f 1450/8467/8467 1427/8468/8468 1440/8469/8469
f 1418/8470/8470 1453/8471/8471 1450/8472/8472
f 1428/8473/8473 1418/8474/8474 1450/8475/8475
f 1456/8476/8476 1428/8477/8477 1450/8478/8478
f 1417/8479/8479 1436/8480/8480 1456/8481/8481
f 1424/8482/8482 1417/8483/8483 1456/8484/8484
f 1440/8485/8485 1424/8486/8486 1456/8487/8487
f 1450/8488/8488 1440/8489/8489 1456/8490/8490
f 1427/8491/8491 1420/8492/8492 1425/8493/8493
f 1419/8494/8494 1427/8495/8495 1425/8496/8496
f 1428/8497/8497 1414/8498/8498 1426/8499/8499
f 1418/8500/8500 1428/8501/8501 1426/8502/8502
f 1465/8503/8503 1463/8504/8504 1462/8505/8505
f 1464/8506/8506 1465/8507/8507 1462/8508/8508
f 1467/8509/8509 1469/8510/8510 1466/8511/8511
f 1469/8512/8512 1468/8513/8513 1466/8514/8514
f 1463/8515/8515 1467/8516/8516 1466/8517/8517
f 1462/8518/8518 1463/8519/8519 1466/8520/8520
f 1465/8521/8521 1469/8522/8522 1467/8523/8523
f 1463/8524/8524 1465/8525/8525 1467/8526/8526
f 1464/8527/8527 1468/8528/8528 1469/8529/8529
f 1465/8530/8530 1464/8531/8531 1469/8532/8532
f 1462/8533/8533 1466/8534/8534 1468/8535/8535
f 1464/8536/8536 1462/8537/8537 1468/8538/8538
f 1578/8539/8539 1577/8540/8540 1470/8541/8541
f 1472/8542/8542 1484/8543/8543 1483/8544/8544
f 1483/8545/8545 1471/8546/8546 1472/8547/8547
f 1577/8548/8548 1576/8549/8549 1470/8550/8550
f 1473/8551/8551 1485/8552/8552 1484/8553/8553
f 1484/8554/8554 1472/8555/8555 1473/8556/8556
f 1576/8557/8557 1575/8558/8558 1470/8559/8559
f 1474/8560/8560 1486/8561/8561 1485/8562/8562
f 1485/8563/8563 1473/8564/8564 1474/8565/8565
f 1575/8566/8566 1574/8567/8567 1470/8568/8568
f 1475/8569/8569 1487/8570/8570 1486/8571/8571
f 1486/8572/8572 1474/8573/8573 1475/8574/8574
f 1574/8575/8575 1573/8576/8576 1470/8577/8577
f 1476/8578/8578 1488/8579/8579 1487/8580/8580
f 1487/8581/8581 1475/8582/8582 1476/8583/8583
f 1573/8584/8584 1572/8585/8585 1470/8586/8586
f 1477/8587/8587 1489/8588/8588 1488/8589/8589
f 1488/8590/8590 1476/8591/8591 1477/8592/8592
f 1572/8593/8593 1571/8594/8594 1470/8595/8595
f 1478/8596/8596 1490/8597/8597 1489/8598/8598
f 1489/8599/8599 1477/8600/8600 1478/8601/8601
f 1571/8602/8602 1570/8603/8603 1470/8604/8604
f 1479/8605/8605 1491/8606/8606 1490/8607/8607
f 1490/8608/8608 1478/8609/8609 1479/8610/8610
f 1570/8611/8611 1569/8612/8612 1470/8613/8613
f 1480/8614/8614 1492/8615/8615 1491/8616/8616
f 1491/8617/8617 1479/8618/8618 1480/8619/8619
f 1569/8620/8620 1568/8621/8621 1470/8622/8622
f 1481/8623/8623 1493/8624/8624 1492/8625/8625
f 1492/8626/8626 1480/8627/8627 1481/8628/8628
f 1568/8629/8629 1567/8630/8630 1470/8631/8631
f 1482/8632/8632 1494/8633/8633 1493/8634/8634
f 1493/8635/8635 1481/8636/8636 1482/8637/8637
f 1471/8638/8638 1483/8639/8639 1494/8640/8640
f 1494/8641/8641 1482/8642/8642 1471/8643/8643
f 1567/8644/8644 1578/8645/8645 1470/8646/8646
f 1483/8647/8647 1495/8648/8648 1496/8649/8649
f 1494/8650/8650 1483/8651/8651 1496/8652/8652
f 1484/8653/8653 1497/8654/8654 1495/8655/8655
f 1483/8656/8656 1484/8657/8657 1495/8658/8658
f 1485/8659/8659 1498/8660/8660 1497/8661/8661
f 1484/8662/8662 1485/8663/8663 1497/8664/8664
f 1486/8665/8665 1499/8666/8666 1498/8667/8667
f 1485/8668/8668 1486/8669/8669 1498/8670/8670
f 1487/8671/8671 1500/8672/8672 1499/8673/8673
f 1486/8674/8674 1487/8675/8675 1499/8676/8676
f 1488/8677/8677 1501/8678/8678 1500/8679/8679
f 1487/8680/8680 1488/8681/8681 1500/8682/8682
f 1489/8683/8683 1502/8684/8684 1501/8685/8685
f 1488/8686/8686 1489/8687/8687 1501/8688/8688
f 1490/8689/8689 1503/8690/8690 1502/8691/8691
f 1489/8692/8692 1490/8693/8693 1502/8694/8694
f 1491/8695/8695 1504/8696/8696 1503/8697/8697
f 1490/8698/8698 1491/8699/8699 1503/8700/8700
f 1492/8701/8701 1505/8702/8702 1504/8703/8703
f 1491/8704/8704 1492/8705/8705 1504/8706/8706
f 1493/8707/8707 1506/8708/8708 1505/8709/8709
f 1492/8710/8710 1493/8711/8711 1505/8712/8712
f 1494/8713/8713 1496/8714/8714 1506/8715/8715
f 1493/8716/8716 1494/8717/8717 1506/8718/8718
f 1495/8719/8719 1521/8720/8720 1519/8721/8721
f 1496/8722/8722 1495/8723/8723 1519/8724/8724
f 1497/8725/8725 1522/8726/8726 1521/8727/8727
f 1495/8728/8728 1497/8729/8729 1521/8730/8730
f 1498/8731/8731 1523/8732/8732 1522/8733/8733
f 1497/8734/8734 1498/8735/8735 1522/8736/8736
f 1499/8737/8737 1524/8738/8738 1523/8739/8739
f 1498/8740/8740 1499/8741/8741 1523/8742/8742
f 1500/8743/8743 1525/8744/8744 1524/8745/8745
f 1499/8746/8746 1500/8747/8747 1524/8748/8748
f 1501/8749/8749 1526/8750/8750 1525/8751/8751
f 1500/8752/8752 1501/8753/8753 1525/8754/8754
f 1502/8755/8755 1527/8756/8756 1526/8757/8757
f 1501/8758/8758 1502/8759/8759 1526/8760/8760
f 1503/8761/8761 1528/8762/8762 1527/8763/8763
f 1502/8764/8764 1503/8765/8765 1527/8766/8766
f 1504/8767/8767 1529/8768/8768 1528/8769/8769
f 1503/8770/8770 1504/8771/8771 1528/8772/8772
f 1505/8773/8773 1530/8774/8774 1529/8775/8775
f 1504/8776/8776 1505/8777/8777 1529/8778/8778
f 1506/8779/8779 1520/8780/8780 1530/8781/8781
f 1505/8782/8782 1506/8783/8783 1530/8784/8784
f 1496/8785/8785 1519/8786/8786 1520/8787/8787
f 1506/8788/8788 1496/8789/8789 1520/8790/8790
f 1508/8791/8791 1518/8792/8792 1561/8793/8793
f 1508/8794/8794 1561/8795/8795 1531/8796/8796
f 1532/8797/8797 1531/8798/8798 1561/8799/8799
f 1562/8800/8800 1532/8801/8801 1561/8802/8802
f 1562/8803/8803 1563/8804/8804 1533/8805/8805
f 1562/8806/8806 1533/8807/8807 1532/8808/8808
f 1520/8809/8809 1519/8810/8810 1533/8811/8811
f 1563/8812/8812 1520/8813/8813 1533/8814/8814
f 1507/8815/8815 1508/8816/8816 1531/8817/8817
f 1507/8818/8818 1531/8819/8819 1534/8820/8820
f 1535/8821/8821 1534/8822/8822 1531/8823/8823
f 1532/8824/8824 1535/8825/8825 1531/8826/8826
f 1532/8827/8827 1533/8828/8828 1536/8829/8829
f 1532/8830/8830 1536/8831/8831 1535/8832/8832
f 1519/8833/8833 1521/8834/8834 1536/8835/8835
f 1533/8836/8836 1519/8837/8837 1536/8838/8838
f 1509/8839/8839 1507/8840/8840 1534/8841/8841
f 1509/8842/8842 1534/8843/8843 1537/8844/8844
f 1538/8845/8845 1537/8846/8846 1534/8847/8847
f 1535/8848/8848 1538/8849/8849 1534/8850/8850
f 1535/8851/8851 1536/8852/8852 1539/8853/8853
f 1535/8854/8854 1539/8855/8855 1538/8856/8856
f 1521/8857/8857 1522/8858/8858 1539/8859/8859
f 1536/8860/8860 1521/8861/8861 1539/8862/8862
f 1510/8863/8863 1509/8864/8864 1537/8865/8865
f 1510/8866/8866 1537/8867/8867 1540/8868/8868
f 1541/8869/8869 1540/8870/8870 1537/8871/8871
f 1538/8872/8872 1541/8873/8873 1537/8874/8874
f 1538/8875/8875 1539/8876/8876 1542/8877/8877
f 1538/8878/8878 1542/8879/8879 1541/8880/8880
f 1522/8881/8881 1523/8882/8882 1542/8883/8883
f 1539/8884/8884 1522/8885/8885 1542/8886/8886
f 1511/8887/8887 1510/8888/8888 1540/8889/8889
f 1511/8890/8890 1540/8891/8891 1543/8892/8892
f 1544/8893/8893 1543/8894/8894 1540/8895/8895
f 1541/8896/8896 1544/8897/8897 1540/8898/8898
f 1541/8899/8899 1542/8900/8900 1545/8901/8901
f 1541/8902/8902 1545/8903/8903 1544/8904/8904
f 1523/8905/8905 1524/8906/8906 1545/8907/8907
f 1542/8908/8908 1523/8909/8909 1545/8910/8910
f 1512/8911/8911 1511/8912/8912 1543/8913/8913
f 1512/8914/8914 1543/8915/8915 1546/8916/8916
f 1547/8917/8917 1546/8918/8918 1543/8919/8919
f 1544/8920/8920 1547/8921/8921 1543/8922/8922
f 1544/8923/8923 1545/8924/8924 1548/8925/8925
f 1544/8926/8926 1548/8927/8927 1547/8928/8928
f 1524/8929/8929 1525/8930/8930 1548/8931/8931
f 1545/8932/8932 1524/8933/8933 1548/8934/8934
f 1513/8935/8935 1512/8936/8936 1546/8937/8937
f 1513/8938/8938 1546/8939/8939 1549/8940/8940
f 1550/8941/8941 1549/8942/8942 1546/8943/8943
f 1547/8944/8944 1550/8945/8945 1546/8946/8946
f 1547/8947/8947 1548/8948/8948 1551/8949/8949
f 1547/8950/8950 1551/8951/8951 1550/8952/8952
f 1525/8953/8953 1526/8954/8954 1551/8955/8955
f 1548/8956/8956 1525/8957/8957 1551/8958/8958
f 1514/8959/8959 1513/8960/8960 1549/8961/8961
f 1514/8962/8962 1549/8963/8963 1552/8964/8964
f 1553/8965/8965 1552/8966/8966 1549/8967/8967
f 1550/8968/8968 1553/8969/8969 1549/8970/8970
f 1550/8971/8971 1551/8972/8972 1554/8973/8973
f 1550/8974/8974 1554/8975/8975 1553/8976/8976
f 1526/8977/8977 1527/8978/8978 1554/8979/8979
f 1551/8980/8980 1526/8981/8981 1554/8982/8982
f 1515/8983/8983 1514/8984/8984 1552/8985/8985
f 1515/8986/8986 1552/8987/8987 1555/8988/8988
f 1556/8989/8989 1555/8990/8990 1552/8991/8991
f 1553/8992/8992 1556/8993/8993 1552/8994/8994
f 1553/8995/8995 1554/8996/8996 1557/8997/8997
f 1553/8998/8998 1557/8999/8999 1556/9000/9000
f 1527/9001/9001 1528/9002/9002 1557/9003/9003
f 1554/9004/9004 1527/9005/9005 1557/9006/9006
f 1516/9007/9007 1515/9008/9008 1555/9009/9009
f 1516/9010/9010 1555/9011/9011 1558/9012/9012
f 1559/9013/9013 1558/9014/9014 1555/9015/9015
f 1556/9016/9016 1559/9017/9017 1555/9018/9018
f 1556/9019/9019 1557/9020/9020 1560/9021/9021
f 1556/9022/9022 1560/9023/9023 1559/9024/9024
f 1528/9025/9025 1529/9026/9026 1560/9027/9027
f 1557/9028/9028 1528/9029/9029 1560/9030/9030
f 1517/9031/9031 1516/9032/9032 1558/9033/9033
f 1517/9034/9034 1558/9035/9035 1564/9036/9036
f 1565/9037/9037 1564/9038/9038 1558/9039/9039
f 1559/9040/9040 1565/9041/9041 1558/9042/9042
f 1559/9043/9043 1560/9044/9044 1566/9045/9045
f 1559/9046/9046 1566/9047/9047 1565/9048/9048
f 1529/9049/9049 1530/9050/9050 1566/9051/9051
f 1560/9052/9052 1529/9053/9053 1566/9054/9054
f 1518/9055/9055 1517/9056/9056 1564/9057/9057
f 1518/9058/9058 1564/9059/9059 1561/9060/9060
f 1562/9061/9061 1561/9062/9062 1564/9063/9063
f 1565/9064/9064 1562/9065/9065 1564/9066/9066
f 1565/9067/9067 1566/9068/9068 1563/9069/9069
f 1565/9070/9070 1563/9071/9071 1562/9072/9072
f 1530/9073/9073 1520/9074/9074 1563/9075/9075
f 1566/9076/9076 1530/9077/9077 1563/9078/9078
f 1508/9079/9079 1567/9080/9080 1568/9081/9081
f 1518/9082/9082 1508/9083/9083 1568/9084/9084
f 1518/9085/9085 1568/9086/9086 1569/9087/9087
f 1517/9088/9088 1518/9089/9089 1569/9090/9090
f 1517/9091/9091 1569/9092/9092 1570/9093/9093
f 1516/9094/9094 1517/9095/9095 1570/9096/9096
f 1516/9097/9097 1570/9098/9098 1571/9099/9099
f 1515/9100/9100 1516/9101/9101 1571/9102/9102
f 1515/9103/9103 1571/9104/9104 1572/9105/9105
f 1514/9106/9106 1515/9107/9107 1572/9108/9108
f 1514/9109/9109 1572/9110/9110 1573/9111/9111
f 1513/9112/9112 1514/9113/9113 1573/9114/9114
f 1513/9115/9115 1573/9116/9116 1574/9117/9117
f 1512/9118/9118 1513/9119/9119 1574/9120/9120
f 1512/9121/9121 1574/9122/9122 1575/9123/9123
f 1511/9124/9124 1512/9125/9125 1575/9126/9126
f 1511/9127/9127 1575/9128/9128 1576/9129/9129
f 1510/9130/9130 1511/9131/9131 1576/9132/9132
f 1510/9133/9133 1576/9134/9134 1577/9135/9135
f 1509/9136/9136 1510/9137/9137 1577/9138/9138
f 1509/9139/9139 1577/9140/9140 1578/9141/9141
f 1507/9142/9142 1509/9143/9143 1578/9144/9144
f 1507/9145/9145 1578/9146/9146 1567/9147/9147
f 1508/9148/9148 1507/9149/9149 1567/9150/9150
f 1581/9151/9151 1580/9152/9152 1579/9153/9153
f 1593/9154/9154 1592/9155/9155 1580/9156/9156
f 1580/9157/9157 1581/9158/9158 1593/9159/9159
f 1582/9160/9160 1581/9161/9161 1579/9162/9162
f 1594/9163/9163 1593/9164/9164 1581/9165/9165
f 1581/9166/9166 1582/9167/9167 1594/9168/9168
f 1579/9169/9169 1583/9170/9170 1582/9171/9171
f 1595/9172/9172 1594/9173/9173 1582/9174/9174
f 1582/9175/9175 1583/9176/9176 1595/9177/9177
f 1584/9178/9178 1583/9179/9179 1579/9180/9180
f 1596/9181/9181 1595/9182/9182 1583/9183/9183
f 1583/9184/9184 1584/9185/9185 1596/9186/9186
f 1579/9187/9187 1585/9188/9188 1584/9189/9189
f 1597/9190/9190 1596/9191/9191 1584/9192/9192
f 1584/9193/9193 1585/9194/9194 1597/9195/9195
f 1586/9196/9196 1585/9197/9197 1579/9198/9198
f 1598/9199/9199 1597/9200/9200 1585/9201/9201
f 1585/9202/9202 1586/9203/9203 1598/9204/9204
f 1579/9205/9205 1587/9206/9206 1586/9207/9207
f 1599/9208/9208 1598/9209/9209 1586/9210/9210
f 1586/9211/9211 1587/9212/9212 1599/9213/9213
f 1579/9214/9214 1588/9215/9215 1587/9216/9216
f 1600/9217/9217 1599/9218/9218 1587/9219/9219
f 1587/9220/9220 1588/9221/9221 1600/9222/9222
f 1579/9223/9223 1589/9224/9224 1588/9225/9225
f 1601/9226/9226 1600/9227/9227 1588/9228/9228
f 1588/9229/9229 1589/9230/9230 1601/9231/9231
f 1579/9232/9232 1590/9233/9233 1589/9234/9234
f 1602/9235/9235 1601/9236/9236 1589/9237/9237
f 1589/9238/9238 1590/9239/9239 1602/9240/9240
f 1591/9241/9241 1590/9242/9242 1579/9243/9243
f 1603/9244/9244 1602/9245/9245 1590/9246/9246
f 1590/9247/9247 1591/9248/9248 1603/9249/9249
f 1579/9250/9250 1580/9251/9251 1591/9252/9252
f 1592/9253/9253 1603/9254/9254 1591/9255/9255
f 1591/9256/9256 1580/9257/9257 1592/9258/9258
f 1603/9259/9259 1592/9260/9260 1604/9261/9261
f 1592/9262/9262 1593/9263/9263 1604/9264/9264
f 1593/9265/9265 1594/9266/9266 1604/9267/9267
f 1594/9268/9268 1595/9269/9269 1604/9270/9270
f 1595/9271/9271 1596/9272/9272 1604/9273/9273
f 1596/9274/9274 1597/9275/9275 1604/9276/9276
f 1597/9277/9277 1598/9278/9278 1604/9279/9279
f 1598/9280/9280 1599/9281/9281 1604/9282/9282
f 1599/9283/9283 1600/9284/9284 1604/9285/9285
f 1600/9286/9286 1601/9287/9287 1604/9288/9288
f 1601/9289/9289 1602/9290/9290 1604/9291/9291
f 1602/9292/9292 1603/9293/9293 1604/9294/9294
f 1629/9295/9295 1644/9296/9296 1630/9297/9297
f 1644/9298/9298 1645/9299/9299 1630/9300/9300
f 1631/9301/9301 1643/9302/9302 1629/9303/9303
f 1643/9304/9304 1644/9305/9305 1629/9306/9306
f 1632/9307/9307 1641/9308/9308 1631/9309/9309
f 1641/9310/9310 1643/9311/9311 1631/9312/9312
f 1633/9313/9313 1642/9314/9314 1632/9315/9315
f 1642/9316/9316 1641/9317/9317 1632/9318/9318
f 1634/9319/9319 1652/9320/9320 1633/9321/9321
f 1652/9322/9322 1642/9323/9323 1633/9324/9324
f 1635/9325/9325 1651/9326/9326 1634/9327/9327
f 1651/9328/9328 1652/9329/9329 1634/9330/9330
f 1636/9331/9331 1650/9332/9332 1635/9333/9333
f 1650/9334/9334 1651/9335/9335 1635/9336/9336
f 1637/9337/9337 1649/9338/9338 1636/9339/9339
f 1649/9340/9340 1650/9341/9341 1636/9342/9342
f 1638/9343/9343 1648/9344/9344 1637/9345/9345
f 1648/9346/9346 1649/9347/9347 1637/9348/9348
f 1639/9349/9349 1647/9350/9350 1638/9351/9351
f 1647/9352/9352 1648/9353/9353 1638/9354/9354
f 1640/9355/9355 1646/9356/9356 1639/9357/9357
f 1646/9358/9358 1647/9359/9359 1639/9360/9360
f 1630/9361/9361 1645/9362/9362 1640/9363/9363
f 1645/9364/9364 1646/9365/9365 1640/9366/9366
f 1605/9367/9367 1629/9368/9368 1606/9369/9369
f 1629/9370/9370 1630/9371/9371 1606/9372/9372
f 1607/9373/9373 1631/9374/9374 1605/9375/9375
f 1631/9376/9376 1629/9377/9377 1605/9378/9378
f 1608/9379/9379 1632/9380/9380 1607/9381/9381
f 1632/9382/9382 1631/9383/9383 1607/9384/9384
f 1609/9385/9385 1633/9386/9386 1608/9387/9387
f 1633/9388/9388 1632/9389/9389 1608/9390/9390
f 1610/9391/9391 1634/9392/9392 1609/9393/9393
f 1634/9394/9394 1633/9395/9395 1609/9396/9396
f 1611/9397/9397 1635/9398/9398 1610/9399/9399
f 1635/9400/9400 1634/9401/9401 1610/9402/9402
f 1612/9403/9403 1636/9404/9404 1611/9405/9405
f 1636/9406/9406 1635/9407/9407 1611/9408/9408
f 1613/9409/9409 1637/9410/9410 1612/9411/9411
f 1637/9412/9412 1636/9413/9413 1612/9414/9414
f 1614/9415/9415 1638/9416/9416 1613/9417/9417
f 1638/9418/9418 1637/9419/9419 1613/9420/9420
f 1615/9421/9421 1639/9422/9422 1614/9423/9423
f 1639/9424/9424 1638/9425/9425 1614/9426/9426
f 1616/9427/9427 1640/9428/9428 1615/9429/9429
f 1640/9430/9430 1639/9431/9431 1615/9432/9432
f 1606/9433/9433 1630/9434/9434 1616/9435/9435
f 1630/9436/9436 1640/9437/9437 1616/9438/9438
f 1621/9439/9439 1620/9440/9440 1683/9441/9441
f 1683/9442/9442 1620/9443/9443 1653/9444/9444
f 1653/9445/9445 1654/9446/9446 1683/9447/9447
f 1683/9448/9448 1654/9449/9449 1684/9450/9450
f 1654/9451/9451 1655/9452/9452 1684/9453/9453
f 1655/9454/9454 1685/9455/9455 1684/9456/9456
f 1655/9457/9457 1641/9458/9458 1685/9459/9459
f 1642/9460/9460 1685/9461/9461 1641/9462/9462
f 1620/9463/9463 1619/9464/9464 1653/9465/9465
f 1656/9466/9466 1653/9467/9467 1619/9468/9468
f 1656/9469/9469 1657/9470/9470 1653/9471/9471
f 1654/9472/9472 1653/9473/9473 1657/9474/9474
f 1657/9475/9475 1658/9476/9476 1654/9477/9477
f 1655/9478/9478 1654/9479/9479 1658/9480/9480
f 1658/9481/9481 1643/9482/9482 1655/9483/9483
f 1641/9484/9484 1655/9485/9485 1643/9486/9486
f 1619/9487/9487 1617/9488/9488 1656/9489/9489
f 1617/9490/9490 1659/9491/9491 1656/9492/9492
f 1659/9493/9493 1660/9494/9494 1656/9495/9495
f 1656/9496/9496 1660/9497/9497 1657/9498/9498
f 1660/9499/9499 1661/9500/9500 1657/9501/9501
f 1657/9502/9502 1661/9503/9503 1658/9504/9504
f 1661/9505/9505 1644/9506/9506 1658/9507/9507
f 1658/9508/9508 1644/9509/9509 1643/9510/9510
f 1617/9511/9511 1618/9512/9512 1659/9513/9513
f 1618/9514/9514 1662/9515/9515 1659/9516/9516
f 1659/9517/9517 1662/9518/9518 1660/9519/9519
f 1663/9520/9520 1660/9521/9521 1662/9522/9522
f 1660/9523/9523 1663/9524/9524 1661/9525/9525
f 1664/9526/9526 1661/9527/9527 1663/9528/9528
f 1644/9529/9529 1661/9530/9530 1645/9531/9531
f 1661/9532/9532 1664/9533/9533 1645/9534/9534
f 1618/9535/9535 1628/9536/9536 1662/9537/9537
f 1628/9538/9538 1665/9539/9539 1662/9540/9540
f 1662/9541/9541 1665/9542/9542 1663/9543/9543
f 1663/9544/9544 1665/9545/9545 1666/9546/9546
f 1663/9547/9547 1666/9548/9548 1664/9549/9549
f 1666/9550/9550 1667/9551/9551 1664/9552/9552
f 1646/9553/9553 1645/9554/9554 1667/9555/9555
f 1645/9556/9556 1664/9557/9557 1667/9558/9558
f 1628/9559/9559 1627/9560/9560 1665/9561/9561
f 1665/9562/9562 1627/9563/9563 1668/9564/9564
f 1665/9565/9565 1668/9566/9566 1666/9567/9567
f 1669/9568/9568 1666/9569/9569 1668/9570/9570
f 1666/9571/9571 1669/9572/9572 1667/9573/9573
f 1667/9574/9574 1669/9575/9575 1670/9576/9576
f 1647/9577/9577 1646/9578/9578 1670/9579/9579
f 1646/9580/9580 1667/9581/9581 1670/9582/9582
f 1627/9583/9583 1626/9584/9584 1668/9585/9585
f 1626/9586/9586 1671/9587/9587 1668/9588/9588
f 1668/9589/9589 1671/9590/9590 1669/9591/9591
f 1672/9592/9592 1669/9593/9593 1671/9594/9594
f 1669/9595/9595 1672/9596/9596 1670/9597/9597
f 1673/9598/9598 1670/9599/9599 1672/9600/9600
f 1648/9601/9601 1647/9602/9602 1673/9603/9603
f 1647/9604/9604 1670/9605/9605 1673/9606/9606
f 1626/9607/9607 1625/9608/9608 1671/9609/9609
f 1625/9610/9610 1674/9611/9611 1671/9612/9612
f 1671/9613/9613 1674/9614/9614 1672/9615/9615
f 1675/9616/9616 1672/9617/9617 1674/9618/9618
f 1672/9619/9619 1675/9620/9620 1673/9621/9621
f 1675/9622/9622 1676/9623/9623 1673/9624/9624
f 1673/9625/9625 1676/9626/9626 1648/9627/9627
f 1648/9628/9628 1676/9629/9629 1649/9630/9630
f 1625/9631/9631 1624/9632/9632 1674/9633/9633
f 1677/9634/9634 1674/9635/9635 1624/9636/9636
f 1674/9637/9637 1677/9638/9638 1675/9639/9639
f 1678/9640/9640 1675/9641/9641 1677/9642/9642
f 1675/9643/9643 1678/9644/9644 1676/9645/9645
f 1678/9646/9646 1679/9647/9647 1676/9648/9648
f 1676/9649/9649 1679/9650/9650 1649/9651/9651
f 1649/9652/9652 1679/9653/9653 1650/9654/9654
f 1623/9655/9655 1680/9656/9656 1624/9657/9657
f 1624/9658/9658 1680/9659/9659 1677/9660/9660
f 1680/9661/9661 1681/9662/9662 1677/9663/9663
f 1677/9664/9664 1681/9665/9665 1678/9666/9666
f 1681/9667/9667 1682/9668/9668 1678/9669/9669
f 1678/9670/9670 1682/9671/9671 1679/9672/9672
f 1682/9673/9673 1651/9674/9674 1679/9675/9675
f 1651/9676/9676 1650/9677/9677 1679/9678/9678
f 1622/9679/9679 1686/9680/9680 1623/9681/9681
f 1680/9682/9682 1623/9683/9683 1686/9684/9684
f 1686/9685/9685 1687/9686/9686 1680/9687/9687
f 1680/9688/9688 1687/9689/9689 1681/9690/9690
f 1687/9691/9691 1688/9692/9692 1681/9693/9693
f 1682/9694/9694 1681/9695/9695 1688/9696/9696
f 1688/9697/9697 1652/9698/9698 1682/9699/9699
f 1652/9700/9700 1651/9701/9701 1682/9702/9702
f 1621/9703/9703 1683/9704/9704 1622/9705/9705
f 1686/9706/9706 1622/9707/9707 1683/9708/9708
f 1683/9709/9709 1684/9710/9710 1686/9711/9711
f 1686/9712/9712 1684/9713/9713 1687/9714/9714
f 1684/9715/9715 1685/9716/9716 1687/9717/9717
f 1687/9718/9718 1685/9719/9719 1688/9720/9720
f 1685/9721/9721 1642/9722/9722 1688/9723/9723
f 1642/9724/9724 1652/9725/9725 1688/9726/9726
f 1689/9727/9727 1700/9728/9728 1690/9729/9729
f 1700/9730/9730 1699/9731/9731 1690/9732/9732
f 1699/9733/9733 1698/9734/9734 1690/9735/9735
f 1698/9736/9736 1697/9737/9737 1690/9738/9738
f 1697/9739/9739 1696/9740/9740 1690/9741/9741
f 1696/9742/9742 1695/9743/9743 1690/9744/9744
f 1695/9745/9745 1694/9746/9746 1690/9747/9747
f 1694/9748/9748 1693/9749/9749 1690/9750/9750
f 1693/9751/9751 1692/9752/9752 1690/9753/9753
f 1691/9754/9754 1690/9755/9755 1692/9756/9756
f 1611/9757/9757 1610/9758/9758 1701/9759/9759
f 1723/9760/9760 1701/9761/9761 1610/9762/9762
f 1724/9763/9763 1702/9764/9764 1723/9765/9765
f 1701/9766/9766 1723/9767/9767 1702/9768/9768
f 1689/9769/9769 1690/9770/9770 1724/9771/9771
f 1724/9772/9772 1690/9773/9773 1702/9774/9774
f 1612/9775/9775 1611/9776/9776 1703/9777/9777
f 1611/9778/9778 1701/9779/9779 1703/9780/9780
f 1702/9781/9781 1704/9782/9782 1701/9783/9783
f 1703/9784/9784 1701/9785/9785 1704/9786/9786
f 1690/9787/9787 1691/9788/9788 1702/9789/9789
f 1702/9790/9790 1691/9791/9791 1704/9792/9792
f 1613/9793/9793 1612/9794/9794 1705/9795/9795
f 1703/9796/9796 1705/9797/9797 1612/9798/9798
f 1704/9799/9799 1706/9800/9800 1703/9801/9801
f 1705/9802/9802 1703/9803/9803 1706/9804/9804
f 1691/9805/9805 1692/9806/9806 1704/9807/9807
f 1704/9808/9808 1692/9809/9809 1706/9810/9810
f 1614/9811/9811 1613/9812/9812 1707/9813/9813
f 1705/9814/9814 1707/9815/9815 1613/9816/9816
f 1706/9817/9817 1708/9818/9818 1705/9819/9819
f 1707/9820/9820 1705/9821/9821 1708/9822/9822
f 1692/9823/9823 1693/9824/9824 1706/9825/9825
f 1706/9826/9826 1693/9827/9827 1708/9828/9828
f 1615/9829/9829 1614/9830/9830 1709/9831/9831
f 1707/9832/9832 1709/9833/9833 1614/9834/9834
f 1708/9835/9835 1710/9836/9836 1707/9837/9837
f 1709/9838/9838 1707/9839/9839 1710/9840/9840
f 1693/9841/9841 1694/9842/9842 1708/9843/9843
f 1708/9844/9844 1694/9845/9845 1710/9846/9846
f 1616/9847/9847 1615/9848/9848 1711/9849/9849
f 1709/9850/9850 1711/9851/9851 1615/9852/9852
f 1710/9853/9853 1712/9854/9854 1709/9855/9855
f 1711/9856/9856 1709/9857/9857 1712/9858/9858
f 1694/9859/9859 1695/9860/9860 1710/9861/9861
f 1710/9862/9862 1695/9863/9863 1712/9864/9864
f 1606/9865/9865 1616/9866/9866 1713/9867/9867
f 1711/9868/9868 1713/9869/9869 1616/9870/9870
f 1712/9871/9871 1714/9872/9872 1711/9873/9873
f 1713/9874/9874 1711/9875/9875 1714/9876/9876
f 1695/9877/9877 1696/9878/9878 1712/9879/9879
f 1712/9880/9880 1696/9881/9881 1714/9882/9882
f 1605/9883/9883 1606/9884/9884 1715/9885/9885
f 1713/9886/9886 1715/9887/9887 1606/9888/9888
f 1714/9889/9889 1716/9890/9890 1713/9891/9891
f 1715/9892/9892 1713/9893/9893 1716/9894/9894
f 1696/9895/9895 1697/9896/9896 1714/9897/9897
f 1714/9898/9898 1697/9899/9899 1716/9900/9900
f 1607/9901/9901 1605/9902/9902 1717/9903/9903
f 1715/9904/9904 1717/9905/9905 1605/9906/9906
f 1716/9907/9907 1718/9908/9908 1715/9909/9909
f 1717/9910/9910 1715/9911/9911 1718/9912/9912
f 1697/9913/9913 1698/9914/9914 1716/9915/9915
f 1716/9916/9916 1698/9917/9917 1718/9918/9918
f 1608/9919/9919 1607/9920/9920 1719/9921/9921
f 1717/9922/9922 1719/9923/9923 1607/9924/9924
f 1718/9925/9925 1720/9926/9926 1717/9927/9927
f 1719/9928/9928 1717/9929/9929 1720/9930/9930
f 1698/9931/9931 1699/9932/9932 1718/9933/9933
f 1718/9934/9934 1699/9935/9935 1720/9936/9936
f 1609/9937/9937 1608/9938/9938 1721/9939/9939
f 1719/9940/9940 1721/9941/9941 1608/9942/9942
f 1720/9943/9943 1722/9944/9944 1719/9945/9945
f 1721/9946/9946 1719/9947/9947 1722/9948/9948
f 1699/9949/9949 1700/9950/9950 1720/9951/9951
f 1720/9952/9952 1700/9953/9953 1722/9954/9954
f 1610/9955/9955 1609/9956/9956 1723/9957/9957
f 1721/9958/9958 1723/9959/9959 1609/9960/9960
f 1722/9961/9961 1724/9962/9962 1721/9963/9963
f 1723/9964/9964 1721/9965/9965 1724/9966/9966
f 1700/9967/9967 1689/9968/9968 1722/9969/9969
f 1722/9970/9970 1689/9971/9971 1724/9972/9972
f 1789/9973/9973 1752/9974/9974 1787/9975/9975
f 1752/9976/9976 1743/9977/9977 1787/9978/9978
f 1789/9979/9979 1787/9980/9980 1790/9981/9981
f 1788/9982/9982 1790/9983/9983 1787/9984/9984
f 1731/9985/9985 1790/9986/9986 1751/9987/9987
f 1790/9988/9988 1788/9989/9989 1751/9990/9990
f 1793/9991/9991 1755/9992/9992 1791/9993/9993
f 1755/9994/9994 1744/9995/9995 1791/9996/9996
f 1793/9997/9997 1791/9998/9998 1794/9999/9999
f 1792/10000/10000 1794/10001/10001 1791/10002/10002
f 1732/10003/10003 1794/10004/10004 1754/10005/10005
f 1794/10006/10006 1792/10007/10007 1754/10008/10008
f 1797/10009/10009 1758/10010/10010 1795/10011/10011
f 1758/10012/10012 1745/10013/10013 1795/10014/10014
f 1797/10015/10015 1795/10016/10016 1798/10017/10017
f 1796/10018/10018 1798/10019/10019 1795/10020/10020
f 1733/10021/10021 1798/10022/10022 1757/10023/10023
f 1798/10024/10024 1796/10025/10025 1757/10026/10026
f 1801/10027/10027 1761/10028/10028 1799/10029/10029
f 1761/10030/10030 1746/10031/10031 1799/10032/10032
f 1801/10033/10033 1799/10034/10034 1802/10035/10035
f 1800/10036/10036 1802/10037/10037 1799/10038/10038
f 1734/10039/10039 1802/10040/10040 1760/10041/10041
f 1802/10042/10042 1800/10043/10043 1760/10044/10044
f 1805/10045/10045 1764/10046/10046 1803/10047/10047
f 1764/10048/10048 1747/10049/10049 1803/10050/10050
f 1805/10051/10051 1803/10052/10052 1806/10053/10053
f 1804/10054/10054 1806/10055/10055 1803/10056/10056
f 1735/10057/10057 1806/10058/10058 1763/10059/10059
f 1806/10060/10060 1804/10061/10061 1763/10062/10062
f 1809/10063/10063 1767/10064/10064 1807/10065/10065
f 1767/10066/10066 1748/10067/10067 1807/10068/10068
f 1809/10069/10069 1807/10070/10070 1810/10071/10071
f 1808/10072/10072 1810/10073/10073 1807/10074/10074
f 1736/10075/10075 1810/10076/10076 1766/10077/10077
f 1810/10078/10078 1808/10079/10079 1766/10080/10080
f 1813/10081/10081 1770/10082/10082 1811/10083/10083
f 1770/10084/10084 1749/10085/10085 1811/10086/10086
f 1813/10087/10087 1811/10088/10088 1814/10089/10089
f 1812/10090/10090 1814/10091/10091 1811/10092/10092
f 1737/10093/10093 1814/10094/10094 1769/10095/10095
f 1814/10096/10096 1812/10097/10097 1769/10098/10098
f 1817/10099/10099 1772/10100/10100 1815/10101/10101
f 1772/10102/10102 1727/10103/10103 1815/10104/10104
f 1817/10105/10105 1815/10106/10106 1818/10107/10107
f 1816/10108/10108 1818/10109/10109 1815/10110/10110
f 1739/10111/10111 1818/10112/10112 1773/10113/10113
f 1818/10114/10114 1816/10115/10115 1773/10116/10116
f 1821/10117/10117 1776/10118/10118 1819/10119/10119
f 1776/10120/10120 1738/10121/10121 1819/10122/10122
f 1821/10123/10123 1819/10124/10124 1822/10125/10125
f 1820/10126/10126 1822/10127/10127 1819/10128/10128
f 1726/10129/10129 1822/10130/10130 1775/10131/10131
f 1822/10132/10132 1820/10133/10133 1775/10134/10134
f 1825/10135/10135 1779/10136/10136 1823/10137/10137
f 1779/10138/10138 1740/10139/10139 1823/10140/10140
f 1825/10141/10141 1823/10142/10142 1826/10143/10143
f 1824/10144/10144 1826/10145/10145 1823/10146/10146
f 1728/10147/10147 1826/10148/10148 1778/10149/10149
f 1826/10150/10150 1824/10151/10151 1778/10152/10152
f 1829/10153/10153 1782/10154/10154 1827/10155/10155
f 1782/10156/10156 1741/10157/10157 1827/10158/10158
f 1829/10159/10159 1827/10160/10160 1830/10161/10161
f 1828/10162/10162 1830/10163/10163 1827/10164/10164
f 1729/10165/10165 1830/10166/10166 1781/10167/10167
f 1830/10168/10168 1828/10169/10169 1781/10170/10170
f 1833/10171/10171 1785/10172/10172 1831/10173/10173
f 1785/10174/10174 1742/10175/10175 1831/10176/10176
f 1833/10177/10177 1831/10178/10178 1834/10179/10179
f 1832/10180/10180 1834/10181/10181 1831/10182/10182
f 1730/10183/10183 1834/10184/10184 1784/10185/10185
f 1834/10186/10186 1832/10187/10187 1784/10188/10188
f 1743/10189/10189 1750/10190/10190 1787/10191/10191
f 1750/10192/10192 1751/10193/10193 1787/10194/10194
f 1787/10195/10195 1751/10196/10196 1788/10197/10197
f 1731/10198/10198 1753/10199/10199 1790/10200/10200
f 1753/10201/10201 1752/10202/10202 1790/10203/10203
f 1790/10204/10204 1752/10205/10205 1789/10206/10206
f 1744/10207/10207 1750/10208/10208 1791/10209/10209
f 1750/10210/10210 1754/10211/10211 1791/10212/10212
f 1791/10213/10213 1754/10214/10214 1792/10215/10215
f 1732/10216/10216 1756/10217/10217 1794/10218/10218
f 1756/10219/10219 1755/10220/10220 1794/10221/10221
f 1794/10222/10222 1755/10223/10223 1793/10224/10224
f 1745/10225/10225 1750/10226/10226 1795/10227/10227
f 1750/10228/10228 1757/10229/10229 1795/10230/10230
f 1795/10231/10231 1757/10232/10232 1796/10233/10233
f 1733/10234/10234 1759/10235/10235 1798/10236/10236
f 1759/10237/10237 1758/10238/10238 1798/10239/10239
f 1798/10240/10240 1758/10241/10241 1797/10242/10242
f 1746/10243/10243 1750/10244/10244 1799/10245/10245
f 1750/10246/10246 1760/10247/10247 1799/10248/10248
f 1799/10249/10249 1760/10250/10250 1800/10251/10251
f 1734/10252/10252 1762/10253/10253 1802/10254/10254
f 1762/10255/10255 1761/10256/10256 1802/10257/10257
f 1802/10258/10258 1761/10259/10259 1801/10260/10260
f 1747/10261/10261 1750/10262/10262 1803/10263/10263
f 1750/10264/10264 1763/10265/10265 1803/10266/10266
f 1803/10267/10267 1763/10268/10268 1804/10269/10269
f 1735/10270/10270 1765/10271/10271 1806/10272/10272
f 1765/10273/10273 1764/10274/10274 1806/10275/10275
f 1806/10276/10276 1764/10277/10277 1805/10278/10278
f 1748/10279/10279 1750/10280/10280 1807/10281/10281
f 1750/10282/10282 1766/10283/10283 1807/10284/10284
f 1807/10285/10285 1766/10286/10286 1808/10287/10287
f 1736/10288/10288 1768/10289/10289 1810/10290/10290
f 1768/10291/10291 1767/10292/10292 1810/10293/10293
f 1810/10294/10294 1767/10295/10295 1809/10296/10296
f 1749/10297/10297 1750/10298/10298 1811/10299/10299
f 1750/10300/10300 1769/10301/10301 1811/10302/10302
f 1811/10303/10303 1769/10304/10304 1812/10305/10305
f 1737/10306/10306 1771/10307/10307 1814/10308/10308
f 1771/10309/10309 1770/10310/10310 1814/10311/10311
f 1814/10312/10312 1770/10313/10313 1813/10314/10314
f 1739/10315/10315 1750/10316/10316 1818/10317/10317
f 1750/10318/10318 1772/10319/10319 1818/10320/10320
f 1818/10321/10321 1772/10322/10322 1817/10323/10323
f 1727/10324/10324 1774/10325/10325 1815/10326/10326
f 1774/10327/10327 1773/10328/10328 1815/10329/10329
f 1815/10330/10330 1773/10331/10331 1816/10332/10332
f 1738/10333/10333 1750/10334/10334 1819/10335/10335
f 1750/10336/10336 1775/10337/10337 1819/10338/10338
f 1819/10339/10339 1775/10340/10340 1820/10341/10341
f 1726/10342/10342 1777/10343/10343 1822/10344/10344
f 1777/10345/10345 1776/10346/10346 1822/10347/10347
f 1822/10348/10348 1776/10349/10349 1821/10350/10350
f 1740/10351/10351 1750/10352/10352 1823/10353/10353
f 1750/10354/10354 1778/10355/10355 1823/10356/10356
f 1823/10357/10357 1778/10358/10358 1824/10359/10359
f 1728/10360/10360 1780/10361/10361 1826/10362/10362
f 1780/10363/10363 1779/10364/10364 1826/10365/10365
f 1826/10366/10366 1779/10367/10367 1825/10368/10368
f 1741/10369/10369 1750/10370/10370 1827/10371/10371
f 1750/10372/10372 1781/10373/10373 1827/10374/10374
f 1827/10375/10375 1781/10376/10376 1828/10377/10377
f 1729/10378/10378 1783/10379/10379 1830/10380/10380
f 1783/10381/10381 1782/10382/10382 1830/10383/10383
f 1830/10384/10384 1782/10385/10385 1829/10386/10386
f 1742/10387/10387 1750/10388/10388 1831/10389/10389
f 1750/10390/10390 1784/10391/10391 1831/10392/10392
f 1831/10393/10393 1784/10394/10394 1832/10395/10395
f 1730/10396/10396 1786/10397/10397 1834/10398/10398
f 1786/10399/10399 1785/10400/10400 1834/10401/10401
f 1834/10402/10402 1785/10403/10403 1833/10404/10404
f 1744/10405/10405 1755/10406/10406 1751/10407/10407
f 1755/10408/10408 1731/10409/10409 1751/10410/10410
f 1744/10411/10411 1751/10412/10412 1750/10413/10413
f 1743/10414/10414 1784/10415/10415 1750/10416/10416
f 1752/10417/10417 1730/10418/10418 1743/10419/10419
f 1730/10420/10420 1784/10421/10421 1743/10422/10422
f 1786/10423/10423 1730/10424/10424 1725/10425/10425
f 1730/10426/10426 1752/10427/10427 1725/10428/10428
f 1752/10429/10429 1753/10430/10430 1725/10431/10431
f 1753/10432/10432 1731/10433/10433 1725/10434/10434
f 1731/10435/10435 1755/10436/10436 1725/10437/10437
f 1755/10438/10438 1756/10439/10439 1725/10440/10440
f 1758/10441/10441 1732/10442/10442 1745/10443/10443
f 1732/10444/10444 1754/10445/10445 1745/10446/10446
f 1745/10447/10447 1754/10448/10448 1750/10449/10449
f 1756/10450/10450 1732/10451/10451 1725/10452/10452
f 1732/10453/10453 1758/10454/10454 1725/10455/10455
f 1758/10456/10456 1759/10457/10457 1725/10458/10458
f 1746/10459/10459 1761/10460/10460 1757/10461/10461
f 1761/10462/10462 1733/10463/10463 1757/10464/10464
f 1746/10465/10465 1757/10466/10466 1750/10467/10467
f 1759/10468/10468 1733/10469/10469 1725/10470/10470
f 1733/10471/10471 1761/10472/10472 1725/10473/10473
f 1761/10474/10474 1762/10475/10475 1725/10476/10476
f 1747/10477/10477 1764/10478/10478 1760/10479/10479
f 1764/10480/10480 1734/10481/10481 1760/10482/10482
f 1747/10483/10483 1760/10484/10484 1750/10485/10485
f 1762/10486/10486 1734/10487/10487 1725/10488/10488
f 1734/10489/10489 1764/10490/10490 1725/10491/10491
f 1764/10492/10492 1765/10493/10493 1725/10494/10494
f 1748/10495/10495 1767/10496/10496 1763/10497/10497
f 1767/10498/10498 1735/10499/10499 1763/10500/10500
f 1748/10501/10501 1763/10502/10502 1750/10503/10503
f 1765/10504/10504 1735/10505/10505 1725/10506/10506
f 1735/10507/10507 1767/10508/10508 1725/10509/10509
f 1767/10510/10510 1768/10511/10511 1725/10512/10512
f 1749/10513/10513 1770/10514/10514 1766/10515/10515
f 1770/10516/10516 1736/10517/10517 1766/10518/10518
f 1749/10519/10519 1766/10520/10520 1750/10521/10521
f 1768/10522/10522 1736/10523/10523 1725/10524/10524
f 1736/10525/10525 1770/10526/10526 1725/10527/10527
f 1770/10528/10528 1771/10529/10529 1725/10530/10530
f 1773/10531/10531 1737/10532/10532 1739/10533/10533
f 1737/10534/10534 1769/10535/10535 1739/10536/10536
f 1739/10537/10537 1769/10538/10538 1750/10539/10539
f 1771/10540/10540 1737/10541/10541 1725/10542/10542
f 1737/10543/10543 1773/10544/10544 1725/10545/10545
f 1773/10546/10546 1774/10547/10547 1725/10548/10548
f 1738/10549/10549 1776/10550/10550 1772/10551/10551
f 1776/10552/10552 1727/10553/10553 1772/10554/10554
f 1738/10555/10555 1772/10556/10556 1750/10557/10557
f 1774/10558/10558 1727/10559/10559 1725/10560/10560
f 1727/10561/10561 1776/10562/10562 1725/10563/10563
f 1776/10564/10564 1777/10565/10565 1725/10566/10566
f 1779/10567/10567 1726/10568/10568 1740/10569/10569
f 1726/10570/10570 1775/10571/10571 1740/10572/10572
f 1740/10573/10573 1775/10574/10574 1750/10575/10575
f 1777/10576/10576 1726/10577/10577 1725/10578/10578
f 1726/10579/10579 1779/10580/10580 1725/10581/10581
f 1779/10582/10582 1780/10583/10583 1725/10584/10584
f 1741/10585/10585 1782/10586/10586 1778/10587/10587
f 1782/10588/10588 1728/10589/10589 1778/10590/10590
f 1741/10591/10591 1778/10592/10592 1750/10593/10593
f 1780/10594/10594 1728/10595/10595 1725/10596/10596
f 1728/10597/10597 1782/10598/10598 1725/10599/10599
f 1782/10600/10600 1783/10601/10601 1725/10602/10602
f 1785/10603/10603 1729/10604/10604 1742/10605/10605
f 1729/10606/10606 1781/10607/10607 1742/10608/10608
f 1742/10609/10609 1781/10610/10610 1750/10611/10611
f 1783/10612/10612 1729/10613/10613 1725/10614/10614
f 1729/10615/10615 1785/10616/10616 1725/10617/10617
f 1785/10618/10618 1786/10619/10619 1725/10620/10620
f 1851/10621/10621 1855/10622/10622 1836/10623/10623
f 1855/10624/10624 1844/10625/10625 1836/10626/10626
f 1851/10627/10627 1852/10628/10628 1855/10629/10629
f 1852/10630/10630 1856/10631/10631 1855/10632/10632
f 1852/10633/10633 1853/10634/10634 1856/10635/10635
f 1853/10636/10636 1857/10637/10637 1856/10638/10638
f 1853/10639/10639 1854/10640/10640 1857/10641/10641
f 1854/10642/10642 1858/10643/10643 1857/10644/10644
f 1854/10645/10645 1843/10646/10646 1858/10647/10647
f 1843/10648/10648 1838/10649/10649 1858/10650/10650
f 1859/10651/10651 1863/10652/10652 1840/10653/10653
f 1863/10654/10654 1846/10655/10655 1840/10656/10656
f 1859/10657/10657 1860/10658/10658 1863/10659/10659
f 1860/10660/10660 1864/10661/10661 1863/10662/10662
f 1861/10663/10663 1865/10664/10664 1860/10665/10665
f 1865/10666/10666 1864/10667/10667 1860/10668/10668
f 1861/10669/10669 1862/10670/10670 1865/10671/10671
f 1862/10672/10672 1866/10673/10673 1865/10674/10674
f 1862/10675/10675 1845/10676/10676 1866/10677/10677
f 1845/10678/10678 1842/10679/10679 1866/10680/10680
f 1841/10681/10681 1867/10682/10682 1848/10683/10683
f 1867/10684/10684 1871/10685/10685 1848/10686/10686
f 1867/10687/10687 1868/10688/10688 1871/10689/10689
f 1868/10690/10690 1872/10691/10691 1871/10692/10692
f 1869/10693/10693 1873/10694/10694 1868/10695/10695
f 1873/10696/10696 1872/10697/10697 1868/10698/10698
f 1869/10699/10699 1870/10700/10700 1873/10701/10701
f 1870/10702/10702 1874/10703/10703 1873/10704/10704
f 1870/10705/10705 1847/10706/10706 1874/10707/10707
f 1847/10708/10708 1839/10709/10709 1874/10710/10710
f 1837/10711/10711 1875/10712/10712 1850/10713/10713
f 1875/10714/10714 1879/10715/10715 1850/10716/10716
f 1875/10717/10717 1876/10718/10718 1879/10719/10719
f 1876/10720/10720 1880/10721/10721 1879/10722/10722
f 1876/10723/10723 1877/10724/10724 1880/10725/10725
f 1877/10726/10726 1881/10727/10727 1880/10728/10728
f 1877/10729/10729 1878/10730/10730 1881/10731/10731
f 1878/10732/10732 1882/10733/10733 1881/10734/10734
f 1878/10735/10735 1849/10736/10736 1882/10737/10737
f 1849/10738/10738 1835/10739/10739 1882/10740/10740
f 1842/10741/10741 1845/10742/10742 1843/10743/10743
f 1845/10744/10744 1838/10745/10745 1843/10746/10746
f 1880/10747/10747 1881/10748/10748 1879/10749/10749
f 1881/10750/10750 1882/10751/10751 1879/10752/10752
f 1870/10753/10753 1869/10754/10754 1847/10755/10755
f 1868/10756/10756 1867/10757/10757 1869/10758/10758
f 1867/10759/10759 1841/10760/10760 1869/10761/10761
f 1841/10762/10762 1846/10763/10763 1869/10764/10764
f 1846/10765/10765 1863/10766/10766 1869/10767/10767
f 1863/10768/10768 1864/10769/10769 1869/10770/10770
f 1864/10771/10771 1865/10772/10772 1869/10773/10773
f 1866/10774/10774 1842/10775/10775 1865/10776/10776
f 1854/10777/10777 1853/10778/10778 1843/10779/10779
f 1852/10780/10780 1851/10781/10781 1853/10782/10782
f 1851/10783/10783 1836/10784/10784 1853/10785/10785
f 1836/10786/10786 1850/10787/10787 1853/10788/10788
f 1850/10789/10789 1879/10790/10790 1853/10791/10791
f 1882/10792/10792 1835/10793/10793 1879/10794/10794
f 1835/10795/10795 1847/10796/10796 1879/10797/10797
f 1847/10798/10798 1869/10799/10799 1879/10800/10800
f 1865/10801/10801 1842/10802/10802 1869/10803/10803
f 1842/10804/10804 1843/10805/10805 1869/10806/10806
f 1843/10807/10807 1853/10808/10808 1869/10809/10809
f 1853/10810/10810 1879/10811/10811 1869/10812/10812
f 1837/10813/10813 1850/10814/10814 1844/10815/10815
f 1850/10816/10816 1836/10817/10817 1844/10818/10818
f 1872/10819/10819 1873/10820/10820 1871/10821/10821
f 1873/10822/10822 1874/10823/10823 1871/10824/10824
f 1878/10825/10825 1877/10826/10826 1849/10827/10827
f 1876/10828/10828 1875/10829/10829 1877/10830/10830
f 1875/10831/10831 1837/10832/10832 1877/10833/10833
f 1837/10834/10834 1844/10835/10835 1877/10836/10836
f 1844/10837/10837 1855/10838/10838 1877/10839/10839
f 1855/10840/10840 1856/10841/10841 1877/10842/10842
f 1856/10843/10843 1857/10844/10844 1877/10845/10845
f 1858/10846/10846 1838/10847/10847 1857/10848/10848
f 1862/10849/10849 1861/10850/10850 1845/10851/10851
f 1860/10852/10852 1859/10853/10853 1861/10854/10854
f 1859/10855/10855 1840/10856/10856 1861/10857/10857
f 1840/10858/10858 1848/10859/10859 1861/10860/10860
f 1848/10861/10861 1871/10862/10862 1861/10863/10863
f 1874/10864/10864 1839/10865/10865 1871/10866/10866
f 1839/10867/10867 1849/10868/10868 1871/10869/10869
f 1849/10870/10870 1877/10871/10871 1871/10872/10872
f 1857/10873/10873 1838/10874/10874 1877/10875/10875
f 1838/10876/10876 1845/10877/10877 1877/10878/10878
f 1845/10879/10879 1861/10880/10880 1877/10881/10881
f 1861/10882/10882 1871/10883/10883 1877/10884/10884
f 1841/10885/10885 1848/10886/10886 1846/10887/10887
f 1848/10888/10888 1840/10889/10889 1846/10890/10890
f 1835/10891/10891 1849/10892/10892 1847/10893/10893
f 1849/10894/10894 1839/10895/10895 1847/10896/10896

