# Mesh 7
o Mesh7

v 0.4535 3.6677 0.0
v 0.419 3.6915 -0.1736
v 0.3207 3.7154 -0.3207
v 0.1736 3.7392 -0.419
v 0.0 3.3816 -0.4535
v -0.1736 3.4055 -0.419
v -0.3207 3.4293 -0.3207
v -0.419 3.4531 -0.1736
v -0.4535 3.477 0.0
v -0.419 3.5008 0.1736
v -0.3207 3.5247 0.3207
v -0.1736 3.5485 0.419
v 0.0 3.5723 0.4535
v 0.1736 3.5962 0.419
v 0.3207 3.6298 0.3207
v 0.419 3.6439 0.1736
v 0.427 3.7318 0.0
v 0.3945 3.7557 -0.1634
v 0.3019 3.7795 -0.3019
v 0.1634 3.8034 -0.3945
v 0.0 3.4458 -0.427
v -0.1634 3.4696 -0.3945
v -0.3019 3.4934 -0.3019
v -0.3945 3.5173 -0.1634
v -0.427 3.5411 0.0
v -0.3945 3.565 0.1634
v -0.3019 3.5888 0.3019
v -0.1634 3.6126 0.3945
v 0.0 3.6365 0.427
v 0.1634 3.6603 0.3945
v 0.3019 3.6939 0.3019
v 0.3945 3.708 0.1634
v 0.3628 3.7584 0.0
v 0.3352 3.7822 -0.1388
v 0.2566 3.8061 -0.2566
v 0.1388 3.8299 -0.3352
v 0.0 3.4723 -0.3628
v -0.1388 3.4962 -0.3352
v -0.2566 3.52 -0.2566
v -0.3352 3.5439 -0.1388
v -0.3628 3.5677 0.0
v -0.3352 3.5915 0.1388
v -0.2566 3.6154 0.2566
v -0.1388 3.6392 0.3352
v 0.0 3.663 0.3628
v 0.1388 3.6869 0.3352
v 0.2566 3.7205 0.2566
v 0.3352 3.7346 0.1388
v 0.2987 3.7318 0.0
v 0.2759 3.7557 -0.1143
v 0.2112 3.7795 -0.2112
v 0.1143 3.8034 -0.2759
v 0.0 3.4458 -0.2987
v -0.1143 3.4696 -0.2759
v -0.2112 3.4934 -0.2112
v -0.2759 3.5173 -0.1143
v -0.2987 3.5411 0.0
v -0.2759 3.565 0.1143
v -0.2112 3.5888 0.2112
v -0.1143 3.6126 0.2759
v 0.0 3.6365 0.2987
v 0.1143 3.6603 0.2759
v 0.2112 3.6939 0.2112
v 0.2759 3.708 0.1143
v 0.2721 3.6677 0.0
v 0.2514 3.6915 -0.1041
v 0.1924 3.7154 -0.1924
v 0.1041 3.7392 -0.2514
v 0.0 3.3816 -0.2721
v -0.1041 3.4055 -0.2514
v -0.1924 3.4293 -0.1924
v -0.2514 3.4531 -0.1041
v -0.2721 3.477 0.0
v -0.2514 3.5008 0.1041
v -0.1924 3.5247 0.1924
v -0.1041 3.5485 0.2514
v 0.0 3.5723 0.2721
v 0.1041 3.5962 0.2514
v 0.1924 3.6298 0.1924
v 0.2514 3.6439 0.1041
v 0.2987 3.6036 0.0
v 0.2759 3.6274 -0.1143
v 0.2112 3.6512 -0.2112
v 0.1143 3.6751 -0.2759
v 0.0 3.3175 -0.2987
v -0.1143 3.3413 -0.2759
v -0.2112 3.3652 -0.2112
v -0.2759 3.389 -0.1143
v -0.2987 3.4129 0.0
v -0.2759 3.4367 0.1143
v -0.2112 3.4605 0.2112
v -0.1143 3.4844 0.2759
v 0.0 3.5082 0.2987
v 0.1143 3.532 0.2759
v 0.2112 3.5657 0.2112
v 0.2759 3.5797 0.1143
v 0.3628 3.577 0.0
v 0.3352 3.6008 -0.1388
v 0.2566 3.6247 -0.2566
v 0.1388 3.6485 -0.3352
v 0.0 3.2909 -0.3628
v -0.1388 3.3148 -0.3352
v -0.2566 3.3386 -0.2566
v -0.3352 3.3624 -0.1388
v -0.3628 3.3863 0.0
v -0.3352 3.4101 0.1388
v -0.2566 3.434 0.2566
v -0.1388 3.4578 0.3352
v 0.0 3.4816 0.3628
v 0.1388 3.5055 0.3352
v 0.2566 3.5391 0.2566
v 0.3352 3.5532 0.1388
v 0.427 3.6036 0.0
v 0.3945 3.6274 -0.1634
v 0.3019 3.6512 -0.3019
v 0.1634 3.6751 -0.3945
v 0.0 3.3175 -0.427
v -0.1634 3.3413 -0.3945
v -0.3019 3.3652 -0.3019
v -0.3945 3.389 -0.1634
v -0.427 3.4129 0.0
v -0.3945 3.4367 0.1634
v -0.3019 3.4605 0.3019
v -0.1634 3.4844 0.3945
v 0.0 3.5082 0.427
v 0.1634 3.532 0.3945
v 0.3019 3.5657 0.3019
v 0.3945 3.5797 0.1634
v 0.0016 3.8272 -0.2984
v 0.0015 3.7631 -0.2718
v 0.0016 3.6989 -0.2984
v 0.002 3.6724 -0.3624
v 0.0023 3.6989 -0.4265
v 0.0025 3.7631 -0.453
v 0.0023 3.8272 -0.4265
v 0.002 3.8538 -0.3624
v 0.4535 3.2863 0.0
v 0.419 3.3101 -0.1736
v 0.3207 3.334 -0.3207
v 0.1736 3.3578 -0.419
v 0.0 3.0002 -0.4535
v -0.1736 3.024 -0.419
v -0.3207 3.0479 -0.3207
v -0.419 3.0717 -0.1736
v -0.4535 3.0956 0.0
v -0.419 3.1194 0.1736
v -0.3207 3.1432 0.3207
v -0.1736 3.1671 0.419
v 0.0 3.1909 0.4535
v 0.1736 3.2148 0.419
v 0.3207 3.2484 0.3207
v 0.419 3.2624 0.1736
v 0.427 3.3504 0.0
v 0.3945 3.3743 -0.1634
v 0.3019 3.3981 -0.3019
v 0.1634 3.4219 -0.3945
v 0.0 3.0643 -0.427
v -0.1634 3.0882 -0.3945
v -0.3019 3.112 -0.3019
v -0.3945 3.1359 -0.1634
v -0.427 3.1597 0.0
v -0.3945 3.1835 0.1634
v -0.3019 3.2074 0.3019
v -0.1634 3.2312 0.3945
v 0.0 3.2551 0.427
v 0.1634 3.2789 0.3945
v 0.3019 3.3125 0.3019
v 0.3945 3.3266 0.1634
v 0.3628 3.377 0.0
v 0.3352 3.4008 -0.1388
v 0.2566 3.4247 -0.2566
v 0.1388 3.4485 -0.3352
v 0.0 3.0909 -0.3628
v -0.1388 3.1147 -0.3352
v -0.2566 3.1386 -0.2566
v -0.3352 3.1624 -0.1388
v -0.3628 3.1863 0.0
v -0.3352 3.2101 0.1388
v -0.2566 3.2339 0.2566
v -0.1388 3.2578 0.3352
v 0.0 3.2816 0.3628
v 0.1388 3.3055 0.3352
v 0.2566 3.3391 0.2566
v 0.3352 3.3531 0.1388
v 0.2987 3.3504 0.0
v 0.2759 3.3743 -0.1143
v 0.2112 3.3981 -0.2112
v 0.1143 3.4219 -0.2759
v 0.0 3.0643 -0.2987
v -0.1143 3.0882 -0.2759
v -0.2112 3.112 -0.2112
v -0.2759 3.1359 -0.1143
v -0.2987 3.1597 0.0
v -0.2759 3.1835 0.1143
v -0.2112 3.2074 0.2112
v -0.1143 3.2312 0.2759
v 0.0 3.2551 0.2987
v 0.1143 3.2789 0.2759
v 0.2112 3.3125 0.2112
v 0.2759 3.3266 0.1143
v 0.2721 3.2863 0.0
v 0.2514 3.3101 -0.1041
v 0.1924 3.334 -0.1924
v 0.1041 3.3578 -0.2514
v 0.0 3.0002 -0.2721
v -0.1041 3.024 -0.2514
v -0.1924 3.0479 -0.1924
v -0.2514 3.0717 -0.1041
v -0.2721 3.0956 0.0
v -0.2514 3.1194 0.1041
v -0.1924 3.1432 0.1924
v -0.1041 3.1671 0.2514
v 0.0 3.1909 0.2721
v 0.1041 3.2148 0.2514
v 0.1924 3.2484 0.1924
v 0.2514 3.2624 0.1041
v 0.2987 3.2221 0.0
v 0.2759 3.246 -0.1143
v 0.2112 3.2698 -0.2112
v 0.1143 3.2937 -0.2759
v 0.0 2.9361 -0.2987
v -0.1143 2.9599 -0.2759
v -0.2112 2.9837 -0.2112
v -0.2759 3.0076 -0.1143
v -0.2987 3.0314 0.0
v -0.2759 3.0553 0.1143
v -0.2112 3.0791 0.2112
v -0.1143 3.1029 0.2759
v 0.0 3.1268 0.2987
v 0.1143 3.1506 0.2759
v 0.2112 3.1842 0.2112
v 0.2759 3.1983 0.1143
v 0.3628 3.1956 0.0
v 0.3352 3.2194 -0.1388
v 0.2566 3.2432 -0.2566
v 0.1388 3.2671 -0.3352
v 0.0 2.9095 -0.3628
v -0.1388 2.9333 -0.3352
v -0.2566 2.9572 -0.2566
v -0.3352 2.981 -0.1388
v -0.3628 3.0049 0.0
v -0.3352 3.0287 0.1388
v -0.2566 3.0525 0.2566
v -0.1388 3.0764 0.3352
v 0.0 3.1002 0.3628
v 0.1388 3.124 0.3352
v 0.2566 3.1577 0.2566
v 0.3352 3.1717 0.1388
v 0.427 3.2221 0.0
v 0.3945 3.246 -0.1634
v 0.3019 3.2698 -0.3019
v 0.1634 3.2937 -0.3945
v 0.0 2.9361 -0.427
v -0.1634 2.9599 -0.3945
v -0.3019 2.9837 -0.3019
v -0.3945 3.0076 -0.1634
v -0.427 3.0314 0.0
v -0.3945 3.0553 0.1634
v -0.3019 3.0791 0.3019
v -0.1634 3.1029 0.3945
v 0.0 3.1268 0.427
v 0.1634 3.1506 0.3945
v 0.3019 3.1842 0.3019
v 0.3945 3.1983 0.1634
v 0.0016 3.4458 -0.2984
v 0.0015 3.3816 -0.2718
v 0.0016 3.3175 -0.2984
v 0.002 3.2909 -0.3624
v 0.0023 3.3175 -0.4265
v 0.0025 3.3816 -0.453
v 0.0023 3.4458 -0.4265
v 0.002 3.4723 -0.3624
v 0.4535 2.9046 0.0
v 0.419 2.9284 -0.1736
v 0.3207 2.9523 -0.3207
v 0.1736 2.9761 -0.419
v 0.0 2.6185 -0.4535
v -0.1736 2.6424 -0.419
v -0.3207 2.6662 -0.3207
v -0.419 2.6901 -0.1736
v -0.4535 2.7139 0.0
v -0.419 2.7377 0.1736
v -0.3207 2.7616 0.3207
v -0.1736 2.7854 0.419
v 0.0 2.8093 0.4535
v 0.1736 2.8331 0.419
v 0.3207 2.8667 0.3207
v 0.419 2.8808 0.1736
v 0.427 2.9687 0.0
v 0.3945 2.9926 -0.1634
v 0.3019 3.0164 -0.3019
v 0.1634 3.0403 -0.3945
v 0.0 2.6827 -0.427
v -0.1634 2.7065 -0.3945
v -0.3019 2.7304 -0.3019
v -0.3945 2.7542 -0.1634
v -0.427 2.778 0.0
v -0.3945 2.8019 0.1634
v -0.3019 2.8257 0.3019
v -0.1634 2.8495 0.3945
v 0.0 2.8734 0.427
v 0.1634 2.8972 0.3945
v 0.3019 2.9308 0.3019
v 0.3945 2.9449 0.1634
v 0.3628 2.9953 0.0
v 0.3352 3.0192 -0.1388
v 0.2566 3.043 -0.2566
v 0.1388 3.0668 -0.3352
v 0.0 2.7092 -0.3628
v -0.1388 2.7331 -0.3352
v -0.2566 2.7569 -0.2566
v -0.3352 2.7808 -0.1388
v -0.3628 2.8046 0.0
v -0.3352 2.8284 0.1388
v -0.2566 2.8523 0.2566
v -0.1388 2.8761 0.3352
v 0.0 2.9 0.3628
v 0.1388 2.9238 0.3352
v 0.2566 2.9574 0.2566
v 0.3352 2.9715 0.1388
v 0.2987 2.9687 0.0
v 0.2759 2.9926 -0.1143
v 0.2112 3.0164 -0.2112
v 0.1143 3.0403 -0.2759
v 0.0 2.6827 -0.2987
v -0.1143 2.7065 -0.2759
v -0.2112 2.7304 -0.2112
v -0.2759 2.7542 -0.1143
v -0.2987 2.778 0.0
v -0.2759 2.8019 0.1143
v -0.2112 2.8257 0.2112
v -0.1143 2.8495 0.2759
v 0.0 2.8734 0.2987
v 0.1143 2.8972 0.2759
v 0.2112 2.9308 0.2112
v 0.2759 2.9449 0.1143
v 0.2721 2.9046 0.0
v 0.2514 2.9284 -0.1041
v 0.1924 2.9523 -0.1924
v 0.1041 2.9761 -0.2514
v 0.0 2.6185 -0.2721
v -0.1041 2.6424 -0.2514
v -0.1924 2.6662 -0.1924
v -0.2514 2.6901 -0.1041
v -0.2721 2.7139 0.0
v -0.2514 2.7377 0.1041
v -0.1924 2.7616 0.1924
v -0.1041 2.7854 0.2514
v 0.0 2.8093 0.2721
v 0.1041 2.8331 0.2514
v 0.1924 2.8667 0.1924
v 0.2514 2.8808 0.1041
v 0.2987 2.8405 0.0
v 0.2759 2.8643 -0.1143
v 0.2112 2.8881 -0.2112
v 0.1143 2.912 -0.2759
v 0.0 2.5544 -0.2987
v -0.1143 2.5782 -0.2759
v -0.2112 2.6021 -0.2112
v -0.2759 2.6259 -0.1143
v -0.2987 2.6498 0.0
v -0.2759 2.6736 0.1143
v -0.2112 2.6974 0.2112
v -0.1143 2.7213 0.2759
v 0.0 2.7451 0.2987
v 0.1143 2.769 0.2759
v 0.2112 2.8026 0.2112
v 0.2759 2.8166 0.1143
v 0.3628 2.8139 0.0
v 0.3352 2.8377 -0.1388
v 0.2566 2.8616 -0.2566
v 0.1388 2.8854 -0.3352
v 0.0 2.5278 -0.3628
v -0.1388 2.5517 -0.3352
v -0.2566 2.5755 -0.2566
v -0.3352 2.5994 -0.1388
v -0.3628 2.6232 0.0
v -0.3352 2.647 0.1388
v -0.2566 2.6709 0.2566
v -0.1388 2.6947 0.3352
v 0.0 2.7185 0.3628
v 0.1388 2.7424 0.3352
v 0.2566 2.776 0.2566
v 0.3352 2.7901 0.1388
v 0.427 2.8405 0.0
v 0.3945 2.8643 -0.1634
v 0.3019 2.8881 -0.3019
v 0.1634 2.912 -0.3945
v 0.0 2.5544 -0.427
v -0.1634 2.5782 -0.3945
v -0.3019 2.6021 -0.3019
v -0.3945 2.6259 -0.1634
v -0.427 2.6498 0.0
v -0.3945 2.6736 0.1634
v -0.3019 2.6974 0.3019
v -0.1634 2.7213 0.3945
v 0.0 2.7451 0.427
v 0.1634 2.769 0.3945
v 0.3019 2.8026 0.3019
v 0.3945 2.8166 0.1634
v 0.0016 3.0641 -0.2984
v 0.0015 3.0 -0.2718
v 0.0016 2.9358 -0.2984
v 0.002 2.9093 -0.3624
v 0.0023 2.9358 -0.4265
v 0.0025 3.0 -0.453
v 0.0023 3.0641 -0.4265
v 0.002 3.0907 -0.3624
vt 0.1707 0.2998
vt 0.1707 0.2848
vt 0.1299 0.2903
vt 0.1323 0.3054
vt 0.1707 0.2998
vt 0.1299 0.2903
vt 0.5 0.35
vt 0.4426 0.3614
vt 0.4512 0.3822
vt 0.5 0.35
vt 0.4512 0.3822
vt 0.5 0.3726
vt 0.5 0.3951
vt 0.5 0.3726
vt 0.4512 0.3822
vt 0.5 0.3951
vt 0.4512 0.3822
vt 0.4598 0.4031
vt 0.1627 0.6213
vt 0.1896 0.6269
vt 0.1872 0.6118
vt 0.1627 0.6213
vt 0.1872 0.6118
vt 0.1627 0.6062
vt 0.1896 0.5968
vt 0.1627 0.5912
vt 0.1627 0.6062
vt 0.1896 0.5968
vt 0.1627 0.6062
vt 0.1872 0.6118
vt 0.4512 0.2844
vt 0.5 0.2941
vt 0.5 0.2716
vt 0.4512 0.2844
vt 0.5 0.2716
vt 0.4598 0.2636
vt 0.4426 0.3052
vt 0.5 0.3167
vt 0.5 0.2941
vt 0.5 0.2941
vt 0.4512 0.2844
vt 0.4426 0.3052
vt 0.1707 0.2848
vt 0.1707 0.2697
vt 0.1323 0.2753
vt 0.1299 0.2903
vt 0.1707 0.2848
vt 0.1323 0.2753
vt 0.1323 0.3054
vt 0.1299 0.2903
vt 0.0953 0.296
vt 0.0997 0.311
vt 0.1323 0.3054
vt 0.0953 0.296
vt 0.4426 0.3614
vt 0.3939 0.3939
vt 0.4099 0.4099
vt 0.4426 0.3614
vt 0.4099 0.4099
vt 0.4512 0.3822
vt 0.4598 0.4031
vt 0.4512 0.3822
vt 0.4099 0.4099
vt 0.4598 0.4031
vt 0.4099 0.4099
vt 0.4258 0.4258
vt 0.1896 0.6269
vt 0.2123 0.6325
vt 0.2079 0.6175
vt 0.1896 0.6269
vt 0.2079 0.6175
vt 0.1872 0.6118
vt 0.2123 0.6024
vt 0.1896 0.5968
vt 0.1872 0.6118
vt 0.2123 0.6024
vt 0.1872 0.6118
vt 0.2079 0.6175
vt 0.4099 0.2568
vt 0.4512 0.2844
vt 0.4598 0.2636
vt 0.4099 0.2568
vt 0.4598 0.2636
vt 0.4258 0.2409
vt 0.3939 0.2727
vt 0.4426 0.3052
vt 0.4512 0.2844
vt 0.4512 0.2844
vt 0.4099 0.2568
vt 0.3939 0.2727
vt 0.1299 0.2903
vt 0.1323 0.2753
vt 0.0997 0.2809
vt 0.0953 0.296
vt 0.1299 0.2903
vt 0.0997 0.2809
vt 0.0997 0.311
vt 0.0953 0.296
vt 0.0722 0.3016
vt 0.0779 0.3167
vt 0.0997 0.311
vt 0.0722 0.3016
vt 0.3939 0.3939
vt 0.3614 0.4426
vt 0.3822 0.4512
vt 0.3939 0.3939
vt 0.3822 0.4512
vt 0.4099 0.4099
vt 0.4258 0.4258
vt 0.4099 0.4099
vt 0.3822 0.4512
vt 0.4258 0.4258
vt 0.3822 0.4512
vt 0.4031 0.4598
vt 0.1169 0.9721
vt 0.1397 0.9777
vt 0.1421 0.9626
vt 0.1169 0.9721
vt 0.1421 0.9626
vt 0.1213 0.957
vt 0.2276 0.608
vt 0.2123 0.6024
vt 0.2079 0.6175
vt 0.2276 0.608
vt 0.2079 0.6175
vt 0.2218 0.623
vt 0.3822 0.2154
vt 0.4099 0.2568
vt 0.4258 0.2409
vt 0.3822 0.2154
vt 0.4258 0.2409
vt 0.4031 0.2068
vt 0.3614 0.2241
vt 0.3939 0.2727
vt 0.4099 0.2568
vt 0.4099 0.2568
vt 0.3822 0.2154
vt 0.3614 0.2241
vt 0.5756 0.957
vt 0.5712 0.9418
vt 0.5385 0.9475
vt 0.5409 0.9626
vt 0.5756 0.957
vt 0.5385 0.9475
vt 0.5 0.8934
vt 0.5 0.8783
vt 0.4591 0.8839
vt 0.4615 0.899
vt 0.5 0.8934
vt 0.4591 0.8839
vt 0.35 0.5
vt 0.3614 0.5574
vt 0.3822 0.5488
vt 0.35 0.5
vt 0.3822 0.5488
vt 0.3726 0.5
vt 0.3951 0.5
vt 0.3726 0.5
vt 0.3822 0.5488
vt 0.3951 0.5
vt 0.3822 0.5488
vt 0.4031 0.5402
vt 0.1667 0.8934
vt 0.1936 0.899
vt 0.1912 0.8839
vt 0.1667 0.8934
vt 0.1912 0.8839
vt 0.1667 0.8783
vt 0.1936 0.8688
vt 0.1667 0.8632
vt 0.1667 0.8783
vt 0.1936 0.8688
vt 0.1667 0.8783
vt 0.1912 0.8839
vt 0.3822 0.1179
vt 0.3726 0.1667
vt 0.3951 0.1667
vt 0.3822 0.1179
vt 0.3951 0.1667
vt 0.4031 0.1265
vt 0.3614 0.1093
vt 0.35 0.1667
vt 0.3726 0.1667
vt 0.3726 0.1667
vt 0.3822 0.1179
vt 0.3614 0.1093
vt 0.5 0.8783
vt 0.5 0.8632
vt 0.4615 0.8688
vt 0.4591 0.8839
vt 0.5 0.8783
vt 0.4615 0.8688
vt 0.4615 0.899
vt 0.4591 0.8839
vt 0.4244 0.8895
vt 0.4288 0.9047
vt 0.4615 0.899
vt 0.4244 0.8895
vt 0.3614 0.5574
vt 0.3939 0.6061
vt 0.4099 0.5901
vt 0.3614 0.5574
vt 0.4099 0.5901
vt 0.3822 0.5488
vt 0.4031 0.5402
vt 0.3822 0.5488
vt 0.4099 0.5901
vt 0.4031 0.5402
vt 0.4099 0.5901
vt 0.4258 0.5742
vt 0.1058 0.2382
vt 0.1211 0.2438
vt 0.1255 0.2287
vt 0.1058 0.2382
vt 0.1255 0.2287
vt 0.1116 0.2231
vt 0.2164 0.8744
vt 0.1936 0.8688
vt 0.1912 0.8839
vt 0.2164 0.8744
vt 0.1912 0.8839
vt 0.212 0.8895
vt 0.4099 0.0765
vt 0.3822 0.1179
vt 0.4031 0.1265
vt 0.4099 0.0765
vt 0.4031 0.1265
vt 0.4258 0.0925
vt 0.3939 0.0606
vt 0.3614 0.1093
vt 0.3822 0.1179
vt 0.3822 0.1179
vt 0.4099 0.0765
vt 0.3939 0.0606
vt 0.2612 0.5446
vt 0.2554 0.5295
vt 0.2337 0.5351
vt 0.2381 0.5502
vt 0.2612 0.5446
vt 0.2337 0.5351
vt 0.2337 0.5652
vt 0.2381 0.5502
vt 0.2035 0.5558
vt 0.2011 0.5709
vt 0.2337 0.5652
vt 0.2035 0.5558
vt 0.3939 0.6061
vt 0.4426 0.6386
vt 0.4512 0.6178
vt 0.3939 0.6061
vt 0.4512 0.6178
vt 0.4099 0.5901
vt 0.4258 0.5742
vt 0.4099 0.5901
vt 0.4512 0.6178
vt 0.4258 0.5742
vt 0.4512 0.6178
vt 0.4598 0.5969
vt 0.1211 0.2438
vt 0.1438 0.2494
vt 0.1462 0.2343
vt 0.1211 0.2438
vt 0.1462 0.2343
vt 0.1255 0.2287
vt 0.1438 0.2192
vt 0.1211 0.2136
vt 0.1255 0.2287
vt 0.1438 0.2192
vt 0.1255 0.2287
vt 0.1462 0.2343
vt 0.4512 0.0489
vt 0.4099 0.0765
vt 0.4258 0.0925
vt 0.4512 0.0489
vt 0.4258 0.0925
vt 0.4598 0.0697
vt 0.4426 0.0281
vt 0.3939 0.0606
vt 0.4099 0.0765
vt 0.4099 0.0765
vt 0.4512 0.0489
vt 0.4426 0.0281
vt 0.2381 0.5502
vt 0.2337 0.5351
vt 0.2011 0.5407
vt 0.2035 0.5558
vt 0.2381 0.5502
vt 0.2011 0.5407
vt 0.2011 0.5709
vt 0.2035 0.5558
vt 0.1627 0.5614
vt 0.1627 0.5765
vt 0.2011 0.5709
vt 0.1627 0.5614
vt 0.4426 0.6386
vt 0.5 0.65
vt 0.5 0.6274
vt 0.4426 0.6386
vt 0.5 0.6274
vt 0.4512 0.6178
vt 0.4598 0.5969
vt 0.4512 0.6178
vt 0.5 0.6274
vt 0.4598 0.5969
vt 0.5 0.6274
vt 0.5 0.6049
vt 0.1438 0.2494
vt 0.1707 0.255
vt 0.1707 0.2399
vt 0.1438 0.2494
vt 0.1707 0.2399
vt 0.1462 0.2343
vt 0.1707 0.2248
vt 0.1438 0.2192
vt 0.1462 0.2343
vt 0.1707 0.2248
vt 0.1462 0.2343
vt 0.1707 0.2399
vt 0.5 0.0392
vt 0.4512 0.0489
vt 0.4598 0.0697
vt 0.5 0.0392
vt 0.4598 0.0697
vt 0.5 0.0617
vt 0.5 0.0167
vt 0.4426 0.0281
vt 0.4512 0.0489
vt 0.4512 0.0489
vt 0.5 0.0392
vt 0.5 0.0167
vt 0.2035 0.5558
vt 0.2011 0.5407
vt 0.1627 0.5463
vt 0.1627 0.5614
vt 0.2035 0.5558
vt 0.1627 0.5463
vt 0.1627 0.5765
vt 0.1627 0.5614
vt 0.1218 0.567
vt 0.1242 0.5821
vt 0.1627 0.5765
vt 0.1218 0.567
vt 0.5 0.65
vt 0.5574 0.6386
vt 0.5488 0.6178
vt 0.5 0.65
vt 0.5488 0.6178
vt 0.5 0.6274
vt 0.5 0.6049
vt 0.5 0.6274
vt 0.5488 0.6178
vt 0.5 0.6049
vt 0.5488 0.6178
vt 0.5402 0.5969
vt 0.1707 0.255
vt 0.1976 0.2606
vt 0.1952 0.2455
vt 0.1707 0.255
vt 0.1952 0.2455
vt 0.1707 0.2399
vt 0.1976 0.2304
vt 0.1707 0.2248
vt 0.1707 0.2399
vt 0.1976 0.2304
vt 0.1707 0.2399
vt 0.1952 0.2455
vt 0.5488 0.0489
vt 0.5 0.0392
vt 0.5 0.0617
vt 0.5488 0.0489
vt 0.5 0.0617
vt 0.5402 0.0697
vt 0.5574 0.0281
vt 0.5 0.0167
vt 0.5 0.0392
vt 0.5 0.0392
vt 0.5488 0.0489
vt 0.5574 0.0281
vt 0.1627 0.5614
vt 0.1627 0.5463
vt 0.1242 0.5519
vt 0.1218 0.567
vt 0.1627 0.5614
vt 0.1242 0.5519
vt 0.1242 0.5821
vt 0.1218 0.567
vt 0.0872 0.5726
vt 0.0917 0.5877
vt 0.1242 0.5821
vt 0.0872 0.5726
vt 0.5574 0.6386
vt 0.6061 0.6061
vt 0.5901 0.5901
vt 0.5574 0.6386
vt 0.5901 0.5901
vt 0.5488 0.6178
vt 0.5402 0.5969
vt 0.5488 0.6178
vt 0.5901 0.5901
vt 0.5402 0.5969
vt 0.5901 0.5901
vt 0.5742 0.5742
vt 0.1976 0.2606
vt 0.2204 0.2662
vt 0.216 0.2511
vt 0.1976 0.2606
vt 0.216 0.2511
vt 0.1952 0.2455
vt 0.2204 0.236
vt 0.1976 0.2304
vt 0.1952 0.2455
vt 0.2204 0.236
vt 0.1952 0.2455
vt 0.216 0.2511
vt 0.5901 0.0765
vt 0.5488 0.0489
vt 0.5402 0.0697
vt 0.5901 0.0765
vt 0.5402 0.0697
vt 0.5742 0.0925
vt 0.6061 0.0606
vt 0.5574 0.0281
vt 0.5488 0.0489
vt 0.5488 0.0489
vt 0.5901 0.0765
vt 0.6061 0.0606
vt 0.1218 0.567
vt 0.1242 0.5519
vt 0.0917 0.5575
vt 0.0872 0.5726
vt 0.1218 0.567
vt 0.0917 0.5575
vt 0.0917 0.5877
vt 0.0872 0.5726
vt 0.0641 0.5782
vt 0.0699 0.5933
vt 0.0917 0.5877
vt 0.0641 0.5782
vt 0.6061 0.6061
vt 0.6386 0.5574
vt 0.6178 0.5488
vt 0.6061 0.6061
vt 0.6178 0.5488
vt 0.5901 0.5901
vt 0.5742 0.5742
vt 0.5901 0.5901
vt 0.6178 0.5488
vt 0.5742 0.5742
vt 0.6178 0.5488
vt 0.5969 0.5402
vt 0.4502 0.9271
vt 0.4731 0.9328
vt 0.4755 0.9176
vt 0.4502 0.9271
vt 0.4755 0.9176
vt 0.4547 0.912
vt 0.2356 0.2416
vt 0.2204 0.236
vt 0.216 0.2511
vt 0.2356 0.2416
vt 0.216 0.2511
vt 0.2298 0.2567
vt 0.6178 0.1179
vt 0.5901 0.0765
vt 0.5742 0.0925
vt 0.6178 0.1179
vt 0.5742 0.0925
vt 0.5969 0.1265
vt 0.6386 0.1093
vt 0.6061 0.0606
vt 0.5901 0.0765
vt 0.5901 0.0765
vt 0.6178 0.1179
vt 0.6386 0.1093
vt 0.2423 0.912
vt 0.2378 0.8969
vt 0.2052 0.9025
vt 0.2076 0.9176
vt 0.2423 0.912
vt 0.2052 0.9025
vt 0.2052 0.9328
vt 0.2076 0.9176
vt 0.1667 0.9233
vt 0.1667 0.9384
vt 0.2052 0.9328
vt 0.1667 0.9233
vt 0.6386 0.5574
vt 0.65 0.5
vt 0.6274 0.5
vt 0.6386 0.5574
vt 0.6274 0.5
vt 0.6178 0.5488
vt 0.5969 0.5402
vt 0.6178 0.5488
vt 0.6274 0.5
vt 0.5969 0.5402
vt 0.6274 0.5
vt 0.6049 0.5
vt 0.4731 0.9328
vt 0.5 0.9384
vt 0.5 0.9233
vt 0.4731 0.9328
vt 0.5 0.9233
vt 0.4755 0.9176
vt 0.5 0.9081
vt 0.4731 0.9025
vt 0.4755 0.9176
vt 0.5 0.9081
vt 0.4755 0.9176
vt 0.5 0.9233
vt 0.6274 0.1667
vt 0.6178 0.1179
vt 0.5969 0.1265
vt 0.6274 0.1667
vt 0.5969 0.1265
vt 0.6049 0.1667
vt 0.65 0.1667
vt 0.6386 0.1093
vt 0.6178 0.1179
vt 0.6178 0.1179
vt 0.6274 0.1667
vt 0.65 0.1667
vt 0.2076 0.9176
vt 0.2052 0.9025
vt 0.1667 0.9081
vt 0.1667 0.9233
vt 0.2076 0.9176
vt 0.1667 0.9081
vt 0.1667 0.9384
vt 0.1667 0.9233
vt 0.1257 0.9289
vt 0.1282 0.944
vt 0.1667 0.9384
vt 0.1257 0.9289
vt 0.65 0.5
vt 0.6386 0.4426
vt 0.6178 0.4512
vt 0.65 0.5
vt 0.6178 0.4512
vt 0.6274 0.5
vt 0.6049 0.5
vt 0.6274 0.5
vt 0.6178 0.4512
vt 0.6049 0.5
vt 0.6178 0.4512
vt 0.5969 0.4598
vt 0.5 0.9384
vt 0.5269 0.944
vt 0.5245 0.9289
vt 0.5 0.9384
vt 0.5245 0.9289
vt 0.5 0.9233
vt 0.5269 0.9138
vt 0.5 0.9081
vt 0.5 0.9233
vt 0.5269 0.9138
vt 0.5 0.9233
vt 0.5245 0.9289
vt 0.6178 0.2154
vt 0.6274 0.1667
vt 0.6049 0.1667
vt 0.6178 0.2154
vt 0.6049 0.1667
vt 0.5969 0.2068
vt 0.6386 0.2241
vt 0.65 0.1667
vt 0.6274 0.1667
vt 0.6274 0.1667
vt 0.6178 0.2154
vt 0.6386 0.2241
vt 0.1667 0.9233
vt 0.1667 0.9081
vt 0.1282 0.9138
vt 0.1257 0.9289
vt 0.1667 0.9233
vt 0.1282 0.9138
vt 0.1282 0.944
vt 0.1257 0.9289
vt 0.0911 0.9368
vt 0.0955 0.9519
vt 0.1282 0.944
vt 0.0911 0.9368
vt 0.6386 0.4426
vt 0.6061 0.3939
vt 0.5901 0.4099
vt 0.6386 0.4426
vt 0.5901 0.4099
vt 0.6178 0.4512
vt 0.5969 0.4598
vt 0.6178 0.4512
vt 0.5901 0.4099
vt 0.5969 0.4598
vt 0.5901 0.4099
vt 0.5742 0.4258
vt 0.0978 0.6045
vt 0.113 0.6124
vt 0.1174 0.5973
vt 0.0978 0.6045
vt 0.1174 0.5973
vt 0.1035 0.5894
vt 0.5498 0.9217
vt 0.5269 0.9138
vt 0.5245 0.9289
vt 0.5498 0.9217
vt 0.5245 0.9289
vt 0.5453 0.9368
vt 0.5901 0.2568
vt 0.6178 0.2154
vt 0.5969 0.2068
vt 0.5901 0.2568
vt 0.5969 0.2068
vt 0.5742 0.2409
vt 0.6061 0.2727
vt 0.6386 0.2241
vt 0.6178 0.2154
vt 0.6178 0.2154
vt 0.5901 0.2568
vt 0.6061 0.2727
vt 0.2693 0.2679
vt 0.2635 0.2528
vt 0.2417 0.2608
vt 0.2461 0.2758
vt 0.2693 0.2679
vt 0.2417 0.2608
vt 0.2417 0.2909
vt 0.2461 0.2758
vt 0.2116 0.2792
vt 0.2092 0.2942
vt 0.2417 0.2909
vt 0.2116 0.2792
vt 0.6061 0.3939
vt 0.5574 0.3614
vt 0.5488 0.3822
vt 0.6061 0.3939
vt 0.5488 0.3822
vt 0.5901 0.4099
vt 0.5742 0.4258
vt 0.5901 0.4099
vt 0.5488 0.3822
vt 0.5742 0.4258
vt 0.5488 0.3822
vt 0.5402 0.4031
vt 0.113 0.6124
vt 0.1358 0.6157
vt 0.1382 0.6006
vt 0.113 0.6124
vt 0.1382 0.6006
vt 0.1174 0.5973
vt 0.1358 0.5855
vt 0.113 0.5822
vt 0.1174 0.5973
vt 0.1358 0.5855
vt 0.1174 0.5973
vt 0.1382 0.6006
vt 0.5488 0.2844
vt 0.5901 0.2568
vt 0.5742 0.2409
vt 0.5488 0.2844
vt 0.5742 0.2409
vt 0.5402 0.2636
vt 0.5574 0.3052
vt 0.6061 0.2727
vt 0.5901 0.2568
vt 0.5901 0.2568
vt 0.5488 0.2844
vt 0.5574 0.3052
vt 0.2461 0.2758
vt 0.2417 0.2608
vt 0.2092 0.2641
vt 0.2116 0.2792
vt 0.2461 0.2758
vt 0.2092 0.2641
vt 0.2092 0.2942
vt 0.2116 0.2792
vt 0.1707 0.2848
vt 0.1707 0.2998
vt 0.2092 0.2942
vt 0.1707 0.2848
vt 0.5574 0.3614
vt 0.5 0.35
vt 0.5 0.3726
vt 0.5574 0.3614
vt 0.5 0.3726
vt 0.5488 0.3822
vt 0.5402 0.4031
vt 0.5488 0.3822
vt 0.5 0.3726
vt 0.5402 0.4031
vt 0.5 0.3726
vt 0.5 0.3951
vt 0.1358 0.6157
vt 0.1627 0.6213
vt 0.1627 0.6062
vt 0.1358 0.6157
vt 0.1627 0.6062
vt 0.1382 0.6006
vt 0.1627 0.5912
vt 0.1358 0.5855
vt 0.1382 0.6006
vt 0.1627 0.5912
vt 0.1382 0.6006
vt 0.1627 0.6062
vt 0.5 0.2941
vt 0.5488 0.2844
vt 0.5402 0.2636
vt 0.5 0.2941
vt 0.5402 0.2636
vt 0.5 0.2716
vt 0.5 0.3167
vt 0.5574 0.3052
vt 0.5488 0.2844
vt 0.5488 0.2844
vt 0.5 0.2941
vt 0.5 0.3167
vt 0.2116 0.2792
vt 0.2092 0.2641
vt 0.1707 0.2697
vt 0.1707 0.2848
vt 0.2116 0.2792
vt 0.1707 0.2697
vt 0.1397 0.9777
vt 0.1663 0.9833
vt 0.1663 0.9682
vt 0.1397 0.9777
vt 0.1663 0.9682
vt 0.1421 0.9626
vt 0.1663 0.9531
vt 0.1397 0.9475
vt 0.1421 0.9626
vt 0.1663 0.9531
vt 0.1421 0.9626
vt 0.1663 0.9682
vt 0.3952 0.1672
vt 0.3727 0.1674
vt 0.3822 0.2154
vt 0.3952 0.1672
vt 0.3822 0.2154
vt 0.4031 0.2068
vt 0.3502 0.1675
vt 0.3614 0.2241
vt 0.3822 0.2154
vt 0.3502 0.1675
vt 0.3822 0.2154
vt 0.3727 0.1674
vt 0.5005 0.9531
vt 0.5006 0.9682
vt 0.5409 0.9626
vt 0.5385 0.9475
vt 0.5005 0.9531
vt 0.5409 0.9626
vt 0.5006 0.9682
vt 0.5005 0.9833
vt 0.5385 0.9777
vt 0.5409 0.9626
vt 0.5006 0.9682
vt 0.5385 0.9777
vt 0.3822 0.4512
vt 0.3614 0.4426
vt 0.3502 0.4992
vt 0.3727 0.4993
vt 0.3822 0.4512
vt 0.3502 0.4992
vt 0.3822 0.4512
vt 0.3727 0.4993
vt 0.3952 0.4994
vt 0.3822 0.4512
vt 0.3952 0.4994
vt 0.4031 0.4598
vt 0.263 0.6437
vt 0.2692 0.6287
vt 0.263 0.6136
vt 0.2479 0.65
vt 0.263 0.6437
vt 0.263 0.6136
vt 0.2328 0.6437
vt 0.2479 0.65
vt 0.263 0.6136
vt 0.2266 0.6287
vt 0.2328 0.6437
vt 0.263 0.6136
vt 0.2328 0.6136
vt 0.2266 0.6287
vt 0.263 0.6136
vt 0.263 0.6136
vt 0.2479 0.6073
vt 0.2328 0.6136
vt 0.1005 0.2024
vt 0.0854 0.1961
vt 0.0703 0.2024
vt 0.1067 0.2175
vt 0.1005 0.2024
vt 0.0703 0.2024
vt 0.1005 0.2326
vt 0.1067 0.2175
vt 0.0703 0.2024
vt 0.0854 0.2388
vt 0.1005 0.2326
vt 0.0703 0.2024
vt 0.0703 0.2326
vt 0.0854 0.2388
vt 0.0703 0.2024
vt 0.0703 0.2024
vt 0.0641 0.2175
vt 0.0703 0.2326
vt 0.1707 0.2101
vt 0.1707 0.1951
vt 0.1299 0.2007
vt 0.1323 0.2157
vt 0.1707 0.2101
vt 0.1299 0.2007
vt 0.5 0.35
vt 0.4426 0.3614
vt 0.4512 0.3822
vt 0.5 0.35
vt 0.4512 0.3822
vt 0.5 0.3726
vt 0.5 0.3951
vt 0.5 0.3726
vt 0.4512 0.3822
vt 0.5 0.3951
vt 0.4512 0.3822
vt 0.4598 0.4031
vt 0.1627 0.5316
vt 0.1896 0.5372
vt 0.1872 0.5221
vt 0.1627 0.5316
vt 0.1872 0.5221
vt 0.1627 0.5165
vt 0.1896 0.5071
vt 0.1627 0.5014
vt 0.1627 0.5165
vt 0.1896 0.5071
vt 0.1627 0.5165
vt 0.1872 0.5221
vt 0.4512 0.2844
vt 0.5 0.2941
vt 0.5 0.2716
vt 0.4512 0.2844
vt 0.5 0.2716
vt 0.4598 0.2636
vt 0.4426 0.3052
vt 0.5 0.3167
vt 0.5 0.2941
vt 0.5 0.2941
vt 0.4512 0.2844
vt 0.4426 0.3052
vt 0.1707 0.1951
vt 0.1707 0.18
vt 0.1323 0.1856
vt 0.1299 0.2007
vt 0.1707 0.1951
vt 0.1323 0.1856
vt 0.1323 0.2157
vt 0.1299 0.2007
vt 0.0953 0.2063
vt 0.0997 0.2213
vt 0.1323 0.2157
vt 0.0953 0.2063
vt 0.4426 0.3614
vt 0.3939 0.3939
vt 0.4099 0.4099
vt 0.4426 0.3614
vt 0.4099 0.4099
vt 0.4512 0.3822
vt 0.4598 0.4031
vt 0.4512 0.3822
vt 0.4099 0.4099
vt 0.4598 0.4031
vt 0.4099 0.4099
vt 0.4258 0.4258
vt 0.1896 0.5372
vt 0.2123 0.5428
vt 0.2079 0.5278
vt 0.1896 0.5372
vt 0.2079 0.5278
vt 0.1872 0.5221
vt 0.2123 0.5127
vt 0.1896 0.5071
vt 0.1872 0.5221
vt 0.2123 0.5127
vt 0.1872 0.5221
vt 0.2079 0.5278
vt 0.4099 0.2568
vt 0.4512 0.2844
vt 0.4598 0.2636
vt 0.4099 0.2568
vt 0.4598 0.2636
vt 0.4258 0.2409
vt 0.3939 0.2727
vt 0.4426 0.3052
vt 0.4512 0.2844
vt 0.4512 0.2844
vt 0.4099 0.2568
vt 0.3939 0.2727
vt 0.1299 0.2007
vt 0.1323 0.1856
vt 0.0997 0.1912
vt 0.0953 0.2063
vt 0.1299 0.2007
vt 0.0997 0.1912
vt 0.0997 0.2213
vt 0.0953 0.2063
vt 0.0722 0.2119
vt 0.0779 0.2269
vt 0.0997 0.2213
vt 0.0722 0.2119
vt 0.3939 0.3939
vt 0.3614 0.4426
vt 0.3822 0.4512
vt 0.3939 0.3939
vt 0.3822 0.4512
vt 0.4099 0.4099
vt 0.4258 0.4258
vt 0.4099 0.4099
vt 0.3822 0.4512
vt 0.4258 0.4258
vt 0.3822 0.4512
vt 0.4031 0.4598
vt 0.1169 0.8822
vt 0.1397 0.8878
vt 0.1421 0.8727
vt 0.1169 0.8822
vt 0.1421 0.8727
vt 0.1213 0.8671
vt 0.2276 0.5183
vt 0.2123 0.5127
vt 0.2079 0.5278
vt 0.2276 0.5183
vt 0.2079 0.5278
vt 0.2218 0.5333
vt 0.3822 0.2154
vt 0.4099 0.2568
vt 0.4258 0.2409
vt 0.3822 0.2154
vt 0.4258 0.2409
vt 0.4031 0.2068
vt 0.3614 0.2241
vt 0.3939 0.2727
vt 0.4099 0.2568
vt 0.4099 0.2568
vt 0.3822 0.2154
vt 0.3614 0.2241
vt 0.5756 0.8671
vt 0.5712 0.852
vt 0.5385 0.8576
vt 0.5409 0.8727
vt 0.5756 0.8671
vt 0.5385 0.8576
vt 0.5 0.8035
vt 0.5 0.7884
vt 0.4591 0.794
vt 0.4615 0.8092
vt 0.5 0.8035
vt 0.4591 0.794
vt 0.35 0.5
vt 0.3614 0.5574
vt 0.3822 0.5488
vt 0.35 0.5
vt 0.3822 0.5488
vt 0.3726 0.5
vt 0.3951 0.5
vt 0.3726 0.5
vt 0.3822 0.5488
vt 0.3951 0.5
vt 0.3822 0.5488
vt 0.4031 0.5402
vt 0.1667 0.8035
vt 0.1936 0.8092
vt 0.1912 0.794
vt 0.1667 0.8035
vt 0.1912 0.794
vt 0.1667 0.7884
vt 0.1936 0.7789
vt 0.1667 0.7733
vt 0.1667 0.7884
vt 0.1936 0.7789
vt 0.1667 0.7884
vt 0.1912 0.794
vt 0.3822 0.1179
vt 0.3726 0.1667
vt 0.3951 0.1667
vt 0.3822 0.1179
vt 0.3951 0.1667
vt 0.4031 0.1265
vt 0.3614 0.1093
vt 0.35 0.1667
vt 0.3726 0.1667
vt 0.3726 0.1667
vt 0.3822 0.1179
vt 0.3614 0.1093
vt 0.5 0.7884
vt 0.5 0.7733
vt 0.4615 0.7789
vt 0.4591 0.794
vt 0.5 0.7884
vt 0.4615 0.7789
vt 0.4615 0.8092
vt 0.4591 0.794
vt 0.4244 0.7997
vt 0.4288 0.8148
vt 0.4615 0.8092
vt 0.4244 0.7997
vt 0.3614 0.5574
vt 0.3939 0.6061
vt 0.4099 0.5901
vt 0.3614 0.5574
vt 0.4099 0.5901
vt 0.3822 0.5488
vt 0.4031 0.5402
vt 0.3822 0.5488
vt 0.4099 0.5901
vt 0.4031 0.5402
vt 0.4099 0.5901
vt 0.4258 0.5742
vt 0.1058 0.1485
vt 0.1211 0.1541
vt 0.1255 0.139
vt 0.1058 0.1485
vt 0.1255 0.139
vt 0.1116 0.1334
vt 0.2164 0.7845
vt 0.1936 0.7789
vt 0.1912 0.794
vt 0.2164 0.7845
vt 0.1912 0.794
vt 0.212 0.7997
vt 0.4099 0.0765
vt 0.3822 0.1179
vt 0.4031 0.1265
vt 0.4099 0.0765
vt 0.4031 0.1265
vt 0.4258 0.0925
vt 0.3939 0.0606
vt 0.3614 0.1093
vt 0.3822 0.1179
vt 0.3822 0.1179
vt 0.4099 0.0765
vt 0.3939 0.0606
vt 0.2612 0.4548
vt 0.2554 0.4398
vt 0.2337 0.4454
vt 0.2381 0.4605
vt 0.2612 0.4548
vt 0.2337 0.4454
vt 0.2337 0.4755
vt 0.2381 0.4605
vt 0.2035 0.4661
vt 0.2011 0.4812
vt 0.2337 0.4755
vt 0.2035 0.4661
vt 0.3939 0.6061
vt 0.4426 0.6386
vt 0.4512 0.6178
vt 0.3939 0.6061
vt 0.4512 0.6178
vt 0.4099 0.5901
vt 0.4258 0.5742
vt 0.4099 0.5901
vt 0.4512 0.6178
vt 0.4258 0.5742
vt 0.4512 0.6178
vt 0.4598 0.5969
vt 0.1211 0.1541
vt 0.1438 0.1597
vt 0.1462 0.1446
vt 0.1211 0.1541
vt 0.1462 0.1446
vt 0.1255 0.139
vt 0.1438 0.1295
vt 0.1211 0.1239
vt 0.1255 0.139
vt 0.1438 0.1295
vt 0.1255 0.139
vt 0.1462 0.1446
vt 0.4512 0.0489
vt 0.4099 0.0765
vt 0.4258 0.0925
vt 0.4512 0.0489
vt 0.4258 0.0925
vt 0.4598 0.0697
vt 0.4426 0.0281
vt 0.3939 0.0606
vt 0.4099 0.0765
vt 0.4099 0.0765
vt 0.4512 0.0489
vt 0.4426 0.0281
vt 0.2381 0.4605
vt 0.2337 0.4454
vt 0.2011 0.451
vt 0.2035 0.4661
vt 0.2381 0.4605
vt 0.2011 0.451
vt 0.2011 0.4812
vt 0.2035 0.4661
vt 0.1627 0.4717
vt 0.1627 0.4868
vt 0.2011 0.4812
vt 0.1627 0.4717
vt 0.4426 0.6386
vt 0.5 0.65
vt 0.5 0.6274
vt 0.4426 0.6386
vt 0.5 0.6274
vt 0.4512 0.6178
vt 0.4598 0.5969
vt 0.4512 0.6178
vt 0.5 0.6274
vt 0.4598 0.5969
vt 0.5 0.6274
vt 0.5 0.6049
vt 0.1438 0.1597
vt 0.1707 0.1653
vt 0.1707 0.1502
vt 0.1438 0.1597
vt 0.1707 0.1502
vt 0.1462 0.1446
vt 0.1707 0.1351
vt 0.1438 0.1295
vt 0.1462 0.1446
vt 0.1707 0.1351
vt 0.1462 0.1446
vt 0.1707 0.1502
vt 0.5 0.0392
vt 0.4512 0.0489
vt 0.4598 0.0697
vt 0.5 0.0392
vt 0.4598 0.0697
vt 0.5 0.0617
vt 0.5 0.0167
vt 0.4426 0.0281
vt 0.4512 0.0489
vt 0.4512 0.0489
vt 0.5 0.0392
vt 0.5 0.0167
vt 0.2035 0.4661
vt 0.2011 0.451
vt 0.1627 0.4566
vt 0.1627 0.4717
vt 0.2035 0.4661
vt 0.1627 0.4566
vt 0.1627 0.4868
vt 0.1627 0.4717
vt 0.1218 0.4773
vt 0.1242 0.4924
vt 0.1627 0.4868
vt 0.1218 0.4773
vt 0.5 0.65
vt 0.5574 0.6386
vt 0.5488 0.6178
vt 0.5 0.65
vt 0.5488 0.6178
vt 0.5 0.6274
vt 0.5 0.6049
vt 0.5 0.6274
vt 0.5488 0.6178
vt 0.5 0.6049
vt 0.5488 0.6178
vt 0.5402 0.5969
vt 0.1707 0.1653
vt 0.1976 0.1709
vt 0.1952 0.1558
vt 0.1707 0.1653
vt 0.1952 0.1558
vt 0.1707 0.1502
vt 0.1976 0.1407
vt 0.1707 0.1351
vt 0.1707 0.1502
vt 0.1976 0.1407
vt 0.1707 0.1502
vt 0.1952 0.1558
vt 0.5488 0.0489
vt 0.5 0.0392
vt 0.5 0.0617
vt 0.5488 0.0489
vt 0.5 0.0617
vt 0.5402 0.0697
vt 0.5574 0.0281
vt 0.5 0.0167
vt 0.5 0.0392
vt 0.5 0.0392
vt 0.5488 0.0489
vt 0.5574 0.0281
vt 0.1627 0.4717
vt 0.1627 0.4566
vt 0.1242 0.4622
vt 0.1218 0.4773
vt 0.1627 0.4717
vt 0.1242 0.4622
vt 0.1242 0.4924
vt 0.1218 0.4773
vt 0.0872 0.4829
vt 0.0917 0.498
vt 0.1242 0.4924
vt 0.0872 0.4829
vt 0.5574 0.6386
vt 0.6061 0.6061
vt 0.5901 0.5901
vt 0.5574 0.6386
vt 0.5901 0.5901
vt 0.5488 0.6178
vt 0.5402 0.5969
vt 0.5488 0.6178
vt 0.5901 0.5901
vt 0.5402 0.5969
vt 0.5901 0.5901
vt 0.5742 0.5742
vt 0.1976 0.1709
vt 0.2204 0.1765
vt 0.216 0.1614
vt 0.1976 0.1709
vt 0.216 0.1614
vt 0.1952 0.1558
vt 0.2204 0.1463
vt 0.1976 0.1407
vt 0.1952 0.1558
vt 0.2204 0.1463
vt 0.1952 0.1558
vt 0.216 0.1614
vt 0.5901 0.0765
vt 0.5488 0.0489
vt 0.5402 0.0697
vt 0.5901 0.0765
vt 0.5402 0.0697
vt 0.5742 0.0925
vt 0.6061 0.0606
vt 0.5574 0.0281
vt 0.5488 0.0489
vt 0.5488 0.0489
vt 0.5901 0.0765
vt 0.6061 0.0606
vt 0.1218 0.4773
vt 0.1242 0.4622
vt 0.0917 0.4678
vt 0.0872 0.4829
vt 0.1218 0.4773
vt 0.0917 0.4678
vt 0.0917 0.498
vt 0.0872 0.4829
vt 0.0641 0.4885
vt 0.0699 0.5036
vt 0.0917 0.498
vt 0.0641 0.4885
vt 0.6061 0.6061
vt 0.6386 0.5574
vt 0.6178 0.5488
vt 0.6061 0.6061
vt 0.6178 0.5488
vt 0.5901 0.5901
vt 0.5742 0.5742
vt 0.5901 0.5901
vt 0.6178 0.5488
vt 0.5742 0.5742
vt 0.6178 0.5488
vt 0.5969 0.5402
vt 0.4502 0.8372
vt 0.4731 0.8429
vt 0.4755 0.8277
vt 0.4502 0.8372
vt 0.4755 0.8277
vt 0.4547 0.8221
vt 0.2356 0.1519
vt 0.2204 0.1463
vt 0.216 0.1614
vt 0.2356 0.1519
vt 0.216 0.1614
vt 0.2298 0.167
vt 0.6178 0.1179
vt 0.5901 0.0765
vt 0.5742 0.0925
vt 0.6178 0.1179
vt 0.5742 0.0925
vt 0.5969 0.1265
vt 0.6386 0.1093
vt 0.6061 0.0606
vt 0.5901 0.0765
vt 0.5901 0.0765
vt 0.6178 0.1179
vt 0.6386 0.1093
vt 0.2423 0.8221
vt 0.2378 0.807
vt 0.2052 0.8126
vt 0.2076 0.8277
vt 0.2423 0.8221
vt 0.2052 0.8126
vt 0.2052 0.8429
vt 0.2076 0.8277
vt 0.1667 0.8334
vt 0.1667 0.8485
vt 0.2052 0.8429
vt 0.1667 0.8334
vt 0.6386 0.5574
vt 0.65 0.5
vt 0.6274 0.5
vt 0.6386 0.5574
vt 0.6274 0.5
vt 0.6178 0.5488
vt 0.5969 0.5402
vt 0.6178 0.5488
vt 0.6274 0.5
vt 0.5969 0.5402
vt 0.6274 0.5
vt 0.6049 0.5
vt 0.4731 0.8429
vt 0.5 0.8485
vt 0.5 0.8334
vt 0.4731 0.8429
vt 0.5 0.8334
vt 0.4755 0.8277
vt 0.5 0.8182
vt 0.4731 0.8126
vt 0.4755 0.8277
vt 0.5 0.8182
vt 0.4755 0.8277
vt 0.5 0.8334
vt 0.6274 0.1667
vt 0.6178 0.1179
vt 0.5969 0.1265
vt 0.6274 0.1667
vt 0.5969 0.1265
vt 0.6049 0.1667
vt 0.65 0.1667
vt 0.6386 0.1093
vt 0.6178 0.1179
vt 0.6178 0.1179
vt 0.6274 0.1667
vt 0.65 0.1667
vt 0.2076 0.8277
vt 0.2052 0.8126
vt 0.1667 0.8182
vt 0.1667 0.8334
vt 0.2076 0.8277
vt 0.1667 0.8182
vt 0.1667 0.8485
vt 0.1667 0.8334
vt 0.1257 0.839
vt 0.1282 0.8541
vt 0.1667 0.8485
vt 0.1257 0.839
vt 0.65 0.5
vt 0.6386 0.4426
vt 0.6178 0.4512
vt 0.65 0.5
vt 0.6178 0.4512
vt 0.6274 0.5
vt 0.6049 0.5
vt 0.6274 0.5
vt 0.6178 0.4512
vt 0.6049 0.5
vt 0.6178 0.4512
vt 0.5969 0.4598
vt 0.5 0.8485
vt 0.5269 0.8541
vt 0.5245 0.839
vt 0.5 0.8485
vt 0.5245 0.839
vt 0.5 0.8334
vt 0.5269 0.8239
vt 0.5 0.8182
vt 0.5 0.8334
vt 0.5269 0.8239
vt 0.5 0.8334
vt 0.5245 0.839
vt 0.6178 0.2154
vt 0.6274 0.1667
vt 0.6049 0.1667
vt 0.6178 0.2154
vt 0.6049 0.1667
vt 0.5969 0.2068
vt 0.6386 0.2241
vt 0.65 0.1667
vt 0.6274 0.1667
vt 0.6274 0.1667
vt 0.6178 0.2154
vt 0.6386 0.2241
vt 0.1667 0.8334
vt 0.1667 0.8182
vt 0.1282 0.8239
vt 0.1257 0.839
vt 0.1667 0.8334
vt 0.1282 0.8239
vt 0.1282 0.8541
vt 0.1257 0.839
vt 0.0911 0.8469
vt 0.0955 0.862
vt 0.1282 0.8541
vt 0.0911 0.8469
vt 0.6386 0.4426
vt 0.6061 0.3939
vt 0.5901 0.4099
vt 0.6386 0.4426
vt 0.5901 0.4099
vt 0.6178 0.4512
vt 0.5969 0.4598
vt 0.6178 0.4512
vt 0.5901 0.4099
vt 0.5969 0.4598
vt 0.5901 0.4099
vt 0.5742 0.4258
vt 0.0978 0.5148
vt 0.113 0.5227
vt 0.1174 0.5076
vt 0.0978 0.5148
vt 0.1174 0.5076
vt 0.1035 0.4997
vt 0.5498 0.8318
vt 0.5269 0.8239
vt 0.5245 0.839
vt 0.5498 0.8318
vt 0.5245 0.839
vt 0.5453 0.8469
vt 0.5901 0.2568
vt 0.6178 0.2154
vt 0.5969 0.2068
vt 0.5901 0.2568
vt 0.5969 0.2068
vt 0.5742 0.2409
vt 0.6061 0.2727
vt 0.6386 0.2241
vt 0.6178 0.2154
vt 0.6178 0.2154
vt 0.5901 0.2568
vt 0.6061 0.2727
vt 0.2693 0.1782
vt 0.2635 0.1631
vt 0.2417 0.171
vt 0.2461 0.1861
vt 0.2693 0.1782
vt 0.2417 0.171
vt 0.2417 0.2012
vt 0.2461 0.1861
vt 0.2116 0.1894
vt 0.2092 0.2045
vt 0.2417 0.2012
vt 0.2116 0.1894
vt 0.6061 0.3939
vt 0.5574 0.3614
vt 0.5488 0.3822
vt 0.6061 0.3939
vt 0.5488 0.3822
vt 0.5901 0.4099
vt 0.5742 0.4258
vt 0.5901 0.4099
vt 0.5488 0.3822
vt 0.5742 0.4258
vt 0.5488 0.3822
vt 0.5402 0.4031
vt 0.113 0.5227
vt 0.1358 0.526
vt 0.1382 0.5109
vt 0.113 0.5227
vt 0.1382 0.5109
vt 0.1174 0.5076
vt 0.1358 0.4958
vt 0.113 0.4925
vt 0.1174 0.5076
vt 0.1358 0.4958
vt 0.1174 0.5076
vt 0.1382 0.5109
vt 0.5488 0.2844
vt 0.5901 0.2568
vt 0.5742 0.2409
vt 0.5488 0.2844
vt 0.5742 0.2409
vt 0.5402 0.2636
vt 0.5574 0.3052
vt 0.6061 0.2727
vt 0.5901 0.2568
vt 0.5901 0.2568
vt 0.5488 0.2844
vt 0.5574 0.3052
vt 0.2461 0.1861
vt 0.2417 0.171
vt 0.2092 0.1744
vt 0.2116 0.1894
vt 0.2461 0.1861
vt 0.2092 0.1744
vt 0.2092 0.2045
vt 0.2116 0.1894
vt 0.1707 0.1951
vt 0.1707 0.2101
vt 0.2092 0.2045
vt 0.1707 0.1951
vt 0.5574 0.3614
vt 0.5 0.35
vt 0.5 0.3726
vt 0.5574 0.3614
vt 0.5 0.3726
vt 0.5488 0.3822
vt 0.5402 0.4031
vt 0.5488 0.3822
vt 0.5 0.3726
vt 0.5402 0.4031
vt 0.5 0.3726
vt 0.5 0.3951
vt 0.1358 0.526
vt 0.1627 0.5316
vt 0.1627 0.5165
vt 0.1358 0.526
vt 0.1627 0.5165
vt 0.1382 0.5109
vt 0.1627 0.5014
vt 0.1358 0.4958
vt 0.1382 0.5109
vt 0.1627 0.5014
vt 0.1382 0.5109
vt 0.1627 0.5165
vt 0.5 0.2941
vt 0.5488 0.2844
vt 0.5402 0.2636
vt 0.5 0.2941
vt 0.5402 0.2636
vt 0.5 0.2716
vt 0.5 0.3167
vt 0.5574 0.3052
vt 0.5488 0.2844
vt 0.5488 0.2844
vt 0.5 0.2941
vt 0.5 0.3167
vt 0.2116 0.1894
vt 0.2092 0.1744
vt 0.1707 0.18
vt 0.1707 0.1951
vt 0.2116 0.1894
vt 0.1707 0.18
vt 0.1397 0.8878
vt 0.1663 0.8934
vt 0.1663 0.8783
vt 0.1397 0.8878
vt 0.1663 0.8783
vt 0.1421 0.8727
vt 0.1663 0.8632
vt 0.1397 0.8576
vt 0.1421 0.8727
vt 0.1663 0.8632
vt 0.1421 0.8727
vt 0.1663 0.8783
vt 0.3952 0.1672
vt 0.3727 0.1674
vt 0.3822 0.2154
vt 0.3952 0.1672
vt 0.3822 0.2154
vt 0.4031 0.2068
vt 0.3502 0.1675
vt 0.3614 0.2241
vt 0.3822 0.2154
vt 0.3502 0.1675
vt 0.3822 0.2154
vt 0.3727 0.1674
vt 0.5005 0.8632
vt 0.5006 0.8783
vt 0.5409 0.8727
vt 0.5385 0.8576
vt 0.5005 0.8632
vt 0.5409 0.8727
vt 0.5006 0.8783
vt 0.5005 0.8934
vt 0.5385 0.8878
vt 0.5409 0.8727
vt 0.5006 0.8783
vt 0.5385 0.8878
vt 0.3822 0.4512
vt 0.3614 0.4426
vt 0.3502 0.4992
vt 0.3727 0.4993
vt 0.3822 0.4512
vt 0.3502 0.4992
vt 0.3822 0.4512
vt 0.3727 0.4993
vt 0.3952 0.4994
vt 0.3822 0.4512
vt 0.3952 0.4994
vt 0.4031 0.4598
vt 0.263 0.554
vt 0.2692 0.5389
vt 0.263 0.5239
vt 0.2479 0.5603
vt 0.263 0.554
vt 0.263 0.5239
vt 0.2328 0.554
vt 0.2479 0.5603
vt 0.263 0.5239
vt 0.2266 0.5389
vt 0.2328 0.554
vt 0.263 0.5239
vt 0.2328 0.5239
vt 0.2266 0.5389
vt 0.263 0.5239
vt 0.263 0.5239
vt 0.2479 0.5176
vt 0.2328 0.5239
vt 0.1005 0.1127
vt 0.0854 0.1064
vt 0.0703 0.1127
vt 0.1067 0.1278
vt 0.1005 0.1127
vt 0.0703 0.1127
vt 0.1005 0.1428
vt 0.1067 0.1278
vt 0.0703 0.1127
vt 0.0854 0.1491
vt 0.1005 0.1428
vt 0.0703 0.1127
vt 0.0703 0.1428
vt 0.0854 0.1491
vt 0.0703 0.1127
vt 0.0703 0.1127
vt 0.0641 0.1278
vt 0.0703 0.1428
vt 0.1707 0.1204
vt 0.1707 0.1053
vt 0.1299 0.1109
vt 0.1323 0.126
vt 0.1707 0.1204
vt 0.1299 0.1109
vt 0.5 0.35
vt 0.4426 0.3614
vt 0.4512 0.3822
vt 0.5 0.35
vt 0.4512 0.3822
vt 0.5 0.3726
vt 0.5 0.3951
vt 0.5 0.3726
vt 0.4512 0.3822
vt 0.5 0.3951
vt 0.4512 0.3822
vt 0.4598 0.4031
vt 0.1627 0.4418
vt 0.1896 0.4475
vt 0.1872 0.4324
vt 0.1627 0.4418
vt 0.1872 0.4324
vt 0.1627 0.4268
vt 0.1896 0.4173
vt 0.1627 0.4117
vt 0.1627 0.4268
vt 0.1896 0.4173
vt 0.1627 0.4268
vt 0.1872 0.4324
vt 0.4512 0.2844
vt 0.5 0.2941
vt 0.5 0.2716
vt 0.4512 0.2844
vt 0.5 0.2716
vt 0.4598 0.2636
vt 0.4426 0.3052
vt 0.5 0.3167
vt 0.5 0.2941
vt 0.5 0.2941
vt 0.4512 0.2844
vt 0.4426 0.3052
vt 0.1707 0.1053
vt 0.1707 0.0902
vt 0.1323 0.0958
vt 0.1299 0.1109
vt 0.1707 0.1053
vt 0.1323 0.0958
vt 0.1323 0.126
vt 0.1299 0.1109
vt 0.0953 0.1165
vt 0.0997 0.1316
vt 0.1323 0.126
vt 0.0953 0.1165
vt 0.4426 0.3614
vt 0.3939 0.3939
vt 0.4099 0.4099
vt 0.4426 0.3614
vt 0.4099 0.4099
vt 0.4512 0.3822
vt 0.4598 0.4031
vt 0.4512 0.3822
vt 0.4099 0.4099
vt 0.4598 0.4031
vt 0.4099 0.4099
vt 0.4258 0.4258
vt 0.1896 0.4475
vt 0.2123 0.4531
vt 0.2079 0.438
vt 0.1896 0.4475
vt 0.2079 0.438
vt 0.1872 0.4324
vt 0.2123 0.4229
vt 0.1896 0.4173
vt 0.1872 0.4324
vt 0.2123 0.4229
vt 0.1872 0.4324
vt 0.2079 0.438
vt 0.4099 0.2568
vt 0.4512 0.2844
vt 0.4598 0.2636
vt 0.4099 0.2568
vt 0.4598 0.2636
vt 0.4258 0.2409
vt 0.3939 0.2727
vt 0.4426 0.3052
vt 0.4512 0.2844
vt 0.4512 0.2844
vt 0.4099 0.2568
vt 0.3939 0.2727
vt 0.1299 0.1109
vt 0.1323 0.0958
vt 0.0997 0.1014
vt 0.0953 0.1165
vt 0.1299 0.1109
vt 0.0997 0.1014
vt 0.0997 0.1316
vt 0.0953 0.1165
vt 0.0722 0.1221
vt 0.0779 0.1372
vt 0.0997 0.1316
vt 0.0722 0.1221
vt 0.3939 0.3939
vt 0.3614 0.4426
vt 0.3822 0.4512
vt 0.3939 0.3939
vt 0.3822 0.4512
vt 0.4099 0.4099
vt 0.4258 0.4258
vt 0.4099 0.4099
vt 0.3822 0.4512
vt 0.4258 0.4258
vt 0.3822 0.4512
vt 0.4031 0.4598
vt 0.1169 0.7922
vt 0.1397 0.7979
vt 0.1421 0.7827
vt 0.1169 0.7922
vt 0.1421 0.7827
vt 0.1213 0.7771
vt 0.2276 0.4285
vt 0.2123 0.4229
vt 0.2079 0.438
vt 0.2276 0.4285
vt 0.2079 0.438
vt 0.2218 0.4436
vt 0.3822 0.2154
vt 0.4099 0.2568
vt 0.4258 0.2409
vt 0.3822 0.2154
vt 0.4258 0.2409
vt 0.4031 0.2068
vt 0.3614 0.2241
vt 0.3939 0.2727
vt 0.4099 0.2568
vt 0.4099 0.2568
vt 0.3822 0.2154
vt 0.3614 0.2241
vt 0.5756 0.7771
vt 0.5712 0.762
vt 0.5385 0.7676
vt 0.5409 0.7827
vt 0.5756 0.7771
vt 0.5385 0.7676
vt 0.5 0.7136
vt 0.5 0.6984
vt 0.4591 0.7041
vt 0.4615 0.7192
vt 0.5 0.7136
vt 0.4591 0.7041
vt 0.35 0.5
vt 0.3614 0.5574
vt 0.3822 0.5488
vt 0.35 0.5
vt 0.3822 0.5488
vt 0.3726 0.5
vt 0.3951 0.5
vt 0.3726 0.5
vt 0.3822 0.5488
vt 0.3951 0.5
vt 0.3822 0.5488
vt 0.4031 0.5402
vt 0.1667 0.7136
vt 0.1936 0.7192
vt 0.1912 0.7041
vt 0.1667 0.7136
vt 0.1912 0.7041
vt 0.1667 0.6984
vt 0.1936 0.6889
vt 0.1667 0.6833
vt 0.1667 0.6984
vt 0.1936 0.6889
vt 0.1667 0.6984
vt 0.1912 0.7041
vt 0.3822 0.1179
vt 0.3726 0.1667
vt 0.3951 0.1667
vt 0.3822 0.1179
vt 0.3951 0.1667
vt 0.4031 0.1265
vt 0.3614 0.1093
vt 0.35 0.1667
vt 0.3726 0.1667
vt 0.3726 0.1667
vt 0.3822 0.1179
vt 0.3614 0.1093
vt 0.5 0.6984
vt 0.5 0.6833
vt 0.4615 0.6889
vt 0.4591 0.7041
vt 0.5 0.6984
vt 0.4615 0.6889
vt 0.4615 0.7192
vt 0.4591 0.7041
vt 0.4244 0.7097
vt 0.4288 0.7248
vt 0.4615 0.7192
vt 0.4244 0.7097
vt 0.3614 0.5574
vt 0.3939 0.6061
vt 0.4099 0.5901
vt 0.3614 0.5574
vt 0.4099 0.5901
vt 0.3822 0.5488
vt 0.4031 0.5402
vt 0.3822 0.5488
vt 0.4099 0.5901
vt 0.4031 0.5402
vt 0.4099 0.5901
vt 0.4258 0.5742
vt 0.1058 0.0587
vt 0.1211 0.0643
vt 0.1255 0.0492
vt 0.1058 0.0587
vt 0.1255 0.0492
vt 0.1116 0.0436
vt 0.2164 0.6946
vt 0.1936 0.6889
vt 0.1912 0.7041
vt 0.2164 0.6946
vt 0.1912 0.7041
vt 0.212 0.7097
vt 0.4099 0.0765
vt 0.3822 0.1179
vt 0.4031 0.1265
vt 0.4099 0.0765
vt 0.4031 0.1265
vt 0.4258 0.0925
vt 0.3939 0.0606
vt 0.3614 0.1093
vt 0.3822 0.1179
vt 0.3822 0.1179
vt 0.4099 0.0765
vt 0.3939 0.0606
vt 0.2612 0.3651
vt 0.2554 0.35
vt 0.2337 0.3556
vt 0.2381 0.3707
vt 0.2612 0.3651
vt 0.2337 0.3556
vt 0.2337 0.3858
vt 0.2381 0.3707
vt 0.2035 0.3763
vt 0.2011 0.3914
vt 0.2337 0.3858
vt 0.2035 0.3763
vt 0.3939 0.6061
vt 0.4426 0.6386
vt 0.4512 0.6178
vt 0.3939 0.6061
vt 0.4512 0.6178
vt 0.4099 0.5901
vt 0.4258 0.5742
vt 0.4099 0.5901
vt 0.4512 0.6178
vt 0.4258 0.5742
vt 0.4512 0.6178
vt 0.4598 0.5969
vt 0.1211 0.0643
vt 0.1438 0.0699
vt 0.1462 0.0548
vt 0.1211 0.0643
vt 0.1462 0.0548
vt 0.1255 0.0492
vt 0.1438 0.0397
vt 0.1211 0.0341
vt 0.1255 0.0492
vt 0.1438 0.0397
vt 0.1255 0.0492
vt 0.1462 0.0548
vt 0.4512 0.0489
vt 0.4099 0.0765
vt 0.4258 0.0925
vt 0.4512 0.0489
vt 0.4258 0.0925
vt 0.4598 0.0697
vt 0.4426 0.0281
vt 0.3939 0.0606
vt 0.4099 0.0765
vt 0.4099 0.0765
vt 0.4512 0.0489
vt 0.4426 0.0281
vt 0.2381 0.3707
vt 0.2337 0.3556
vt 0.2011 0.3612
vt 0.2035 0.3763
vt 0.2381 0.3707
vt 0.2011 0.3612
vt 0.2011 0.3914
vt 0.2035 0.3763
vt 0.1627 0.3819
vt 0.1627 0.397
vt 0.2011 0.3914
vt 0.1627 0.3819
vt 0.4426 0.6386
vt 0.5 0.65
vt 0.5 0.6274
vt 0.4426 0.6386
vt 0.5 0.6274
vt 0.4512 0.6178
vt 0.4598 0.5969
vt 0.4512 0.6178
vt 0.5 0.6274
vt 0.4598 0.5969
vt 0.5 0.6274
vt 0.5 0.6049
vt 0.1438 0.0699
vt 0.1707 0.0755
vt 0.1707 0.0604
vt 0.1438 0.0699
vt 0.1707 0.0604
vt 0.1462 0.0548
vt 0.1707 0.0454
vt 0.1438 0.0397
vt 0.1462 0.0548
vt 0.1707 0.0454
vt 0.1462 0.0548
vt 0.1707 0.0604
vt 0.5 0.0392
vt 0.4512 0.0489
vt 0.4598 0.0697
vt 0.5 0.0392
vt 0.4598 0.0697
vt 0.5 0.0617
vt 0.5 0.0167
vt 0.4426 0.0281
vt 0.4512 0.0489
vt 0.4512 0.0489
vt 0.5 0.0392
vt 0.5 0.0167
vt 0.2035 0.3763
vt 0.2011 0.3612
vt 0.1627 0.3668
vt 0.1627 0.3819
vt 0.2035 0.3763
vt 0.1627 0.3668
vt 0.1627 0.397
vt 0.1627 0.3819
vt 0.1218 0.3875
vt 0.1242 0.4026
vt 0.1627 0.397
vt 0.1218 0.3875
vt 0.5 0.65
vt 0.5574 0.6386
vt 0.5488 0.6178
vt 0.5 0.65
vt 0.5488 0.6178
vt 0.5 0.6274
vt 0.5 0.6049
vt 0.5 0.6274
vt 0.5488 0.6178
vt 0.5 0.6049
vt 0.5488 0.6178
vt 0.5402 0.5969
vt 0.1707 0.0755
vt 0.1976 0.0811
vt 0.1952 0.066
vt 0.1707 0.0755
vt 0.1952 0.066
vt 0.1707 0.0604
vt 0.1976 0.051
vt 0.1707 0.0454
vt 0.1707 0.0604
vt 0.1976 0.051
vt 0.1707 0.0604
vt 0.1952 0.066
vt 0.5488 0.0489
vt 0.5 0.0392
vt 0.5 0.0617
vt 0.5488 0.0489
vt 0.5 0.0617
vt 0.5402 0.0697
vt 0.5574 0.0281
vt 0.5 0.0167
vt 0.5 0.0392
vt 0.5 0.0392
vt 0.5488 0.0489
vt 0.5574 0.0281
vt 0.1627 0.3819
vt 0.1627 0.3668
vt 0.1242 0.3724
vt 0.1218 0.3875
vt 0.1627 0.3819
vt 0.1242 0.3724
vt 0.1242 0.4026
vt 0.1218 0.3875
vt 0.0872 0.3931
vt 0.0917 0.4082
vt 0.1242 0.4026
vt 0.0872 0.3931
vt 0.5574 0.6386
vt 0.6061 0.6061
vt 0.5901 0.5901
vt 0.5574 0.6386
vt 0.5901 0.5901
vt 0.5488 0.6178
vt 0.5402 0.5969
vt 0.5488 0.6178
vt 0.5901 0.5901
vt 0.5402 0.5969
vt 0.5901 0.5901
vt 0.5742 0.5742
vt 0.1976 0.0811
vt 0.2204 0.0867
vt 0.216 0.0717
vt 0.1976 0.0811
vt 0.216 0.0717
vt 0.1952 0.066
vt 0.2204 0.0566
vt 0.1976 0.051
vt 0.1952 0.066
vt 0.2204 0.0566
vt 0.1952 0.066
vt 0.216 0.0717
vt 0.5901 0.0765
vt 0.5488 0.0489
vt 0.5402 0.0697
vt 0.5901 0.0765
vt 0.5402 0.0697
vt 0.5742 0.0925
vt 0.6061 0.0606
vt 0.5574 0.0281
vt 0.5488 0.0489
vt 0.5488 0.0489
vt 0.5901 0.0765
vt 0.6061 0.0606
vt 0.1218 0.3875
vt 0.1242 0.3724
vt 0.0917 0.378
vt 0.0872 0.3931
vt 0.1218 0.3875
vt 0.0917 0.378
vt 0.0917 0.4082
vt 0.0872 0.3931
vt 0.0641 0.3987
vt 0.0699 0.4138
vt 0.0917 0.4082
vt 0.0641 0.3987
vt 0.6061 0.6061
vt 0.6386 0.5574
vt 0.6178 0.5488
vt 0.6061 0.6061
vt 0.6178 0.5488
vt 0.5901 0.5901
vt 0.5742 0.5742
vt 0.5901 0.5901
vt 0.6178 0.5488
vt 0.5742 0.5742
vt 0.6178 0.5488
vt 0.5969 0.5402
vt 0.4502 0.7473
vt 0.4731 0.7529
vt 0.4755 0.7378
vt 0.4502 0.7473
vt 0.4755 0.7378
vt 0.4547 0.7322
vt 0.2356 0.0622
vt 0.2204 0.0566
vt 0.216 0.0717
vt 0.2356 0.0622
vt 0.216 0.0717
vt 0.2298 0.0772
vt 0.6178 0.1179
vt 0.5901 0.0765
vt 0.5742 0.0925
vt 0.6178 0.1179
vt 0.5742 0.0925
vt 0.5969 0.1265
vt 0.6386 0.1093
vt 0.6061 0.0606
vt 0.5901 0.0765
vt 0.5901 0.0765
vt 0.6178 0.1179
vt 0.6386 0.1093
vt 0.2423 0.7322
vt 0.2378 0.717
vt 0.2052 0.7227
vt 0.2076 0.7378
vt 0.2423 0.7322
vt 0.2052 0.7227
vt 0.2052 0.7529
vt 0.2076 0.7378
vt 0.1667 0.7434
vt 0.1667 0.7585
vt 0.2052 0.7529
vt 0.1667 0.7434
vt 0.6386 0.5574
vt 0.65 0.5
vt 0.6274 0.5
vt 0.6386 0.5574
vt 0.6274 0.5
vt 0.6178 0.5488
vt 0.5969 0.5402
vt 0.6178 0.5488
vt 0.6274 0.5
vt 0.5969 0.5402
vt 0.6274 0.5
vt 0.6049 0.5
vt 0.4731 0.7529
vt 0.5 0.7585
vt 0.5 0.7434
vt 0.4731 0.7529
vt 0.5 0.7434
vt 0.4755 0.7378
vt 0.5 0.7283
vt 0.4731 0.7227
vt 0.4755 0.7378
vt 0.5 0.7283
vt 0.4755 0.7378
vt 0.5 0.7434
vt 0.6274 0.1667
vt 0.6178 0.1179
vt 0.5969 0.1265
vt 0.6274 0.1667
vt 0.5969 0.1265
vt 0.6049 0.1667
vt 0.65 0.1667
vt 0.6386 0.1093
vt 0.6178 0.1179
vt 0.6178 0.1179
vt 0.6274 0.1667
vt 0.65 0.1667
vt 0.2076 0.7378
vt 0.2052 0.7227
vt 0.1667 0.7283
vt 0.1667 0.7434
vt 0.2076 0.7378
vt 0.1667 0.7283
vt 0.1667 0.7585
vt 0.1667 0.7434
vt 0.1257 0.749
vt 0.1282 0.7641
vt 0.1667 0.7585
vt 0.1257 0.749
vt 0.65 0.5
vt 0.6386 0.4426
vt 0.6178 0.4512
vt 0.65 0.5
vt 0.6178 0.4512
vt 0.6274 0.5
vt 0.6049 0.5
vt 0.6274 0.5
vt 0.6178 0.4512
vt 0.6049 0.5
vt 0.6178 0.4512
vt 0.5969 0.4598
vt 0.5 0.7585
vt 0.5269 0.7641
vt 0.5245 0.749
vt 0.5 0.7585
vt 0.5245 0.749
vt 0.5 0.7434
vt 0.5269 0.7339
vt 0.5 0.7283
vt 0.5 0.7434
vt 0.5269 0.7339
vt 0.5 0.7434
vt 0.5245 0.749
vt 0.6178 0.2154
vt 0.6274 0.1667
vt 0.6049 0.1667
vt 0.6178 0.2154
vt 0.6049 0.1667
vt 0.5969 0.2068
vt 0.6386 0.2241
vt 0.65 0.1667
vt 0.6274 0.1667
vt 0.6274 0.1667
vt 0.6178 0.2154
vt 0.6386 0.2241
vt 0.1667 0.7434
vt 0.1667 0.7283
vt 0.1282 0.7339
vt 0.1257 0.749
vt 0.1667 0.7434
vt 0.1282 0.7339
vt 0.1282 0.7641
vt 0.1257 0.749
vt 0.0911 0.7569
vt 0.0955 0.7721
vt 0.1282 0.7641
vt 0.0911 0.7569
vt 0.6386 0.4426
vt 0.6061 0.3939
vt 0.5901 0.4099
vt 0.6386 0.4426
vt 0.5901 0.4099
vt 0.6178 0.4512
vt 0.5969 0.4598
vt 0.6178 0.4512
vt 0.5901 0.4099
vt 0.5969 0.4598
vt 0.5901 0.4099
vt 0.5742 0.4258
vt 0.0978 0.425
vt 0.113 0.4329
vt 0.1174 0.4179
vt 0.0978 0.425
vt 0.1174 0.4179
vt 0.1035 0.4099
vt 0.5498 0.7418
vt 0.5269 0.7339
vt 0.5245 0.749
vt 0.5498 0.7418
vt 0.5245 0.749
vt 0.5453 0.7569
vt 0.5901 0.2568
vt 0.6178 0.2154
vt 0.5969 0.2068
vt 0.5901 0.2568
vt 0.5969 0.2068
vt 0.5742 0.2409
vt 0.6061 0.2727
vt 0.6386 0.2241
vt 0.6178 0.2154
vt 0.6178 0.2154
vt 0.5901 0.2568
vt 0.6061 0.2727
vt 0.2693 0.0885
vt 0.2635 0.0734
vt 0.2417 0.0813
vt 0.2461 0.0964
vt 0.2693 0.0885
vt 0.2417 0.0813
vt 0.2417 0.1114
vt 0.2461 0.0964
vt 0.2116 0.0997
vt 0.2092 0.1148
vt 0.2417 0.1114
vt 0.2116 0.0997
vt 0.6061 0.3939
vt 0.5574 0.3614
vt 0.5488 0.3822
vt 0.6061 0.3939
vt 0.5488 0.3822
vt 0.5901 0.4099
vt 0.5742 0.4258
vt 0.5901 0.4099
vt 0.5488 0.3822
vt 0.5742 0.4258
vt 0.5488 0.3822
vt 0.5402 0.4031
vt 0.113 0.4329
vt 0.1358 0.4362
vt 0.1382 0.4212
vt 0.113 0.4329
vt 0.1382 0.4212
vt 0.1174 0.4179
vt 0.1358 0.4061
vt 0.113 0.4028
vt 0.1174 0.4179
vt 0.1358 0.4061
vt 0.1174 0.4179
vt 0.1382 0.4212
vt 0.5488 0.2844
vt 0.5901 0.2568
vt 0.5742 0.2409
vt 0.5488 0.2844
vt 0.5742 0.2409
vt 0.5402 0.2636
vt 0.5574 0.3052
vt 0.6061 0.2727
vt 0.5901 0.2568
vt 0.5901 0.2568
vt 0.5488 0.2844
vt 0.5574 0.3052
vt 0.2461 0.0964
vt 0.2417 0.0813
vt 0.2092 0.0846
vt 0.2116 0.0997
vt 0.2461 0.0964
vt 0.2092 0.0846
vt 0.2092 0.1148
vt 0.2116 0.0997
vt 0.1707 0.1053
vt 0.1707 0.1204
vt 0.2092 0.1148
vt 0.1707 0.1053
vt 0.5574 0.3614
vt 0.5 0.35
vt 0.5 0.3726
vt 0.5574 0.3614
vt 0.5 0.3726
vt 0.5488 0.3822
vt 0.5402 0.4031
vt 0.5488 0.3822
vt 0.5 0.3726
vt 0.5402 0.4031
vt 0.5 0.3726
vt 0.5 0.3951
vt 0.1358 0.4362
vt 0.1627 0.4418
vt 0.1627 0.4268
vt 0.1358 0.4362
vt 0.1627 0.4268
vt 0.1382 0.4212
vt 0.1627 0.4117
vt 0.1358 0.4061
vt 0.1382 0.4212
vt 0.1627 0.4117
vt 0.1382 0.4212
vt 0.1627 0.4268
vt 0.5 0.2941
vt 0.5488 0.2844
vt 0.5402 0.2636
vt 0.5 0.2941
vt 0.5402 0.2636
vt 0.5 0.2716
vt 0.5 0.3167
vt 0.5574 0.3052
vt 0.5488 0.2844
vt 0.5488 0.2844
vt 0.5 0.2941
vt 0.5 0.3167
vt 0.2116 0.0997
vt 0.2092 0.0846
vt 0.1707 0.0902
vt 0.1707 0.1053
vt 0.2116 0.0997
vt 0.1707 0.0902
vt 0.1397 0.7979
vt 0.1663 0.8035
vt 0.1663 0.7884
vt 0.1397 0.7979
vt 0.1663 0.7884
vt 0.1421 0.7827
vt 0.1663 0.7732
vt 0.1397 0.7676
vt 0.1421 0.7827
vt 0.1663 0.7732
vt 0.1421 0.7827
vt 0.1663 0.7884
vt 0.3952 0.1672
vt 0.3727 0.1674
vt 0.3822 0.2154
vt 0.3952 0.1672
vt 0.3822 0.2154
vt 0.4031 0.2068
vt 0.3502 0.1675
vt 0.3614 0.2241
vt 0.3822 0.2154
vt 0.3502 0.1675
vt 0.3822 0.2154
vt 0.3727 0.1674
vt 0.5005 0.7732
vt 0.5006 0.7884
vt 0.5409 0.7827
vt 0.5385 0.7676
vt 0.5005 0.7732
vt 0.5409 0.7827
vt 0.5006 0.7884
vt 0.5005 0.8035
vt 0.5385 0.7979
vt 0.5409 0.7827
vt 0.5006 0.7884
vt 0.5385 0.7979
vt 0.3822 0.4512
vt 0.3614 0.4426
vt 0.3502 0.4992
vt 0.3727 0.4993
vt 0.3822 0.4512
vt 0.3502 0.4992
vt 0.3822 0.4512
vt 0.3727 0.4993
vt 0.3952 0.4994
vt 0.3822 0.4512
vt 0.3952 0.4994
vt 0.4031 0.4598
vt 0.263 0.4643
vt 0.2692 0.4492
vt 0.263 0.4341
vt 0.2479 0.4705
vt 0.263 0.4643
vt 0.263 0.4341
vt 0.2328 0.4643
vt 0.2479 0.4705
vt 0.263 0.4341
vt 0.2266 0.4492
vt 0.2328 0.4643
vt 0.263 0.4341
vt 0.2328 0.4341
vt 0.2266 0.4492
vt 0.263 0.4341
vt 0.263 0.4341
vt 0.2479 0.4279
vt 0.2328 0.4341
vt 0.1005 0.0229
vt 0.0854 0.0167
vt 0.0703 0.0229
vt 0.1067 0.038
vt 0.1005 0.0229
vt 0.0703 0.0229
vt 0.1005 0.0531
vt 0.1067 0.038
vt 0.0703 0.0229
vt 0.0854 0.0593
vt 0.1005 0.0531
vt 0.0703 0.0229
vt 0.0703 0.0531
vt 0.0854 0.0593
vt 0.0703 0.0229
vt 0.0703 0.0229
vt 0.0641 0.038
vt 0.0703 0.0531
vn 0.9163 0.3788 -0.1302
vn 0.9163 0.3788 -0.1302
vn 0.9163 0.3788 -0.1302
vn 0.9195 0.3713 -0.1286
vn 0.9195 0.3713 -0.1286
vn 0.9195 0.3713 -0.1286
vn 0.424 0.9044 0.0479
vn 0.424 0.9044 0.0479
vn 0.424 0.9044 0.0479
vn 0.3815 0.9207 0.082
vn 0.3815 0.9207 0.082
vn 0.3815 0.9207 0.082
vn -0.3732 0.8992 0.2284
vn -0.3732 0.8992 0.2284
vn -0.3732 0.8992 0.2284
vn -0.3057 0.9179 0.2529
vn -0.3057 0.9179 0.2529
vn -0.3057 0.9179 0.2529
vn -0.8887 0.3799 0.2567
vn -0.8887 0.3799 0.2567
vn -0.8887 0.3799 0.2567
vn -0.8914 0.3699 0.2618
vn -0.8914 0.3699 0.2618
vn -0.8914 0.3699 0.2618
vn -0.9186 -0.3812 0.1039
vn -0.9186 -0.3812 0.1039
vn -0.9186 -0.3812 0.1039
vn -0.9241 -0.369 0.0994
vn -0.9241 -0.369 0.0994
vn -0.9241 -0.369 0.0994
vn -0.382 -0.9205 -0.0819
vn -0.382 -0.9205 -0.0819
vn -0.382 -0.9205 -0.0819
vn -0.4407 -0.8923 -0.0979
vn -0.4407 -0.8923 -0.0979
vn -0.4407 -0.8923 -0.0979
vn 0.3746 -0.904 -0.2062
vn 0.3746 -0.904 -0.2062
vn 0.3746 -0.904 -0.2062
vn 0.321 -0.9207 -0.2217
vn 0.321 -0.9207 -0.2217
vn 0.321 -0.9207 -0.2217
vn 0.8987 -0.3716 -0.2329
vn 0.8987 -0.3716 -0.2329
vn 0.8987 -0.3716 -0.2329
vn 0.8963 -0.3792 -0.2301
vn 0.8963 -0.3792 -0.2301
vn 0.8963 -0.3792 -0.2301
vn 0.7967 0.3789 -0.4709
vn 0.7967 0.3789 -0.4709
vn 0.7967 0.3789 -0.4709
vn 0.7998 0.3726 -0.4707
vn 0.7998 0.3726 -0.4707
vn 0.7998 0.3726 -0.4707
vn 0.4111 0.9037 -0.1196
vn 0.4111 0.9037 -0.1196
vn 0.4111 0.9037 -0.1196
vn 0.3831 0.9211 -0.0687
vn 0.3831 0.9211 -0.0687
vn 0.3831 0.9211 -0.0687
vn -0.2561 0.8997 0.3534
vn -0.2561 0.8997 0.3534
vn -0.2561 0.8997 0.3534
vn -0.1872 0.9177 0.3504
vn -0.1872 0.9177 0.3504
vn -0.1872 0.9177 0.3504
vn -0.723 0.3811 0.5763
vn -0.723 0.3811 0.5763
vn -0.723 0.3811 0.5763
vn -0.7236 0.3688 0.5834
vn -0.7236 0.3688 0.5834
vn -0.7236 0.3688 0.5834
vn -0.8095 -0.3805 0.447
vn -0.8095 -0.3805 0.447
vn -0.8095 -0.3805 0.447
vn -0.8158 -0.3692 0.4451
vn -0.8158 -0.3692 0.4451
vn -0.8158 -0.3692 0.4451
vn -0.3842 -0.9206 0.0696
vn -0.3842 -0.9206 0.0696
vn -0.3842 -0.9206 0.0696
vn -0.4439 -0.8927 0.0771
vn -0.4439 -0.8927 0.0771
vn -0.4439 -0.8927 0.0771
vn 0.267 -0.904 -0.3339
vn 0.267 -0.904 -0.3339
vn 0.267 -0.904 -0.3339
vn 0.2111 -0.9209 -0.3277
vn 0.2111 -0.9209 -0.3277
vn 0.2111 -0.9209 -0.3277
vn 0.7408 -0.3721 -0.5592
vn 0.7408 -0.3721 -0.5592
vn 0.7408 -0.3721 -0.5592
vn 0.7396 -0.3794 -0.5559
vn 0.7396 -0.3794 -0.5559
vn 0.7396 -0.3794 -0.5559
vn 0.5557 0.3799 -0.7395
vn 0.5557 0.3799 -0.7395
vn 0.5557 0.3799 -0.7395
vn 0.5595 0.3716 -0.7409
vn 0.5595 0.3716 -0.7409
vn 0.5595 0.3716 -0.7409
vn 0.3337 0.9044 -0.2657
vn 0.3337 0.9044 -0.2657
vn 0.3337 0.9044 -0.2657
vn 0.3279 0.9205 -0.2126
vn 0.3279 0.9205 -0.2126
vn 0.3279 0.9205 -0.2126
vn -0.1019 0.8994 0.4251
vn -0.1019 0.8994 0.4251
vn -0.1019 0.8994 0.4251
vn -0.0372 0.918 0.3949
vn -0.0372 0.918 0.3949
vn -0.0372 0.918 0.3949
vn -0.447 0.3801 0.8098
vn -0.447 0.3801 0.8098
vn -0.447 0.3801 0.8098
vn -0.4452 0.3698 0.8155
vn -0.4452 0.3698 0.8155
vn -0.4452 0.3698 0.8155
vn -0.5766 -0.3806 0.723
vn -0.5766 -0.3806 0.723
vn -0.5766 -0.3806 0.723
vn -0.5831 -0.3694 0.7236
vn -0.5831 -0.3694 0.7236
vn -0.5831 -0.3694 0.7236
vn -0.3268 -0.9212 0.2109
vn -0.3268 -0.9212 0.2109
vn -0.3268 -0.9212 0.2109
vn -0.3818 -0.8919 0.2423
vn -0.3818 -0.8919 0.2423
vn -0.3818 -0.8919 0.2423
vn 0.1184 -0.9041 -0.4105
vn 0.1184 -0.9041 -0.4105
vn 0.1184 -0.9041 -0.4105
vn 0.0701 -0.9207 -0.3839
vn 0.0701 -0.9207 -0.3839
vn 0.0701 -0.9207 -0.3839
vn 0.4707 -0.3721 -0.8
vn 0.4707 -0.3721 -0.8
vn 0.4707 -0.3721 -0.8
vn 0.4709 -0.3794 -0.7965
vn 0.4709 -0.3794 -0.7965
vn 0.4709 -0.3794 -0.7965
vn -0.1301 0.3783 -0.9165
vn -0.1301 0.3783 -0.9165
vn -0.1301 0.3783 -0.9165
vn -0.1287 0.3719 -0.9193
vn -0.1287 0.3719 -0.9193
vn -0.1287 0.3719 -0.9193
vn 0.0471 0.904 -0.425
vn 0.0471 0.904 -0.425
vn 0.0471 0.904 -0.425
vn 0.083 0.9212 -0.3802
vn 0.083 0.9212 -0.3802
vn 0.083 0.9212 -0.3802
vn 0.2289 0.8996 0.3719
vn 0.2289 0.8996 0.3719
vn 0.2289 0.8996 0.3719
vn 0.2524 0.9175 0.3073
vn 0.2524 0.9175 0.3073
vn 0.2524 0.9175 0.3073
vn 0.2565 0.3804 0.8885
vn 0.2565 0.3804 0.8885
vn 0.2565 0.3804 0.8885
vn 0.2621 0.3694 0.8915
vn 0.2621 0.3694 0.8915
vn 0.2621 0.3694 0.8915
vn 0.1039 -0.3812 0.9186
vn 0.1039 -0.3812 0.9186
vn 0.1039 -0.3812 0.9186
vn 0.0992 -0.3685 0.9243
vn 0.0992 -0.3685 0.9243
vn 0.0992 -0.3685 0.9243
vn -0.0825 -0.9205 0.382
vn -0.0825 -0.9205 0.382
vn -0.0825 -0.9205 0.382
vn -0.0982 -0.8928 0.4396
vn -0.0982 -0.8928 0.4396
vn -0.0982 -0.8928 0.4396
vn -0.2062 -0.904 -0.3746
vn -0.2062 -0.904 -0.3746
vn -0.2062 -0.904 -0.3746
vn -0.2221 -0.9212 -0.3195
vn -0.2221 -0.9212 -0.3195
vn -0.2221 -0.9212 -0.3195
vn -0.2329 -0.3716 -0.8987
vn -0.2329 -0.3716 -0.8987
vn -0.2329 -0.3716 -0.8987
vn -0.2303 -0.3787 -0.8964
vn -0.2303 -0.3787 -0.8964
vn -0.2303 -0.3787 -0.8964
vn -0.4709 0.3794 -0.7965
vn -0.4709 0.3794 -0.7965
vn -0.4709 0.3794 -0.7965
vn -0.4707 0.3726 -0.7998
vn -0.4707 0.3726 -0.7998
vn -0.4707 0.3726 -0.7998
vn -0.1196 0.9037 -0.4111
vn -0.1196 0.9037 -0.4111
vn -0.1196 0.9037 -0.4111
vn -0.0701 0.9207 -0.3839
vn -0.0701 0.9207 -0.3839
vn -0.0701 0.9207 -0.3839
vn 0.3534 0.8993 0.2574
vn 0.3534 0.8993 0.2574
vn 0.3534 0.8993 0.2574
vn 0.3504 0.9177 0.1873
vn 0.3504 0.9177 0.1873
vn 0.3504 0.9177 0.1873
vn 0.5763 0.3811 0.723
vn 0.5763 0.3811 0.723
vn 0.5763 0.3811 0.723
vn 0.5831 0.3694 0.7236
vn 0.5831 0.3694 0.7236
vn 0.5831 0.3694 0.7236
vn 0.447 -0.3801 0.8098
vn 0.447 -0.3801 0.8098
vn 0.447 -0.3801 0.8098
vn 0.4452 -0.3698 0.8155
vn 0.4452 -0.3698 0.8155
vn 0.4452 -0.3698 0.8155
vn 0.0694 -0.9212 0.383
vn 0.0694 -0.9212 0.383
vn 0.0694 -0.9212 0.383
vn 0.0773 -0.892 0.4453
vn 0.0773 -0.892 0.4453
vn 0.0773 -0.892 0.4453
vn -0.3337 -0.9044 -0.2657
vn -0.3337 -0.9044 -0.2657
vn -0.3337 -0.9044 -0.2657
vn -0.3279 -0.9205 -0.2126
vn -0.3279 -0.9205 -0.2126
vn -0.3279 -0.9205 -0.2126
vn -0.5595 -0.3716 -0.7409
vn -0.5595 -0.3716 -0.7409
vn -0.5595 -0.3716 -0.7409
vn -0.5557 -0.3799 -0.7395
vn -0.5557 -0.3799 -0.7395
vn -0.5557 -0.3799 -0.7395
vn -0.7395 0.3799 -0.5557
vn -0.7395 0.3799 -0.5557
vn -0.7395 0.3799 -0.5557
vn -0.7409 0.3716 -0.5595
vn -0.7409 0.3716 -0.5595
vn -0.7409 0.3716 -0.5595
vn -0.2668 0.9039 -0.3343
vn -0.2668 0.9039 -0.3343
vn -0.2668 0.9039 -0.3343
vn -0.2122 0.9204 -0.3283
vn -0.2122 0.9204 -0.3283
vn -0.2122 0.9204 -0.3283
vn 0.4255 0.8993 0.1014
vn 0.4255 0.8993 0.1014
vn 0.4255 0.8993 0.1014
vn 0.3959 0.9175 0.038
vn 0.3959 0.9175 0.038
vn 0.3959 0.9175 0.038
vn 0.8098 0.3801 0.447
vn 0.8098 0.3801 0.447
vn 0.8098 0.3801 0.447
vn 0.8155 0.3698 0.4452
vn 0.8155 0.3698 0.4452
vn 0.8155 0.3698 0.4452
vn 0.723 -0.3811 0.5763
vn 0.723 -0.3811 0.5763
vn 0.723 -0.3811 0.5763
vn 0.7236 -0.3694 0.5831
vn 0.7236 -0.3694 0.5831
vn 0.7236 -0.3694 0.5831
vn 0.212 -0.9208 0.3275
vn 0.212 -0.9208 0.3275
vn 0.212 -0.9208 0.3275
vn 0.2427 -0.8921 0.3812
vn 0.2427 -0.8921 0.3812
vn 0.2427 -0.8921 0.3812
vn -0.4111 -0.9037 -0.1196
vn -0.4111 -0.9037 -0.1196
vn -0.4111 -0.9037 -0.1196
vn -0.3839 -0.9207 -0.0701
vn -0.3839 -0.9207 -0.0701
vn -0.3839 -0.9207 -0.0701
vn -0.7998 -0.3726 -0.4707
vn -0.7998 -0.3726 -0.4707
vn -0.7998 -0.3726 -0.4707
vn -0.7965 -0.3794 -0.4709
vn -0.7965 -0.3794 -0.4709
vn -0.7965 -0.3794 -0.4709
vn -0.8964 0.3787 -0.2303
vn -0.8964 0.3787 -0.2303
vn -0.8964 0.3787 -0.2303
vn -0.8987 0.3716 -0.2329
vn -0.8987 0.3716 -0.2329
vn -0.8987 0.3716 -0.2329
vn -0.3746 0.904 -0.2062
vn -0.3746 0.904 -0.2062
vn -0.3746 0.904 -0.2062
vn -0.321 0.9207 -0.2217
vn -0.321 0.9207 -0.2217
vn -0.321 0.9207 -0.2217
vn 0.4317 0.8994 -0.0684
vn 0.4317 0.8994 -0.0684
vn 0.4317 0.8994 -0.0684
vn 0.3807 0.9175 -0.1151
vn 0.3807 0.9175 -0.1151
vn 0.3807 0.9175 -0.1151
vn 0.9186 0.3812 0.1039
vn 0.9186 0.3812 0.1039
vn 0.9186 0.3812 0.1039
vn 0.9243 0.3685 0.0992
vn 0.9243 0.3685 0.0992
vn 0.9243 0.3685 0.0992
vn 0.8884 -0.3804 0.2568
vn 0.8884 -0.3804 0.2568
vn 0.8884 -0.3804 0.2568
vn 0.8913 -0.3699 0.2622
vn 0.8913 -0.3699 0.2622
vn 0.8913 -0.3699 0.2622
vn 0.3211 -0.9206 0.2224
vn 0.3211 -0.9206 0.2224
vn 0.3211 -0.9206 0.2224
vn 0.3701 -0.8918 0.2603
vn 0.3701 -0.8918 0.2603
vn 0.3701 -0.8918 0.2603
vn -0.4252 -0.9038 0.0476
vn -0.4252 -0.9038 0.0476
vn -0.4252 -0.9038 0.0476
vn -0.3815 -0.9207 0.0827
vn -0.3815 -0.9207 0.0827
vn -0.3815 -0.9207 0.0827
vn -0.9194 -0.3718 -0.1285
vn -0.9194 -0.3718 -0.1285
vn -0.9194 -0.3718 -0.1285
vn -0.9163 -0.3788 -0.1299
vn -0.9163 -0.3788 -0.1299
vn -0.9163 -0.3788 -0.1299
vn -0.9163 0.3788 0.1302
vn -0.9163 0.3788 0.1302
vn -0.9163 0.3788 0.1302
vn -0.9195 0.3713 0.1286
vn -0.9195 0.3713 0.1286
vn -0.9195 0.3713 0.1286
vn -0.424 0.9044 -0.0479
vn -0.424 0.9044 -0.0479
vn -0.424 0.9044 -0.0479
vn -0.3815 0.9207 -0.082
vn -0.3815 0.9207 -0.082
vn -0.3815 0.9207 -0.082
vn 0.3732 0.8992 -0.2284
vn 0.3732 0.8992 -0.2284
vn 0.3732 0.8992 -0.2284
vn 0.3057 0.9179 -0.2529
vn 0.3057 0.9179 -0.2529
vn 0.3057 0.9179 -0.2529
vn 0.8887 0.3799 -0.2567
vn 0.8887 0.3799 -0.2567
vn 0.8887 0.3799 -0.2567
vn 0.8914 0.3699 -0.2618
vn 0.8914 0.3699 -0.2618
vn 0.8914 0.3699 -0.2618
vn 0.9186 -0.3812 -0.1039
vn 0.9186 -0.3812 -0.1039
vn 0.9186 -0.3812 -0.1039
vn 0.9241 -0.369 -0.0994
vn 0.9241 -0.369 -0.0994
vn 0.9241 -0.369 -0.0994
vn 0.382 -0.9205 0.0819
vn 0.382 -0.9205 0.0819
vn 0.382 -0.9205 0.0819
vn 0.4407 -0.8923 0.0979
vn 0.4407 -0.8923 0.0979
vn 0.4407 -0.8923 0.0979
vn -0.3746 -0.904 0.2062
vn -0.3746 -0.904 0.2062
vn -0.3746 -0.904 0.2062
vn -0.321 -0.9207 0.2217
vn -0.321 -0.9207 0.2217
vn -0.321 -0.9207 0.2217
vn -0.8987 -0.3716 0.2329
vn -0.8987 -0.3716 0.2329
vn -0.8987 -0.3716 0.2329
vn -0.8963 -0.3792 0.2301
vn -0.8963 -0.3792 0.2301
vn -0.8963 -0.3792 0.2301
vn -0.7967 0.3789 0.4709
vn -0.7967 0.3789 0.4709
vn -0.7967 0.3789 0.4709
vn -0.7998 0.3726 0.4707
vn -0.7998 0.3726 0.4707
vn -0.7998 0.3726 0.4707
vn -0.4111 0.9037 0.1196
vn -0.4111 0.9037 0.1196
vn -0.4111 0.9037 0.1196
vn -0.3831 0.9211 0.0687
vn -0.3831 0.9211 0.0687
vn -0.3831 0.9211 0.0687
vn 0.2561 0.8997 -0.3534
vn 0.2561 0.8997 -0.3534
vn 0.2561 0.8997 -0.3534
vn 0.1872 0.9177 -0.3504
vn 0.1872 0.9177 -0.3504
vn 0.1872 0.9177 -0.3504
vn 0.723 0.3811 -0.5763
vn 0.723 0.3811 -0.5763
vn 0.723 0.3811 -0.5763
vn 0.7236 0.3688 -0.5834
vn 0.7236 0.3688 -0.5834
vn 0.7236 0.3688 -0.5834
vn 0.8095 -0.3805 -0.447
vn 0.8095 -0.3805 -0.447
vn 0.8095 -0.3805 -0.447
vn 0.8158 -0.3692 -0.4451
vn 0.8158 -0.3692 -0.4451
vn 0.8158 -0.3692 -0.4451
vn 0.3842 -0.9206 -0.0696
vn 0.3842 -0.9206 -0.0696
vn 0.3842 -0.9206 -0.0696
vn 0.4439 -0.8927 -0.0771
vn 0.4439 -0.8927 -0.0771
vn 0.4439 -0.8927 -0.0771
vn -0.267 -0.904 0.3339
vn -0.267 -0.904 0.3339
vn -0.267 -0.904 0.3339
vn -0.2111 -0.9209 0.3277
vn -0.2111 -0.9209 0.3277
vn -0.2111 -0.9209 0.3277
vn -0.7408 -0.3721 0.5592
vn -0.7408 -0.3721 0.5592
vn -0.7408 -0.3721 0.5592
vn -0.7396 -0.3794 0.5559
vn -0.7396 -0.3794 0.5559
vn -0.7396 -0.3794 0.5559
vn -0.5557 0.3799 0.7395
vn -0.5557 0.3799 0.7395
vn -0.5557 0.3799 0.7395
vn -0.5592 0.3721 0.7408
vn -0.5592 0.3721 0.7408
vn -0.5592 0.3721 0.7408
vn -0.3339 0.904 0.267
vn -0.3339 0.904 0.267
vn -0.3339 0.904 0.267
vn -0.3279 0.9205 0.2126
vn -0.3279 0.9205 0.2126
vn -0.3279 0.9205 0.2126
vn 0.1019 0.8994 -0.4251
vn 0.1019 0.8994 -0.4251
vn 0.1019 0.8994 -0.4251
vn 0.0388 0.9176 -0.3956
vn 0.0388 0.9176 -0.3956
vn 0.0388 0.9176 -0.3956
vn 0.447 0.3805 -0.8095
vn 0.447 0.3805 -0.8095
vn 0.447 0.3805 -0.8095
vn 0.4452 0.3698 -0.8155
vn 0.4452 0.3698 -0.8155
vn 0.4452 0.3698 -0.8155
vn 0.5766 -0.3806 -0.723
vn 0.5766 -0.3806 -0.723
vn 0.5766 -0.3806 -0.723
vn 0.5831 -0.3694 -0.7236
vn 0.5831 -0.3694 -0.7236
vn 0.5831 -0.3694 -0.7236
vn 0.3268 -0.9212 -0.2109
vn 0.3268 -0.9212 -0.2109
vn 0.3268 -0.9212 -0.2109
vn 0.3818 -0.8919 -0.2423
vn 0.3818 -0.8919 -0.2423
vn 0.3818 -0.8919 -0.2423
vn -0.1184 -0.9041 0.4105
vn -0.1184 -0.9041 0.4105
vn -0.1184 -0.9041 0.4105
vn -0.0701 -0.9207 0.3839
vn -0.0701 -0.9207 0.3839
vn -0.0701 -0.9207 0.3839
vn -0.4707 -0.3721 0.8
vn -0.4707 -0.3721 0.8
vn -0.4707 -0.3721 0.8
vn -0.4709 -0.3794 0.7965
vn -0.4709 -0.3794 0.7965
vn -0.4709 -0.3794 0.7965
vn -0.2301 0.3792 0.8963
vn -0.2301 0.3792 0.8963
vn -0.2301 0.3792 0.8963
vn -0.2331 0.371 0.8989
vn -0.2331 0.371 0.8989
vn -0.2331 0.371 0.8989
vn -0.2065 0.9044 0.3733
vn -0.2065 0.9044 0.3733
vn -0.2065 0.9044 0.3733
vn -0.2217 0.9207 0.321
vn -0.2217 0.9207 0.321
vn -0.2217 0.9207 0.321
vn -0.0684 0.8994 -0.4317
vn -0.0684 0.8994 -0.4317
vn -0.0684 0.8994 -0.4317
vn -0.1162 0.9179 -0.3795
vn -0.1162 0.9179 -0.3795
vn -0.1162 0.9179 -0.3795
vn 0.1037 0.3807 -0.9189
vn 0.1037 0.3807 -0.9189
vn 0.1037 0.3807 -0.9189
vn 0.0994 0.369 -0.9241
vn 0.0994 0.369 -0.9241
vn 0.0994 0.369 -0.9241
vn 0.2565 -0.3804 -0.8885
vn 0.2565 -0.3804 -0.8885
vn 0.2565 -0.3804 -0.8885
vn 0.2618 -0.3699 -0.8914
vn 0.2618 -0.3699 -0.8914
vn 0.2618 -0.3699 -0.8914
vn 0.2218 -0.9206 -0.3213
vn 0.2218 -0.9206 -0.3213
vn 0.2218 -0.9206 -0.3213
vn 0.2596 -0.892 -0.3701
vn 0.2596 -0.892 -0.3701
vn 0.2596 -0.892 -0.3701
vn 0.0471 -0.904 0.425
vn 0.0471 -0.904 0.425
vn 0.0471 -0.904 0.425
vn 0.082 -0.9207 0.3815
vn 0.082 -0.9207 0.3815
vn 0.082 -0.9207 0.3815
vn -0.1287 -0.3719 0.9193
vn -0.1287 -0.3719 0.9193
vn -0.1287 -0.3719 0.9193
vn -0.1302 -0.3788 0.9163
vn -0.1302 -0.3788 0.9163
vn -0.1302 -0.3788 0.9163
vn 0.1301 0.3783 0.9165
vn 0.1301 0.3783 0.9165
vn 0.1301 0.3783 0.9165
vn 0.1287 0.3719 0.9193
vn 0.1287 0.3719 0.9193
vn 0.1287 0.3719 0.9193
vn -0.0471 0.904 0.425
vn -0.0471 0.904 0.425
vn -0.0471 0.904 0.425
vn -0.083 0.9212 0.3802
vn -0.083 0.9212 0.3802
vn -0.083 0.9212 0.3802
vn -0.2289 0.8996 -0.3719
vn -0.2289 0.8996 -0.3719
vn -0.2289 0.8996 -0.3719
vn -0.2524 0.9175 -0.3073
vn -0.2524 0.9175 -0.3073
vn -0.2524 0.9175 -0.3073
vn -0.2565 0.3804 -0.8885
vn -0.2565 0.3804 -0.8885
vn -0.2565 0.3804 -0.8885
vn -0.2621 0.3694 -0.8915
vn -0.2621 0.3694 -0.8915
vn -0.2621 0.3694 -0.8915
vn -0.1039 -0.3812 -0.9186
vn -0.1039 -0.3812 -0.9186
vn -0.1039 -0.3812 -0.9186
vn -0.0992 -0.3685 -0.9243
vn -0.0992 -0.3685 -0.9243
vn -0.0992 -0.3685 -0.9243
vn 0.0825 -0.9205 -0.382
vn 0.0825 -0.9205 -0.382
vn 0.0825 -0.9205 -0.382
vn 0.0982 -0.8928 -0.4396
vn 0.0982 -0.8928 -0.4396
vn 0.0982 -0.8928 -0.4396
vn 0.2062 -0.904 0.3746
vn 0.2062 -0.904 0.3746
vn 0.2062 -0.904 0.3746
vn 0.2221 -0.9212 0.3195
vn 0.2221 -0.9212 0.3195
vn 0.2221 -0.9212 0.3195
vn 0.2329 -0.3716 0.8987
vn 0.2329 -0.3716 0.8987
vn 0.2329 -0.3716 0.8987
vn 0.2303 -0.3787 0.8964
vn 0.2303 -0.3787 0.8964
vn 0.2303 -0.3787 0.8964
vn 0.4522 0.3803 0.8067
vn 0.4522 0.3803 0.8067
vn 0.4522 0.3803 0.8067
vn 0.4524 0.3706 0.8112
vn 0.4524 0.3706 0.8112
vn 0.4524 0.3706 0.8112
vn 0.0802 0.8925 0.4438
vn 0.0802 0.8925 0.4438
vn 0.0802 0.8925 0.4438
vn 0.0101 0.9139 0.4058
vn 0.0101 0.9139 0.4058
vn 0.0101 0.9139 0.4058
vn -0.4055 0.8849 -0.2294
vn -0.4055 0.8849 -0.2294
vn -0.4055 0.8849 -0.2294
vn -0.4012 0.9067 -0.13
vn -0.4012 0.9067 -0.13
vn -0.4012 0.9067 -0.13
vn -0.6011 0.3822 -0.7019
vn -0.6011 0.3822 -0.7019
vn -0.6011 0.3822 -0.7019
vn -0.6093 0.3658 -0.7035
vn -0.6093 0.3658 -0.7035
vn -0.6093 0.3658 -0.7035
vn -0.4181 -0.3811 -0.8246
vn -0.4181 -0.3811 -0.8246
vn -0.4181 -0.3811 -0.8246
vn -0.4166 -0.3662 -0.8321
vn -0.4166 -0.3662 -0.8321
vn -0.4166 -0.3662 -0.8321
vn -0.0093 -0.9144 -0.4048
vn -0.0093 -0.9144 -0.4048
vn -0.0093 -0.9144 -0.4048
vn -0.0227 -0.8723 -0.4884
vn -0.0227 -0.8723 -0.4884
vn -0.0227 -0.8723 -0.4884
vn 0.3791 -0.8932 0.2419
vn 0.3791 -0.8932 0.2419
vn 0.3791 -0.8932 0.2419
vn 0.3711 -0.9137 0.1655
vn 0.3711 -0.9137 0.1655
vn 0.3711 -0.9137 0.1655
vn 0.5769 -0.3696 0.7284
vn 0.5769 -0.3696 0.7284
vn 0.5769 -0.3696 0.7284
vn 0.5723 -0.3809 0.7262
vn 0.5723 -0.3809 0.7262
vn 0.5723 -0.3809 0.7262
vn 0.7523 0.3787 0.539
vn 0.7523 0.3787 0.539
vn 0.7523 0.3787 0.539
vn 0.753 0.374 0.5415
vn 0.753 0.374 0.5415
vn 0.753 0.374 0.5415
vn 0.2904 0.9128 0.2871
vn 0.2904 0.9128 0.2871
vn 0.2904 0.9128 0.2871
vn 0.2589 0.9234 0.2833
vn 0.2589 0.9234 0.2833
vn 0.2589 0.9234 0.2833
vn -0.3854 0.9108 -0.1482
vn -0.3854 0.9108 -0.1482
vn -0.3854 0.9108 -0.1482
vn -0.368 0.9231 -0.1114
vn -0.368 0.9231 -0.1114
vn -0.368 0.9231 -0.1114
vn -0.7941 0.3791 -0.4751
vn -0.7941 0.3791 -0.4751
vn -0.7941 0.3791 -0.4751
vn -0.7979 0.3729 -0.4736
vn -0.7979 0.3729 -0.4736
vn -0.7979 0.3729 -0.4736
vn -0.7432 -0.3796 -0.551
vn -0.7432 -0.3796 -0.551
vn -0.7432 -0.3796 -0.551
vn -0.7433 -0.372 -0.556
vn -0.7433 -0.372 -0.556
vn -0.7433 -0.372 -0.556
vn -0.2583 -0.9237 -0.2829
vn -0.2583 -0.9237 -0.2829
vn -0.2583 -0.9237 -0.2829
vn -0.2756 -0.9081 -0.3152
vn -0.2756 -0.9081 -0.3152
vn -0.2756 -0.9081 -0.3152
vn 0.3764 -0.9126 0.1594
vn 0.3764 -0.9126 0.1594
vn 0.3764 -0.9126 0.1594
vn 0.3594 -0.9242 0.1292
vn 0.3594 -0.9242 0.1292
vn 0.3594 -0.9242 0.1292
vn 0.7879 -0.3745 0.4889
vn 0.7879 -0.3745 0.4889
vn 0.7879 -0.3745 0.4889
vn 0.7862 -0.3777 0.4891
vn 0.7862 -0.3777 0.4891
vn 0.7862 -0.3777 0.4891
vn 0.8963 0.3792 0.2301
vn 0.8963 0.3792 0.2301
vn 0.8963 0.3792 0.2301
vn 0.8987 0.3716 0.2329
vn 0.8987 0.3716 0.2329
vn 0.8987 0.3716 0.2329
vn 0.3746 0.904 0.2062
vn 0.3746 0.904 0.2062
vn 0.3746 0.904 0.2062
vn 0.321 0.9207 0.2217
vn 0.321 0.9207 0.2217
vn 0.321 0.9207 0.2217
vn -0.4317 0.8994 0.0684
vn -0.4317 0.8994 0.0684
vn -0.4317 0.8994 0.0684
vn -0.3807 0.9175 0.1151
vn -0.3807 0.9175 0.1151
vn -0.3807 0.9175 0.1151
vn -0.9186 0.3812 -0.1039
vn -0.9186 0.3812 -0.1039
vn -0.9186 0.3812 -0.1039
vn -0.9241 0.369 -0.0994
vn -0.9241 0.369 -0.0994
vn -0.9241 0.369 -0.0994
vn -0.8887 -0.3799 -0.2567
vn -0.8887 -0.3799 -0.2567
vn -0.8887 -0.3799 -0.2567
vn -0.8914 -0.3699 -0.2618
vn -0.8914 -0.3699 -0.2618
vn -0.8914 -0.3699 -0.2618
vn -0.3201 -0.9211 -0.2216
vn -0.3201 -0.9211 -0.2216
vn -0.3201 -0.9211 -0.2216
vn -0.3701 -0.8918 -0.2603
vn -0.3701 -0.8918 -0.2603
vn -0.3701 -0.8918 -0.2603
vn 0.424 -0.9044 -0.0479
vn 0.424 -0.9044 -0.0479
vn 0.424 -0.9044 -0.0479
vn 0.3815 -0.9207 -0.082
vn 0.3815 -0.9207 -0.082
vn 0.3815 -0.9207 -0.082
vn 0.9195 -0.3713 0.1286
vn 0.9195 -0.3713 0.1286
vn 0.9195 -0.3713 0.1286
vn 0.9163 -0.3788 0.1302
vn 0.9163 -0.3788 0.1302
vn 0.9163 -0.3788 0.1302
vn -0.1029 0.3814 0.9187
vn -0.1029 0.3814 0.9187
vn -0.1029 0.3814 0.9187
vn -0.098 0.3684 0.9245
vn -0.098 0.3684 0.9245
vn -0.098 0.3684 0.9245
vn -0.2577 -0.3805 0.8882
vn -0.2577 -0.3805 0.8882
vn -0.2577 -0.3805 0.8882
vn -0.2633 -0.3696 0.8911
vn -0.2633 -0.3696 0.8911
vn -0.2633 -0.3696 0.8911
vn -0.2309 -0.8995 0.371
vn -0.2309 -0.8995 0.371
vn -0.2309 -0.8995 0.371
vn -0.2548 -0.9172 0.3062
vn -0.2548 -0.9172 0.3062
vn -0.2548 -0.9172 0.3062
vn -0.0489 -0.9036 -0.4256
vn -0.0489 -0.9036 -0.4256
vn -0.0489 -0.9036 -0.4256
vn -0.0851 -0.9206 -0.381
vn -0.0851 -0.9206 -0.381
vn -0.0851 -0.9206 -0.381
vn 0.1292 -0.3787 -0.9165
vn 0.1292 -0.3787 -0.9165
vn 0.1292 -0.3787 -0.9165
vn 0.1277 -0.3718 -0.9195
vn 0.1277 -0.3718 -0.9195
vn 0.1277 -0.3718 -0.9195
vn 0.2334 0.3721 -0.8984
vn 0.2334 0.3721 -0.8984
vn 0.2334 0.3721 -0.8984
vn 0.231 0.3787 -0.8962
vn 0.231 0.3787 -0.8962
vn 0.231 0.3787 -0.8962
vn 0.2016 0.9227 -0.3287
vn 0.2016 0.9227 -0.3287
vn 0.2016 0.9227 -0.3287
vn 0.231 0.899 -0.372
vn 0.231 0.899 -0.372
vn 0.231 0.899 -0.372
vn 0.0846 0.9199 0.3829
vn 0.0846 0.9199 0.3829
vn 0.0846 0.9199 0.3829
vn 0.1005 0.8922 0.4403
vn 0.1005 0.8922 0.4403
vn 0.1005 0.8922 0.4403
vn -1.0 0.0 -0.0075
vn -1.0 0.0 -0.0075
vn -1.0 0.0 -0.0075
vn -1.0 0.0 -0.0047
vn -1.0 0.0 -0.0047
vn -1.0 0.0 -0.0047
vn -1.0 0.0006 -0.006
vn -1.0 0.0006 -0.006
vn -1.0 0.0006 -0.006
vn -1.0 -0.0005 -0.005
vn -1.0 -0.0005 -0.005
vn -1.0 -0.0005 -0.005
vn -1.0 0.0007 -0.0055
vn -1.0 0.0007 -0.0055
vn -1.0 0.0007 -0.0055
vn -1.0 -0.0019 -0.0055
vn -1.0 -0.0019 -0.0055
vn -1.0 -0.0019 -0.0055
vn 1.0 0.0 0.0
vn 1.0 0.0 0.0
vn 1.0 0.0 0.0
vn 1.0 0.0 0.0
vn 1.0 0.0 0.0
vn 1.0 0.0 0.0
vn 1.0 0.0 0.0
vn 1.0 0.0 0.0
vn 1.0 0.0 0.0
vn 1.0 0.0 0.0
vn 1.0 0.0 0.0
vn 1.0 0.0 0.0
vn 1.0 0.0 0.0
vn 1.0 0.0 0.0
vn 1.0 0.0 0.0
vn 1.0 0.0 0.0
vn 1.0 0.0 0.0
vn 1.0 0.0 0.0
vn 0.9163 0.3788 -0.1302
vn 0.9163 0.3788 -0.1302
vn 0.9163 0.3788 -0.1302
vn 0.9195 0.3713 -0.1286
vn 0.9195 0.3713 -0.1286
vn 0.9195 0.3713 -0.1286
vn 0.424 0.9044 0.0479
vn 0.424 0.9044 0.0479
vn 0.424 0.9044 0.0479
vn 0.3815 0.9207 0.082
vn 0.3815 0.9207 0.082
vn 0.3815 0.9207 0.082
vn -0.3732 0.8992 0.2284
vn -0.3732 0.8992 0.2284
vn -0.3732 0.8992 0.2284
vn -0.3057 0.9179 0.2529
vn -0.3057 0.9179 0.2529
vn -0.3057 0.9179 0.2529
vn -0.8887 0.3799 0.2567
vn -0.8887 0.3799 0.2567
vn -0.8887 0.3799 0.2567
vn -0.8914 0.3699 0.2618
vn -0.8914 0.3699 0.2618
vn -0.8914 0.3699 0.2618
vn -0.9189 -0.3807 0.1037
vn -0.9189 -0.3807 0.1037
vn -0.9189 -0.3807 0.1037
vn -0.9241 -0.369 0.0994
vn -0.9241 -0.369 0.0994
vn -0.9241 -0.369 0.0994
vn -0.3808 -0.921 -0.0822
vn -0.3808 -0.921 -0.0822
vn -0.3808 -0.921 -0.0822
vn -0.4409 -0.8921 -0.0986
vn -0.4409 -0.8921 -0.0986
vn -0.4409 -0.8921 -0.0986
vn 0.3733 -0.9044 -0.2065
vn 0.3733 -0.9044 -0.2065
vn 0.3733 -0.9044 -0.2065
vn 0.321 -0.9207 -0.2217
vn 0.321 -0.9207 -0.2217
vn 0.321 -0.9207 -0.2217
vn 0.8989 -0.371 -0.2331
vn 0.8989 -0.371 -0.2331
vn 0.8989 -0.371 -0.2331
vn 0.8963 -0.3792 -0.2301
vn 0.8963 -0.3792 -0.2301
vn 0.8963 -0.3792 -0.2301
vn 0.7967 0.3789 -0.4709
vn 0.7967 0.3789 -0.4709
vn 0.7967 0.3789 -0.4709
vn 0.7998 0.3726 -0.4707
vn 0.7998 0.3726 -0.4707
vn 0.7998 0.3726 -0.4707
vn 0.4111 0.9037 -0.1196
vn 0.4111 0.9037 -0.1196
vn 0.4111 0.9037 -0.1196
vn 0.3831 0.9211 -0.0687
vn 0.3831 0.9211 -0.0687
vn 0.3831 0.9211 -0.0687
vn -0.2561 0.8997 0.3534
vn -0.2561 0.8997 0.3534
vn -0.2561 0.8997 0.3534
vn -0.1873 0.9177 0.3504
vn -0.1873 0.9177 0.3504
vn -0.1873 0.9177 0.3504
vn -0.723 0.3811 0.5763
vn -0.723 0.3811 0.5763
vn -0.723 0.3811 0.5763
vn -0.7236 0.3688 0.5834
vn -0.7236 0.3688 0.5834
vn -0.7236 0.3688 0.5834
vn -0.8095 -0.3805 0.447
vn -0.8095 -0.3805 0.447
vn -0.8095 -0.3805 0.447
vn -0.8158 -0.3692 0.4451
vn -0.8158 -0.3692 0.4451
vn -0.8158 -0.3692 0.4451
vn -0.384 -0.9207 0.0702
vn -0.384 -0.9207 0.0702
vn -0.384 -0.9207 0.0702
vn -0.4449 -0.8922 0.0779
vn -0.4449 -0.8922 0.0779
vn -0.4449 -0.8922 0.0779
vn 0.267 -0.904 -0.3339
vn 0.267 -0.904 -0.3339
vn 0.267 -0.904 -0.3339
vn 0.2126 -0.9205 -0.3279
vn 0.2126 -0.9205 -0.3279
vn 0.2126 -0.9205 -0.3279
vn 0.7408 -0.3721 -0.5592
vn 0.7408 -0.3721 -0.5592
vn 0.7408 -0.3721 -0.5592
vn 0.7396 -0.3794 -0.5559
vn 0.7396 -0.3794 -0.5559
vn 0.7396 -0.3794 -0.5559
vn 0.5557 0.3799 -0.7395
vn 0.5557 0.3799 -0.7395
vn 0.5557 0.3799 -0.7395
vn 0.5592 0.3721 -0.7408
vn 0.5592 0.3721 -0.7408
vn 0.5592 0.3721 -0.7408
vn 0.3339 0.904 -0.267
vn 0.3339 0.904 -0.267
vn 0.3339 0.904 -0.267
vn 0.3279 0.9205 -0.2126
vn 0.3279 0.9205 -0.2126
vn 0.3279 0.9205 -0.2126
vn -0.1019 0.8994 0.4251
vn -0.1019 0.8994 0.4251
vn -0.1019 0.8994 0.4251
vn -0.0388 0.9176 0.3956
vn -0.0388 0.9176 0.3956
vn -0.0388 0.9176 0.3956
vn -0.447 0.3806 0.8095
vn -0.447 0.3806 0.8095
vn -0.447 0.3806 0.8095
vn -0.4452 0.3698 0.8155
vn -0.4452 0.3698 0.8155
vn -0.4452 0.3698 0.8155
vn -0.5766 -0.3806 0.723
vn -0.5766 -0.3806 0.723
vn -0.5766 -0.3806 0.723
vn -0.5831 -0.3694 0.7236
vn -0.5831 -0.3694 0.7236
vn -0.5831 -0.3694 0.7236
vn -0.3279 -0.9207 0.2115
vn -0.3279 -0.9207 0.2115
vn -0.3279 -0.9207 0.2115
vn -0.3818 -0.8919 0.2423
vn -0.3818 -0.8919 0.2423
vn -0.3818 -0.8919 0.2423
vn 0.1192 -0.9036 -0.4114
vn 0.1192 -0.9036 -0.4114
vn 0.1192 -0.9036 -0.4114
vn 0.0695 -0.9207 -0.3841
vn 0.0695 -0.9207 -0.3841
vn 0.0695 -0.9207 -0.3841
vn 0.4707 -0.3721 -0.8
vn 0.4707 -0.3721 -0.8
vn 0.4707 -0.3721 -0.8
vn 0.4709 -0.3794 -0.7965
vn 0.4709 -0.3794 -0.7965
vn 0.4709 -0.3794 -0.7965
vn -0.1302 0.3788 -0.9163
vn -0.1302 0.3788 -0.9163
vn -0.1302 0.3788 -0.9163
vn -0.1286 0.3713 -0.9195
vn -0.1286 0.3713 -0.9195
vn -0.1286 0.3713 -0.9195
vn 0.0479 0.9044 -0.424
vn 0.0479 0.9044 -0.424
vn 0.0479 0.9044 -0.424
vn 0.082 0.9207 -0.3815
vn 0.082 0.9207 -0.3815
vn 0.082 0.9207 -0.3815
vn 0.2284 0.8992 0.3732
vn 0.2284 0.8992 0.3732
vn 0.2284 0.8992 0.3732
vn 0.2529 0.9179 0.3057
vn 0.2529 0.9179 0.3057
vn 0.2529 0.9179 0.3057
vn 0.2567 0.3799 0.8887
vn 0.2567 0.3799 0.8887
vn 0.2567 0.3799 0.8887
vn 0.2618 0.3699 0.8914
vn 0.2618 0.3699 0.8914
vn 0.2618 0.3699 0.8914
vn 0.1039 -0.3812 0.9186
vn 0.1039 -0.3812 0.9186
vn 0.1039 -0.3812 0.9186
vn 0.0994 -0.369 0.9241
vn 0.0994 -0.369 0.9241
vn 0.0994 -0.369 0.9241
vn -0.0819 -0.9205 0.382
vn -0.0819 -0.9205 0.382
vn -0.0819 -0.9205 0.382
vn -0.0979 -0.8923 0.4407
vn -0.0979 -0.8923 0.4407
vn -0.0979 -0.8923 0.4407
vn -0.2062 -0.904 -0.3746
vn -0.2062 -0.904 -0.3746
vn -0.2062 -0.904 -0.3746
vn -0.2217 -0.9207 -0.321
vn -0.2217 -0.9207 -0.321
vn -0.2217 -0.9207 -0.321
vn -0.2329 -0.3716 -0.8987
vn -0.2329 -0.3716 -0.8987
vn -0.2329 -0.3716 -0.8987
vn -0.2301 -0.3792 -0.8963
vn -0.2301 -0.3792 -0.8963
vn -0.2301 -0.3792 -0.8963
vn -0.4709 0.3789 -0.7967
vn -0.4709 0.3789 -0.7967
vn -0.4709 0.3789 -0.7967
vn -0.4707 0.3726 -0.7998
vn -0.4707 0.3726 -0.7998
vn -0.4707 0.3726 -0.7998
vn -0.1196 0.9037 -0.4111
vn -0.1196 0.9037 -0.4111
vn -0.1196 0.9037 -0.4111
vn -0.0687 0.9211 -0.3831
vn -0.0687 0.9211 -0.3831
vn -0.0687 0.9211 -0.3831
vn 0.3534 0.8997 0.2561
vn 0.3534 0.8997 0.2561
vn 0.3534 0.8997 0.2561
vn 0.3504 0.9177 0.1872
vn 0.3504 0.9177 0.1872
vn 0.3504 0.9177 0.1872
vn 0.5763 0.3811 0.723
vn 0.5763 0.3811 0.723
vn 0.5763 0.3811 0.723
vn 0.5834 0.3688 0.7236
vn 0.5834 0.3688 0.7236
vn 0.5834 0.3688 0.7236
vn 0.447 -0.3805 0.8095
vn 0.447 -0.3805 0.8095
vn 0.447 -0.3805 0.8095
vn 0.4451 -0.3692 0.8158
vn 0.4451 -0.3692 0.8158
vn 0.4451 -0.3692 0.8158
vn 0.0696 -0.9206 0.3842
vn 0.0696 -0.9206 0.3842
vn 0.0696 -0.9206 0.3842
vn 0.0772 -0.8927 0.4439
vn 0.0772 -0.8927 0.4439
vn 0.0772 -0.8927 0.4439
vn -0.3339 -0.904 -0.267
vn -0.3339 -0.904 -0.267
vn -0.3339 -0.904 -0.267
vn -0.3277 -0.9209 -0.2111
vn -0.3277 -0.9209 -0.2111
vn -0.3277 -0.9209 -0.2111
vn -0.5592 -0.3721 -0.7408
vn -0.5592 -0.3721 -0.7408
vn -0.5592 -0.3721 -0.7408
vn -0.5559 -0.3794 -0.7396
vn -0.5559 -0.3794 -0.7396
vn -0.5559 -0.3794 -0.7396
vn -0.7395 0.3799 -0.5557
vn -0.7395 0.3799 -0.5557
vn -0.7395 0.3799 -0.5557
vn -0.7409 0.3716 -0.5595
vn -0.7409 0.3716 -0.5595
vn -0.7409 0.3716 -0.5595
vn -0.2657 0.9044 -0.3337
vn -0.2657 0.9044 -0.3337
vn -0.2657 0.9044 -0.3337
vn -0.2126 0.9205 -0.3279
vn -0.2126 0.9205 -0.3279
vn -0.2126 0.9205 -0.3279
vn 0.4251 0.8994 0.1019
vn 0.4251 0.8994 0.1019
vn 0.4251 0.8994 0.1019
vn 0.3949 0.918 0.0372
vn 0.3949 0.918 0.0372
vn 0.3949 0.918 0.0372
vn 0.8098 0.38 0.447
vn 0.8098 0.38 0.447
vn 0.8098 0.38 0.447
vn 0.8155 0.3698 0.4452
vn 0.8155 0.3698 0.4452
vn 0.8155 0.3698 0.4452
vn 0.723 -0.3806 0.5766
vn 0.723 -0.3806 0.5766
vn 0.723 -0.3806 0.5766
vn 0.7236 -0.3694 0.5831
vn 0.7236 -0.3694 0.5831
vn 0.7236 -0.3694 0.5831
vn 0.2109 -0.9212 0.3268
vn 0.2109 -0.9212 0.3268
vn 0.2109 -0.9212 0.3268
vn 0.2423 -0.8919 0.3818
vn 0.2423 -0.8919 0.3818
vn 0.2423 -0.8919 0.3818
vn -0.4105 -0.9041 -0.1184
vn -0.4105 -0.9041 -0.1184
vn -0.4105 -0.9041 -0.1184
vn -0.3839 -0.9207 -0.0701
vn -0.3839 -0.9207 -0.0701
vn -0.3839 -0.9207 -0.0701
vn -0.8 -0.3721 -0.4707
vn -0.8 -0.3721 -0.4707
vn -0.8 -0.3721 -0.4707
vn -0.7965 -0.3794 -0.4709
vn -0.7965 -0.3794 -0.4709
vn -0.7965 -0.3794 -0.4709
vn -0.8964 0.3787 -0.2303
vn -0.8964 0.3787 -0.2303
vn -0.8964 0.3787 -0.2303
vn -0.8987 0.3716 -0.2329
vn -0.8987 0.3716 -0.2329
vn -0.8987 0.3716 -0.2329
vn -0.3746 0.904 -0.2062
vn -0.3746 0.904 -0.2062
vn -0.3746 0.904 -0.2062
vn -0.3195 0.9212 -0.2221
vn -0.3195 0.9212 -0.2221
vn -0.3195 0.9212 -0.2221
vn 0.4307 0.8998 -0.0693
vn 0.4307 0.8998 -0.0693
vn 0.4307 0.8998 -0.0693
vn 0.3807 0.9175 -0.1151
vn 0.3807 0.9175 -0.1151
vn 0.3807 0.9175 -0.1151
vn 0.9186 0.3812 0.1039
vn 0.9186 0.3812 0.1039
vn 0.9186 0.3812 0.1039
vn 0.9243 0.3685 0.0992
vn 0.9243 0.3685 0.0992
vn 0.9243 0.3685 0.0992
vn 0.8885 -0.3804 0.2565
vn 0.8885 -0.3804 0.2565
vn 0.8885 -0.3804 0.2565
vn 0.8915 -0.3694 0.2621
vn 0.8915 -0.3694 0.2621
vn 0.8915 -0.3694 0.2621
vn 0.3211 -0.9206 0.2224
vn 0.3211 -0.9206 0.2224
vn 0.3211 -0.9206 0.2224
vn 0.369 -0.8925 0.2594
vn 0.369 -0.8925 0.2594
vn 0.369 -0.8925 0.2594
vn -0.425 -0.904 0.0471
vn -0.425 -0.904 0.0471
vn -0.425 -0.904 0.0471
vn -0.3802 -0.9212 0.083
vn -0.3802 -0.9212 0.083
vn -0.3802 -0.9212 0.083
vn -0.9193 -0.3719 -0.1287
vn -0.9193 -0.3719 -0.1287
vn -0.9193 -0.3719 -0.1287
vn -0.9165 -0.3783 -0.1301
vn -0.9165 -0.3783 -0.1301
vn -0.9165 -0.3783 -0.1301
vn -0.9163 0.3788 0.1302
vn -0.9163 0.3788 0.1302
vn -0.9163 0.3788 0.1302
vn -0.9193 0.3719 0.1287
vn -0.9193 0.3719 0.1287
vn -0.9193 0.3719 0.1287
vn -0.425 0.904 -0.0471
vn -0.425 0.904 -0.0471
vn -0.425 0.904 -0.0471
vn -0.3815 0.9207 -0.082
vn -0.3815 0.9207 -0.082
vn -0.3815 0.9207 -0.082
vn 0.3732 0.8992 -0.2284
vn 0.3732 0.8992 -0.2284
vn 0.3732 0.8992 -0.2284
vn 0.3073 0.9175 -0.2524
vn 0.3073 0.9175 -0.2524
vn 0.3073 0.9175 -0.2524
vn 0.8885 0.3804 -0.2565
vn 0.8885 0.3804 -0.2565
vn 0.8885 0.3804 -0.2565
vn 0.8914 0.3699 -0.2618
vn 0.8914 0.3699 -0.2618
vn 0.8914 0.3699 -0.2618
vn 0.9189 -0.3807 -0.1037
vn 0.9189 -0.3807 -0.1037
vn 0.9189 -0.3807 -0.1037
vn 0.9241 -0.369 -0.0994
vn 0.9241 -0.369 -0.0994
vn 0.9241 -0.369 -0.0994
vn 0.3808 -0.921 0.0822
vn 0.3808 -0.921 0.0822
vn 0.3808 -0.921 0.0822
vn 0.4409 -0.8921 0.0986
vn 0.4409 -0.8921 0.0986
vn 0.4409 -0.8921 0.0986
vn -0.3733 -0.9044 0.2065
vn -0.3733 -0.9044 0.2065
vn -0.3733 -0.9044 0.2065
vn -0.321 -0.9207 0.2217
vn -0.321 -0.9207 0.2217
vn -0.321 -0.9207 0.2217
vn -0.8989 -0.371 0.2331
vn -0.8989 -0.371 0.2331
vn -0.8989 -0.371 0.2331
vn -0.8963 -0.3792 0.2301
vn -0.8963 -0.3792 0.2301
vn -0.8963 -0.3792 0.2301
vn -0.7965 0.3794 0.4709
vn -0.7965 0.3794 0.4709
vn -0.7965 0.3794 0.4709
vn -0.8 0.3721 0.4707
vn -0.8 0.3721 0.4707
vn -0.8 0.3721 0.4707
vn -0.4105 0.9041 0.1184
vn -0.4105 0.9041 0.1184
vn -0.4105 0.9041 0.1184
vn -0.3839 0.9207 0.0701
vn -0.3839 0.9207 0.0701
vn -0.3839 0.9207 0.0701
vn 0.2574 0.8993 -0.3534
vn 0.2574 0.8993 -0.3534
vn 0.2574 0.8993 -0.3534
vn 0.1855 0.9181 -0.3503
vn 0.1855 0.9181 -0.3503
vn 0.1855 0.9181 -0.3503
vn 0.723 0.3806 -0.5766
vn 0.723 0.3806 -0.5766
vn 0.723 0.3806 -0.5766
vn 0.7236 0.3694 -0.5831
vn 0.7236 0.3694 -0.5831
vn 0.7236 0.3694 -0.5831
vn 0.8095 -0.3805 -0.447
vn 0.8095 -0.3805 -0.447
vn 0.8095 -0.3805 -0.447
vn 0.8155 -0.3698 -0.4452
vn 0.8155 -0.3698 -0.4452
vn 0.8155 -0.3698 -0.4452
vn 0.384 -0.9207 -0.0702
vn 0.384 -0.9207 -0.0702
vn 0.384 -0.9207 -0.0702
vn 0.4449 -0.8922 -0.0779
vn 0.4449 -0.8922 -0.0779
vn 0.4449 -0.8922 -0.0779
vn -0.267 -0.904 0.3339
vn -0.267 -0.904 0.3339
vn -0.267 -0.904 0.3339
vn -0.2126 -0.9205 0.3279
vn -0.2126 -0.9205 0.3279
vn -0.2126 -0.9205 0.3279
vn -0.7408 -0.3721 0.5592
vn -0.7408 -0.3721 0.5592
vn -0.7408 -0.3721 0.5592
vn -0.7395 -0.3799 0.5557
vn -0.7395 -0.3799 0.5557
vn -0.7395 -0.3799 0.5557
vn -0.5559 0.3794 0.7396
vn -0.5559 0.3794 0.7396
vn -0.5559 0.3794 0.7396
vn -0.5592 0.3721 0.7408
vn -0.5592 0.3721 0.7408
vn -0.5592 0.3721 0.7408
vn -0.3339 0.904 0.267
vn -0.3339 0.904 0.267
vn -0.3339 0.904 0.267
vn -0.3277 0.9209 0.2111
vn -0.3277 0.9209 0.2111
vn -0.3277 0.9209 0.2111
vn 0.1007 0.8998 -0.4245
vn 0.1007 0.8998 -0.4245
vn 0.1007 0.8998 -0.4245
vn 0.0388 0.9176 -0.3956
vn 0.0388 0.9176 -0.3956
vn 0.0388 0.9176 -0.3956
vn 0.447 0.3805 -0.8095
vn 0.447 0.3805 -0.8095
vn 0.447 0.3805 -0.8095
vn 0.4451 0.3692 -0.8158
vn 0.4451 0.3692 -0.8158
vn 0.4451 0.3692 -0.8158
vn 0.5763 -0.3811 -0.723
vn 0.5763 -0.3811 -0.723
vn 0.5763 -0.3811 -0.723
vn 0.5834 -0.3688 -0.7236
vn 0.5834 -0.3688 -0.7236
vn 0.5834 -0.3688 -0.7236
vn 0.3279 -0.9207 -0.2115
vn 0.3279 -0.9207 -0.2115
vn 0.3279 -0.9207 -0.2115
vn 0.3806 -0.8926 -0.2417
vn 0.3806 -0.8926 -0.2417
vn 0.3806 -0.8926 -0.2417
vn -0.1196 -0.9037 0.4111
vn -0.1196 -0.9037 0.4111
vn -0.1196 -0.9037 0.4111
vn -0.0687 -0.9211 0.3831
vn -0.0687 -0.9211 0.3831
vn -0.0687 -0.9211 0.3831
vn -0.4707 -0.3726 0.7998
vn -0.4707 -0.3726 0.7998
vn -0.4707 -0.3726 0.7998
vn -0.4709 -0.3789 0.7967
vn -0.4709 -0.3789 0.7967
vn -0.4709 -0.3789 0.7967
vn -0.2301 0.3792 0.8963
vn -0.2301 0.3792 0.8963
vn -0.2301 0.3792 0.8963
vn -0.2331 0.371 0.8989
vn -0.2331 0.371 0.8989
vn -0.2331 0.371 0.8989
vn -0.2065 0.9044 0.3733
vn -0.2065 0.9044 0.3733
vn -0.2065 0.9044 0.3733
vn -0.2217 0.9207 0.321
vn -0.2217 0.9207 0.321
vn -0.2217 0.9207 0.321
vn -0.0684 0.8994 -0.4317
vn -0.0684 0.8994 -0.4317
vn -0.0684 0.8994 -0.4317
vn -0.1162 0.9179 -0.3795
vn -0.1162 0.9179 -0.3795
vn -0.1162 0.9179 -0.3795
vn 0.1037 0.3807 -0.9189
vn 0.1037 0.3807 -0.9189
vn 0.1037 0.3807 -0.9189
vn 0.0994 0.369 -0.9241
vn 0.0994 0.369 -0.9241
vn 0.0994 0.369 -0.9241
vn 0.2567 -0.3799 -0.8887
vn 0.2567 -0.3799 -0.8887
vn 0.2567 -0.3799 -0.8887
vn 0.2618 -0.3699 -0.8914
vn 0.2618 -0.3699 -0.8914
vn 0.2618 -0.3699 -0.8914
vn 0.2216 -0.9211 -0.3201
vn 0.2216 -0.9211 -0.3201
vn 0.2216 -0.9211 -0.3201
vn 0.2603 -0.8918 -0.3701
vn 0.2603 -0.8918 -0.3701
vn 0.2603 -0.8918 -0.3701
vn 0.0479 -0.9044 0.424
vn 0.0479 -0.9044 0.424
vn 0.0479 -0.9044 0.424
vn 0.082 -0.9207 0.3815
vn 0.082 -0.9207 0.3815
vn 0.082 -0.9207 0.3815
vn -0.1286 -0.3713 0.9195
vn -0.1286 -0.3713 0.9195
vn -0.1286 -0.3713 0.9195
vn -0.1302 -0.3788 0.9163
vn -0.1302 -0.3788 0.9163
vn -0.1302 -0.3788 0.9163
vn 0.1301 0.3783 0.9165
vn 0.1301 0.3783 0.9165
vn 0.1301 0.3783 0.9165
vn 0.1287 0.3719 0.9193
vn 0.1287 0.3719 0.9193
vn 0.1287 0.3719 0.9193
vn -0.0471 0.904 0.425
vn -0.0471 0.904 0.425
vn -0.0471 0.904 0.425
vn -0.083 0.9212 0.3802
vn -0.083 0.9212 0.3802
vn -0.083 0.9212 0.3802
vn -0.2289 0.8996 -0.3719
vn -0.2289 0.8996 -0.3719
vn -0.2289 0.8996 -0.3719
vn -0.2524 0.9175 -0.3073
vn -0.2524 0.9175 -0.3073
vn -0.2524 0.9175 -0.3073
vn -0.2565 0.3804 -0.8885
vn -0.2565 0.3804 -0.8885
vn -0.2565 0.3804 -0.8885
vn -0.2621 0.3694 -0.8915
vn -0.2621 0.3694 -0.8915
vn -0.2621 0.3694 -0.8915
vn -0.1039 -0.3812 -0.9186
vn -0.1039 -0.3812 -0.9186
vn -0.1039 -0.3812 -0.9186
vn -0.0992 -0.3685 -0.9243
vn -0.0992 -0.3685 -0.9243
vn -0.0992 -0.3685 -0.9243
vn 0.0819 -0.9205 -0.382
vn 0.0819 -0.9205 -0.382
vn 0.0819 -0.9205 -0.382
vn 0.0979 -0.8923 -0.4407
vn 0.0979 -0.8923 -0.4407
vn 0.0979 -0.8923 -0.4407
vn 0.2062 -0.904 0.3746
vn 0.2062 -0.904 0.3746
vn 0.2062 -0.904 0.3746
vn 0.2217 -0.9207 0.321
vn 0.2217 -0.9207 0.321
vn 0.2217 -0.9207 0.321
vn 0.2329 -0.3716 0.8987
vn 0.2329 -0.3716 0.8987
vn 0.2329 -0.3716 0.8987
vn 0.2303 -0.3787 0.8964
vn 0.2303 -0.3787 0.8964
vn 0.2303 -0.3787 0.8964
vn 0.4522 0.3803 0.8067
vn 0.4522 0.3803 0.8067
vn 0.4522 0.3803 0.8067
vn 0.4524 0.3706 0.8112
vn 0.4524 0.3706 0.8112
vn 0.4524 0.3706 0.8112
vn 0.0802 0.8925 0.4438
vn 0.0802 0.8925 0.4438
vn 0.0802 0.8925 0.4438
vn 0.0101 0.9139 0.4058
vn 0.0101 0.9139 0.4058
vn 0.0101 0.9139 0.4058
vn -0.4055 0.8849 -0.2294
vn -0.4055 0.8849 -0.2294
vn -0.4055 0.8849 -0.2294
vn -0.4012 0.9067 -0.13
vn -0.4012 0.9067 -0.13
vn -0.4012 0.9067 -0.13
vn -0.6011 0.3822 -0.7018
vn -0.6011 0.3822 -0.7018
vn -0.6011 0.3822 -0.7018
vn -0.6093 0.3658 -0.7035
vn -0.6093 0.3658 -0.7035
vn -0.6093 0.3658 -0.7035
vn -0.4183 -0.3811 -0.8245
vn -0.4183 -0.3811 -0.8245
vn -0.4183 -0.3811 -0.8245
vn -0.4168 -0.3657 -0.8321
vn -0.4168 -0.3657 -0.8321
vn -0.4168 -0.3657 -0.8321
vn -0.0095 -0.9138 -0.406
vn -0.0095 -0.9138 -0.406
vn -0.0095 -0.9138 -0.406
vn -0.0225 -0.8731 -0.4871
vn -0.0225 -0.8731 -0.4871
vn -0.0225 -0.8731 -0.4871
vn 0.3792 -0.8928 0.2432
vn 0.3792 -0.8928 0.2432
vn 0.3792 -0.8928 0.2432
vn 0.3709 -0.9141 0.1639
vn 0.3709 -0.9141 0.1639
vn 0.3709 -0.9141 0.1639
vn 0.5767 -0.3696 0.7285
vn 0.5767 -0.3696 0.7285
vn 0.5767 -0.3696 0.7285
vn 0.5723 -0.3803 0.7265
vn 0.5723 -0.3803 0.7265
vn 0.5723 -0.3803 0.7265
vn 0.7524 0.3787 0.5389
vn 0.7524 0.3787 0.5389
vn 0.7524 0.3787 0.5389
vn 0.7531 0.3735 0.5416
vn 0.7531 0.3735 0.5416
vn 0.7531 0.3735 0.5416
vn 0.2893 0.9134 0.2864
vn 0.2893 0.9134 0.2864
vn 0.2893 0.9134 0.2864
vn 0.2594 0.9234 0.2828
vn 0.2594 0.9234 0.2828
vn 0.2594 0.9234 0.2828
vn -0.385 0.9109 -0.1486
vn -0.385 0.9109 -0.1486
vn -0.385 0.9109 -0.1486
vn -0.367 0.9236 -0.1107
vn -0.367 0.9236 -0.1107
vn -0.367 0.9236 -0.1107
vn -0.7942 0.3786 -0.4752
vn -0.7942 0.3786 -0.4752
vn -0.7942 0.3786 -0.4752
vn -0.7977 0.3729 -0.4739
vn -0.7977 0.3729 -0.4739
vn -0.7977 0.3729 -0.4739
vn -0.7432 -0.3791 -0.5514
vn -0.7432 -0.3791 -0.5514
vn -0.7432 -0.3791 -0.5514
vn -0.7433 -0.3725 -0.5557
vn -0.7433 -0.3725 -0.5557
vn -0.7433 -0.3725 -0.5557
vn -0.2577 -0.9242 -0.2818
vn -0.2577 -0.9242 -0.2818
vn -0.2577 -0.9242 -0.2818
vn -0.2763 -0.9075 -0.3165
vn -0.2763 -0.9075 -0.3165
vn -0.2763 -0.9075 -0.3165
vn 0.3758 -0.9131 0.1583
vn 0.3758 -0.9131 0.1583
vn 0.3758 -0.9131 0.1583
vn 0.3602 -0.9237 0.1305
vn 0.3602 -0.9237 0.1305
vn 0.3602 -0.9237 0.1305
vn 0.7881 -0.374 0.4889
vn 0.7881 -0.374 0.4889
vn 0.7881 -0.374 0.4889
vn 0.7859 -0.3782 0.4892
vn 0.7859 -0.3782 0.4892
vn 0.7859 -0.3782 0.4892
vn 0.8964 0.3787 0.2303
vn 0.8964 0.3787 0.2303
vn 0.8964 0.3787 0.2303
vn 0.8987 0.3716 0.2329
vn 0.8987 0.3716 0.2329
vn 0.8987 0.3716 0.2329
vn 0.3746 0.904 0.2062
vn 0.3746 0.904 0.2062
vn 0.3746 0.904 0.2062
vn 0.3195 0.9212 0.2221
vn 0.3195 0.9212 0.2221
vn 0.3195 0.9212 0.2221
vn -0.4307 0.8998 0.0693
vn -0.4307 0.8998 0.0693
vn -0.4307 0.8998 0.0693
vn -0.3807 0.9175 0.1151
vn -0.3807 0.9175 0.1151
vn -0.3807 0.9175 0.1151
vn -0.9186 0.3812 -0.1039
vn -0.9186 0.3812 -0.1039
vn -0.9186 0.3812 -0.1039
vn -0.9243 0.3685 -0.0992
vn -0.9243 0.3685 -0.0992
vn -0.9243 0.3685 -0.0992
vn -0.8885 -0.3804 -0.2565
vn -0.8885 -0.3804 -0.2565
vn -0.8885 -0.3804 -0.2565
vn -0.8915 -0.3694 -0.2621
vn -0.8915 -0.3694 -0.2621
vn -0.8915 -0.3694 -0.2621
vn -0.3211 -0.9206 -0.2224
vn -0.3211 -0.9206 -0.2224
vn -0.3211 -0.9206 -0.2224
vn -0.369 -0.8925 -0.2594
vn -0.369 -0.8925 -0.2594
vn -0.369 -0.8925 -0.2594
vn 0.425 -0.904 -0.0471
vn 0.425 -0.904 -0.0471
vn 0.425 -0.904 -0.0471
vn 0.3802 -0.9212 -0.083
vn 0.3802 -0.9212 -0.083
vn 0.3802 -0.9212 -0.083
vn 0.9193 -0.3719 0.1287
vn 0.9193 -0.3719 0.1287
vn 0.9193 -0.3719 0.1287
vn 0.9165 -0.3783 0.1301
vn 0.9165 -0.3783 0.1301
vn 0.9165 -0.3783 0.1301
vn -0.1027 0.3809 0.9189
vn -0.1027 0.3809 0.9189
vn -0.1027 0.3809 0.9189
vn -0.0982 0.3689 0.9243
vn -0.0982 0.3689 0.9243
vn -0.0982 0.3689 0.9243
vn -0.2577 -0.3805 0.8882
vn -0.2577 -0.3805 0.8882
vn -0.2577 -0.3805 0.8882
vn -0.263 -0.3701 0.891
vn -0.263 -0.3701 0.891
vn -0.263 -0.3701 0.891
vn -0.2304 -0.8991 0.3722
vn -0.2304 -0.8991 0.3722
vn -0.2304 -0.8991 0.3722
vn -0.2548 -0.9172 0.3062
vn -0.2548 -0.9172 0.3062
vn -0.2548 -0.9172 0.3062
vn -0.0489 -0.9036 -0.4256
vn -0.0489 -0.9036 -0.4256
vn -0.0489 -0.9036 -0.4256
vn -0.0841 -0.9202 -0.3823
vn -0.0841 -0.9202 -0.3823
vn -0.0841 -0.9202 -0.3823
vn 0.1293 -0.3792 -0.9162
vn 0.1293 -0.3792 -0.9162
vn 0.1293 -0.3792 -0.9162
vn 0.1277 -0.3718 -0.9195
vn 0.1277 -0.3718 -0.9195
vn 0.1277 -0.3718 -0.9195
vn 0.2336 0.3716 -0.8985
vn 0.2336 0.3716 -0.8985
vn 0.2336 0.3716 -0.8985
vn 0.2308 0.3792 -0.8961
vn 0.2308 0.3792 -0.8961
vn 0.2308 0.3792 -0.8961
vn 0.2023 0.9221 -0.3297
vn 0.2023 0.9221 -0.3297
vn 0.2023 0.9221 -0.3297
vn 0.2303 0.8997 -0.3709
vn 0.2303 0.8997 -0.3709
vn 0.2303 0.8997 -0.3709
vn 0.0843 0.9205 0.3817
vn 0.0843 0.9205 0.3817
vn 0.0843 0.9205 0.3817
vn 0.1009 0.8915 0.4416
vn 0.1009 0.8915 0.4416
vn 0.1009 0.8915 0.4416
vn -1.0 0.0 -0.0075
vn -1.0 0.0 -0.0075
vn -1.0 0.0 -0.0075
vn -1.0 0.0 -0.0047
vn -1.0 0.0 -0.0047
vn -1.0 0.0 -0.0047
vn -1.0 0.0006 -0.006
vn -1.0 0.0006 -0.006
vn -1.0 0.0006 -0.006
vn -1.0 -0.0005 -0.005
vn -1.0 -0.0005 -0.005
vn -1.0 -0.0005 -0.005
vn -1.0 0.0007 -0.0055
vn -1.0 0.0007 -0.0055
vn -1.0 0.0007 -0.0055
vn -1.0 -0.0019 -0.0055
vn -1.0 -0.0019 -0.0055
vn -1.0 -0.0019 -0.0055
vn 1.0 0.0 0.0
vn 1.0 0.0 0.0
vn 1.0 0.0 0.0
vn 1.0 0.0 0.0
vn 1.0 0.0 0.0
vn 1.0 0.0 0.0
vn 1.0 0.0 0.0
vn 1.0 0.0 0.0
vn 1.0 0.0 0.0
vn 1.0 0.0 0.0
vn 1.0 0.0 0.0
vn 1.0 0.0 0.0
vn 1.0 0.0 0.0
vn 1.0 0.0 0.0
vn 1.0 0.0 0.0
vn 1.0 0.0 0.0
vn 1.0 0.0 0.0
vn 1.0 0.0 0.0
vn 0.9163 0.3788 -0.1302
vn 0.9163 0.3788 -0.1302
vn 0.9163 0.3788 -0.1302
vn 0.9195 0.3713 -0.1286
vn 0.9195 0.3713 -0.1286
vn 0.9195 0.3713 -0.1286
vn 0.4252 0.9038 0.0476
vn 0.4252 0.9038 0.0476
vn 0.4252 0.9038 0.0476
vn 0.3815 0.9207 0.0827
vn 0.3815 0.9207 0.0827
vn 0.3815 0.9207 0.0827
vn -0.3731 0.8991 0.229
vn -0.3731 0.8991 0.229
vn -0.3731 0.8991 0.229
vn -0.307 0.9175 0.2531
vn -0.307 0.9175 0.2531
vn -0.307 0.9175 0.2531
vn -0.8887 0.3799 0.2567
vn -0.8887 0.3799 0.2567
vn -0.8887 0.3799 0.2567
vn -0.8914 0.3699 0.2618
vn -0.8914 0.3699 0.2618
vn -0.8914 0.3699 0.2618
vn -0.9186 -0.3812 0.1039
vn -0.9186 -0.3812 0.1039
vn -0.9186 -0.3812 0.1039
vn -0.9241 -0.369 0.0994
vn -0.9241 -0.369 0.0994
vn -0.9241 -0.369 0.0994
vn -0.382 -0.9205 -0.0819
vn -0.382 -0.9205 -0.0819
vn -0.382 -0.9205 -0.0819
vn -0.4407 -0.8923 -0.0979
vn -0.4407 -0.8923 -0.0979
vn -0.4407 -0.8923 -0.0979
vn 0.3746 -0.904 -0.2062
vn 0.3746 -0.904 -0.2062
vn 0.3746 -0.904 -0.2062
vn 0.321 -0.9207 -0.2217
vn 0.321 -0.9207 -0.2217
vn 0.321 -0.9207 -0.2217
vn 0.8987 -0.3716 -0.2329
vn 0.8987 -0.3716 -0.2329
vn 0.8987 -0.3716 -0.2329
vn 0.8963 -0.3792 -0.2301
vn 0.8963 -0.3792 -0.2301
vn 0.8963 -0.3792 -0.2301
vn 0.7967 0.3789 -0.4709
vn 0.7967 0.3789 -0.4709
vn 0.7967 0.3789 -0.4709
vn 0.7998 0.3726 -0.4707
vn 0.7998 0.3726 -0.4707
vn 0.7998 0.3726 -0.4707
vn 0.4111 0.9037 -0.1196
vn 0.4111 0.9037 -0.1196
vn 0.4111 0.9037 -0.1196
vn 0.3839 0.9207 -0.0701
vn 0.3839 0.9207 -0.0701
vn 0.3839 0.9207 -0.0701
vn -0.2574 0.8993 0.3534
vn -0.2574 0.8993 0.3534
vn -0.2574 0.8993 0.3534
vn -0.1873 0.9177 0.3504
vn -0.1873 0.9177 0.3504
vn -0.1873 0.9177 0.3504
vn -0.723 0.3811 0.5763
vn -0.723 0.3811 0.5763
vn -0.723 0.3811 0.5763
vn -0.7236 0.3688 0.5834
vn -0.7236 0.3688 0.5834
vn -0.7236 0.3688 0.5834
vn -0.8095 -0.3805 0.447
vn -0.8095 -0.3805 0.447
vn -0.8095 -0.3805 0.447
vn -0.8158 -0.3692 0.4451
vn -0.8158 -0.3692 0.4451
vn -0.8158 -0.3692 0.4451
vn -0.3842 -0.9206 0.0696
vn -0.3842 -0.9206 0.0696
vn -0.3842 -0.9206 0.0696
vn -0.4439 -0.8927 0.0771
vn -0.4439 -0.8927 0.0771
vn -0.4439 -0.8927 0.0771
vn 0.267 -0.904 -0.3339
vn 0.267 -0.904 -0.3339
vn 0.267 -0.904 -0.3339
vn 0.2111 -0.9209 -0.3277
vn 0.2111 -0.9209 -0.3277
vn 0.2111 -0.9209 -0.3277
vn 0.7408 -0.3721 -0.5592
vn 0.7408 -0.3721 -0.5592
vn 0.7408 -0.3721 -0.5592
vn 0.7396 -0.3794 -0.5559
vn 0.7396 -0.3794 -0.5559
vn 0.7396 -0.3794 -0.5559
vn 0.5557 0.3799 -0.7395
vn 0.5557 0.3799 -0.7395
vn 0.5557 0.3799 -0.7395
vn 0.5595 0.3716 -0.7409
vn 0.5595 0.3716 -0.7409
vn 0.5595 0.3716 -0.7409
vn 0.3337 0.9044 -0.2657
vn 0.3337 0.9044 -0.2657
vn 0.3337 0.9044 -0.2657
vn 0.3279 0.9205 -0.2126
vn 0.3279 0.9205 -0.2126
vn 0.3279 0.9205 -0.2126
vn -0.1019 0.8994 0.4251
vn -0.1019 0.8994 0.4251
vn -0.1019 0.8994 0.4251
vn -0.0372 0.918 0.3949
vn -0.0372 0.918 0.3949
vn -0.0372 0.918 0.3949
vn -0.447 0.3801 0.8098
vn -0.447 0.3801 0.8098
vn -0.447 0.3801 0.8098
vn -0.4452 0.3698 0.8155
vn -0.4452 0.3698 0.8155
vn -0.4452 0.3698 0.8155
vn -0.5766 -0.3806 0.723
vn -0.5766 -0.3806 0.723
vn -0.5766 -0.3806 0.723
vn -0.5831 -0.3694 0.7236
vn -0.5831 -0.3694 0.7236
vn -0.5831 -0.3694 0.7236
vn -0.3268 -0.9212 0.2109
vn -0.3268 -0.9212 0.2109
vn -0.3268 -0.9212 0.2109
vn -0.3818 -0.8919 0.2423
vn -0.3818 -0.8919 0.2423
vn -0.3818 -0.8919 0.2423
vn 0.1184 -0.9041 -0.4105
vn 0.1184 -0.9041 -0.4105
vn 0.1184 -0.9041 -0.4105
vn 0.0701 -0.9207 -0.3839
vn 0.0701 -0.9207 -0.3839
vn 0.0701 -0.9207 -0.3839
vn 0.4707 -0.3721 -0.8
vn 0.4707 -0.3721 -0.8
vn 0.4707 -0.3721 -0.8
vn 0.4709 -0.3794 -0.7965
vn 0.4709 -0.3794 -0.7965
vn 0.4709 -0.3794 -0.7965
vn -0.1301 0.3783 -0.9165
vn -0.1301 0.3783 -0.9165
vn -0.1301 0.3783 -0.9165
vn -0.1287 0.3719 -0.9193
vn -0.1287 0.3719 -0.9193
vn -0.1287 0.3719 -0.9193
vn 0.0471 0.904 -0.425
vn 0.0471 0.904 -0.425
vn 0.0471 0.904 -0.425
vn 0.083 0.9212 -0.3802
vn 0.083 0.9212 -0.3802
vn 0.083 0.9212 -0.3802
vn 0.2289 0.8996 0.3719
vn 0.2289 0.8996 0.3719
vn 0.2289 0.8996 0.3719
vn 0.2524 0.9175 0.3073
vn 0.2524 0.9175 0.3073
vn 0.2524 0.9175 0.3073
vn 0.2565 0.3804 0.8885
vn 0.2565 0.3804 0.8885
vn 0.2565 0.3804 0.8885
vn 0.2621 0.3694 0.8915
vn 0.2621 0.3694 0.8915
vn 0.2621 0.3694 0.8915
vn 0.1039 -0.3812 0.9186
vn 0.1039 -0.3812 0.9186
vn 0.1039 -0.3812 0.9186
vn 0.0992 -0.3685 0.9243
vn 0.0992 -0.3685 0.9243
vn 0.0992 -0.3685 0.9243
vn -0.0825 -0.9205 0.382
vn -0.0825 -0.9205 0.382
vn -0.0825 -0.9205 0.382
vn -0.0982 -0.8928 0.4396
vn -0.0982 -0.8928 0.4396
vn -0.0982 -0.8928 0.4396
vn -0.2062 -0.904 -0.3746
vn -0.2062 -0.904 -0.3746
vn -0.2062 -0.904 -0.3746
vn -0.2221 -0.9212 -0.3195
vn -0.2221 -0.9212 -0.3195
vn -0.2221 -0.9212 -0.3195
vn -0.2329 -0.3716 -0.8987
vn -0.2329 -0.3716 -0.8987
vn -0.2329 -0.3716 -0.8987
vn -0.2303 -0.3787 -0.8964
vn -0.2303 -0.3787 -0.8964
vn -0.2303 -0.3787 -0.8964
vn -0.4709 0.3794 -0.7965
vn -0.4709 0.3794 -0.7965
vn -0.4709 0.3794 -0.7965
vn -0.4707 0.3721 -0.8
vn -0.4707 0.3721 -0.8
vn -0.4707 0.3721 -0.8
vn -0.1184 0.9041 -0.4105
vn -0.1184 0.9041 -0.4105
vn -0.1184 0.9041 -0.4105
vn -0.0701 0.9207 -0.3839
vn -0.0701 0.9207 -0.3839
vn -0.0701 0.9207 -0.3839
vn 0.3534 0.8993 0.2574
vn 0.3534 0.8993 0.2574
vn 0.3534 0.8993 0.2574
vn 0.3503 0.9181 0.1855
vn 0.3503 0.9181 0.1855
vn 0.3503 0.9181 0.1855
vn 0.5766 0.3806 0.723
vn 0.5766 0.3806 0.723
vn 0.5766 0.3806 0.723
vn 0.5831 0.3694 0.7236
vn 0.5831 0.3694 0.7236
vn 0.5831 0.3694 0.7236
vn 0.447 -0.38 0.8098
vn 0.447 -0.38 0.8098
vn 0.447 -0.38 0.8098
vn 0.4452 -0.3698 0.8155
vn 0.4452 -0.3698 0.8155
vn 0.4452 -0.3698 0.8155
vn 0.0694 -0.9212 0.383
vn 0.0694 -0.9212 0.383
vn 0.0694 -0.9212 0.383
vn 0.0773 -0.892 0.4453
vn 0.0773 -0.892 0.4453
vn 0.0773 -0.892 0.4453
vn -0.3337 -0.9044 -0.2657
vn -0.3337 -0.9044 -0.2657
vn -0.3337 -0.9044 -0.2657
vn -0.3279 -0.9205 -0.2126
vn -0.3279 -0.9205 -0.2126
vn -0.3279 -0.9205 -0.2126
vn -0.5595 -0.3716 -0.7409
vn -0.5595 -0.3716 -0.7409
vn -0.5595 -0.3716 -0.7409
vn -0.5557 -0.3799 -0.7395
vn -0.5557 -0.3799 -0.7395
vn -0.5557 -0.3799 -0.7395
vn -0.7396 0.3794 -0.5559
vn -0.7396 0.3794 -0.5559
vn -0.7396 0.3794 -0.5559
vn -0.7408 0.3721 -0.5592
vn -0.7408 0.3721 -0.5592
vn -0.7408 0.3721 -0.5592
vn -0.267 0.904 -0.3339
vn -0.267 0.904 -0.3339
vn -0.267 0.904 -0.3339
vn -0.2111 0.9209 -0.3277
vn -0.2111 0.9209 -0.3277
vn -0.2111 0.9209 -0.3277
vn 0.4245 0.8998 0.1007
vn 0.4245 0.8998 0.1007
vn 0.4245 0.8998 0.1007
vn 0.3956 0.9176 0.0388
vn 0.3956 0.9176 0.0388
vn 0.3956 0.9176 0.0388
vn 0.8095 0.3805 0.447
vn 0.8095 0.3805 0.447
vn 0.8095 0.3805 0.447
vn 0.8158 0.3692 0.4451
vn 0.8158 0.3692 0.4451
vn 0.8158 0.3692 0.4451
vn 0.723 -0.3811 0.5763
vn 0.723 -0.3811 0.5763
vn 0.723 -0.3811 0.5763
vn 0.7236 -0.3688 0.5834
vn 0.7236 -0.3688 0.5834
vn 0.7236 -0.3688 0.5834
vn 0.2115 -0.9207 0.3279
vn 0.2115 -0.9207 0.3279
vn 0.2115 -0.9207 0.3279
vn 0.2416 -0.8926 0.3806
vn 0.2416 -0.8926 0.3806
vn 0.2416 -0.8926 0.3806
vn -0.4111 -0.9037 -0.1196
vn -0.4111 -0.9037 -0.1196
vn -0.4111 -0.9037 -0.1196
vn -0.3831 -0.9211 -0.0687
vn -0.3831 -0.9211 -0.0687
vn -0.3831 -0.9211 -0.0687
vn -0.7998 -0.3726 -0.4707
vn -0.7998 -0.3726 -0.4707
vn -0.7998 -0.3726 -0.4707
vn -0.7967 -0.3789 -0.4709
vn -0.7967 -0.3789 -0.4709
vn -0.7967 -0.3789 -0.4709
vn -0.8963 0.3792 -0.2301
vn -0.8963 0.3792 -0.2301
vn -0.8963 0.3792 -0.2301
vn -0.8987 0.3716 -0.2329
vn -0.8987 0.3716 -0.2329
vn -0.8987 0.3716 -0.2329
vn -0.3746 0.904 -0.2062
vn -0.3746 0.904 -0.2062
vn -0.3746 0.904 -0.2062
vn -0.321 0.9207 -0.2217
vn -0.321 0.9207 -0.2217
vn -0.321 0.9207 -0.2217
vn 0.4317 0.8994 -0.0684
vn 0.4317 0.8994 -0.0684
vn 0.4317 0.8994 -0.0684
vn 0.3807 0.9175 -0.1151
vn 0.3807 0.9175 -0.1151
vn 0.3807 0.9175 -0.1151
vn 0.9186 0.3812 0.1039
vn 0.9186 0.3812 0.1039
vn 0.9186 0.3812 0.1039
vn 0.9241 0.369 0.0994
vn 0.9241 0.369 0.0994
vn 0.9241 0.369 0.0994
vn 0.8887 -0.3799 0.2567
vn 0.8887 -0.3799 0.2567
vn 0.8887 -0.3799 0.2567
vn 0.8914 -0.3699 0.2618
vn 0.8914 -0.3699 0.2618
vn 0.8914 -0.3699 0.2618
vn 0.3201 -0.9211 0.2216
vn 0.3201 -0.9211 0.2216
vn 0.3201 -0.9211 0.2216
vn 0.3701 -0.8918 0.2603
vn 0.3701 -0.8918 0.2603
vn 0.3701 -0.8918 0.2603
vn -0.424 -0.9044 0.0479
vn -0.424 -0.9044 0.0479
vn -0.424 -0.9044 0.0479
vn -0.3815 -0.9207 0.082
vn -0.3815 -0.9207 0.082
vn -0.3815 -0.9207 0.082
vn -0.9195 -0.3713 -0.1286
vn -0.9195 -0.3713 -0.1286
vn -0.9195 -0.3713 -0.1286
vn -0.9163 -0.3788 -0.1302
vn -0.9163 -0.3788 -0.1302
vn -0.9163 -0.3788 -0.1302
vn -0.9163 0.3788 0.1302
vn -0.9163 0.3788 0.1302
vn -0.9163 0.3788 0.1302
vn -0.9195 0.3713 0.1286
vn -0.9195 0.3713 0.1286
vn -0.9195 0.3713 0.1286
vn -0.424 0.9044 -0.0479
vn -0.424 0.9044 -0.0479
vn -0.424 0.9044 -0.0479
vn -0.3815 0.9207 -0.082
vn -0.3815 0.9207 -0.082
vn -0.3815 0.9207 -0.082
vn 0.3732 0.8992 -0.2284
vn 0.3732 0.8992 -0.2284
vn 0.3732 0.8992 -0.2284
vn 0.3057 0.9179 -0.2529
vn 0.3057 0.9179 -0.2529
vn 0.3057 0.9179 -0.2529
vn 0.8887 0.3799 -0.2567
vn 0.8887 0.3799 -0.2567
vn 0.8887 0.3799 -0.2567
vn 0.8914 0.3699 -0.2618
vn 0.8914 0.3699 -0.2618
vn 0.8914 0.3699 -0.2618
vn 0.9186 -0.3812 -0.1039
vn 0.9186 -0.3812 -0.1039
vn 0.9186 -0.3812 -0.1039
vn 0.9241 -0.369 -0.0994
vn 0.9241 -0.369 -0.0994
vn 0.9241 -0.369 -0.0994
vn 0.382 -0.9205 0.0819
vn 0.382 -0.9205 0.0819
vn 0.382 -0.9205 0.0819
vn 0.4407 -0.8923 0.0979
vn 0.4407 -0.8923 0.0979
vn 0.4407 -0.8923 0.0979
vn -0.3746 -0.904 0.2062
vn -0.3746 -0.904 0.2062
vn -0.3746 -0.904 0.2062
vn -0.321 -0.9207 0.2217
vn -0.321 -0.9207 0.2217
vn -0.321 -0.9207 0.2217
vn -0.8987 -0.3716 0.2329
vn -0.8987 -0.3716 0.2329
vn -0.8987 -0.3716 0.2329
vn -0.8963 -0.3792 0.2301
vn -0.8963 -0.3792 0.2301
vn -0.8963 -0.3792 0.2301
vn -0.7967 0.3789 0.4709
vn -0.7967 0.3789 0.4709
vn -0.7967 0.3789 0.4709
vn -0.7998 0.3726 0.4707
vn -0.7998 0.3726 0.4707
vn -0.7998 0.3726 0.4707
vn -0.4111 0.9037 0.1196
vn -0.4111 0.9037 0.1196
vn -0.4111 0.9037 0.1196
vn -0.3831 0.9211 0.0687
vn -0.3831 0.9211 0.0687
vn -0.3831 0.9211 0.0687
vn 0.2561 0.8997 -0.3534
vn 0.2561 0.8997 -0.3534
vn 0.2561 0.8997 -0.3534
vn 0.1872 0.9177 -0.3504
vn 0.1872 0.9177 -0.3504
vn 0.1872 0.9177 -0.3504
vn 0.723 0.3811 -0.5763
vn 0.723 0.3811 -0.5763
vn 0.723 0.3811 -0.5763
vn 0.7236 0.3688 -0.5834
vn 0.7236 0.3688 -0.5834
vn 0.7236 0.3688 -0.5834
vn 0.8095 -0.3805 -0.447
vn 0.8095 -0.3805 -0.447
vn 0.8095 -0.3805 -0.447
vn 0.8158 -0.3692 -0.4451
vn 0.8158 -0.3692 -0.4451
vn 0.8158 -0.3692 -0.4451
vn 0.3842 -0.9206 -0.0696
vn 0.3842 -0.9206 -0.0696
vn 0.3842 -0.9206 -0.0696
vn 0.4439 -0.8927 -0.0771
vn 0.4439 -0.8927 -0.0771
vn 0.4439 -0.8927 -0.0771
vn -0.267 -0.904 0.3339
vn -0.267 -0.904 0.3339
vn -0.267 -0.904 0.3339
vn -0.2111 -0.9209 0.3277
vn -0.2111 -0.9209 0.3277
vn -0.2111 -0.9209 0.3277
vn -0.7408 -0.3721 0.5592
vn -0.7408 -0.3721 0.5592
vn -0.7408 -0.3721 0.5592
vn -0.7396 -0.3794 0.5559
vn -0.7396 -0.3794 0.5559
vn -0.7396 -0.3794 0.5559
vn -0.5557 0.3799 0.7395
vn -0.5557 0.3799 0.7395
vn -0.5557 0.3799 0.7395
vn -0.5592 0.3721 0.7408
vn -0.5592 0.3721 0.7408
vn -0.5592 0.3721 0.7408
vn -0.3339 0.904 0.267
vn -0.3339 0.904 0.267
vn -0.3339 0.904 0.267
vn -0.3279 0.9205 0.2126
vn -0.3279 0.9205 0.2126
vn -0.3279 0.9205 0.2126
vn 0.1019 0.8994 -0.4251
vn 0.1019 0.8994 -0.4251
vn 0.1019 0.8994 -0.4251
vn 0.0388 0.9176 -0.3956
vn 0.0388 0.9176 -0.3956
vn 0.0388 0.9176 -0.3956
vn 0.447 0.3805 -0.8095
vn 0.447 0.3805 -0.8095
vn 0.447 0.3805 -0.8095
vn 0.4452 0.3698 -0.8155
vn 0.4452 0.3698 -0.8155
vn 0.4452 0.3698 -0.8155
vn 0.5766 -0.3806 -0.723
vn 0.5766 -0.3806 -0.723
vn 0.5766 -0.3806 -0.723
vn 0.5831 -0.3694 -0.7236
vn 0.5831 -0.3694 -0.7236
vn 0.5831 -0.3694 -0.7236
vn 0.3268 -0.9212 -0.2109
vn 0.3268 -0.9212 -0.2109
vn 0.3268 -0.9212 -0.2109
vn 0.3818 -0.8919 -0.2423
vn 0.3818 -0.8919 -0.2423
vn 0.3818 -0.8919 -0.2423
vn -0.1184 -0.9041 0.4105
vn -0.1184 -0.9041 0.4105
vn -0.1184 -0.9041 0.4105
vn -0.0701 -0.9207 0.3839
vn -0.0701 -0.9207 0.3839
vn -0.0701 -0.9207 0.3839
vn -0.4707 -0.3721 0.8
vn -0.4707 -0.3721 0.8
vn -0.4707 -0.3721 0.8
vn -0.4709 -0.3794 0.7965
vn -0.4709 -0.3794 0.7965
vn -0.4709 -0.3794 0.7965
vn -0.2303 0.3792 0.8962
vn -0.2303 0.3792 0.8962
vn -0.2303 0.3792 0.8962
vn -0.2331 0.3715 0.8987
vn -0.2331 0.3715 0.8987
vn -0.2331 0.3715 0.8987
vn -0.2067 0.9039 0.3745
vn -0.2067 0.9039 0.3745
vn -0.2067 0.9039 0.3745
vn -0.2223 0.9207 0.3208
vn -0.2223 0.9207 0.3208
vn -0.2223 0.9207 0.3208
vn -0.069 0.8993 -0.4319
vn -0.069 0.8993 -0.4319
vn -0.069 0.8993 -0.4319
vn -0.1159 0.9174 -0.3807
vn -0.1159 0.9174 -0.3807
vn -0.1159 0.9174 -0.3807
vn 0.1035 0.3812 -0.9187
vn 0.1035 0.3812 -0.9187
vn 0.1035 0.3812 -0.9187
vn 0.099 0.369 -0.9241
vn 0.099 0.369 -0.9241
vn 0.099 0.369 -0.9241
vn 0.2565 -0.3804 -0.8885
vn 0.2565 -0.3804 -0.8885
vn 0.2565 -0.3804 -0.8885
vn 0.2621 -0.3694 -0.8915
vn 0.2621 -0.3694 -0.8915
vn 0.2621 -0.3694 -0.8915
vn 0.2218 -0.9206 -0.3213
vn 0.2218 -0.9206 -0.3213
vn 0.2218 -0.9206 -0.3213
vn 0.2596 -0.892 -0.3701
vn 0.2596 -0.892 -0.3701
vn 0.2596 -0.892 -0.3701
vn 0.0471 -0.904 0.425
vn 0.0471 -0.904 0.425
vn 0.0471 -0.904 0.425
vn 0.082 -0.9207 0.3815
vn 0.082 -0.9207 0.3815
vn 0.082 -0.9207 0.3815
vn -0.1287 -0.3719 0.9193
vn -0.1287 -0.3719 0.9193
vn -0.1287 -0.3719 0.9193
vn -0.1301 -0.3783 0.9165
vn -0.1301 -0.3783 0.9165
vn -0.1301 -0.3783 0.9165
vn 0.1302 0.3788 0.9163
vn 0.1302 0.3788 0.9163
vn 0.1302 0.3788 0.9163
vn 0.1287 0.3719 0.9193
vn 0.1287 0.3719 0.9193
vn 0.1287 0.3719 0.9193
vn -0.0471 0.904 0.425
vn -0.0471 0.904 0.425
vn -0.0471 0.904 0.425
vn -0.082 0.9207 0.3815
vn -0.082 0.9207 0.3815
vn -0.082 0.9207 0.3815
vn -0.2284 0.8992 -0.3732
vn -0.2284 0.8992 -0.3732
vn -0.2284 0.8992 -0.3732
vn -0.2524 0.9175 -0.3073
vn -0.2524 0.9175 -0.3073
vn -0.2524 0.9175 -0.3073
vn -0.2565 0.3804 -0.8885
vn -0.2565 0.3804 -0.8885
vn -0.2565 0.3804 -0.8885
vn -0.2618 0.3699 -0.8914
vn -0.2618 0.3699 -0.8914
vn -0.2618 0.3699 -0.8914
vn -0.1037 -0.3807 -0.9189
vn -0.1037 -0.3807 -0.9189
vn -0.1037 -0.3807 -0.9189
vn -0.0994 -0.369 -0.9241
vn -0.0994 -0.369 -0.9241
vn -0.0994 -0.369 -0.9241
vn 0.0825 -0.9205 -0.382
vn 0.0825 -0.9205 -0.382
vn 0.0825 -0.9205 -0.382
vn 0.0986 -0.8921 -0.4409
vn 0.0986 -0.8921 -0.4409
vn 0.0986 -0.8921 -0.4409
vn 0.2067 -0.9039 0.3745
vn 0.2067 -0.9039 0.3745
vn 0.2067 -0.9039 0.3745
vn 0.2223 -0.9207 0.3208
vn 0.2223 -0.9207 0.3208
vn 0.2223 -0.9207 0.3208
vn 0.2331 -0.371 0.8989
vn 0.2331 -0.371 0.8989
vn 0.2331 -0.371 0.8989
vn 0.2301 -0.3792 0.8963
vn 0.2301 -0.3792 0.8963
vn 0.2301 -0.3792 0.8963
vn 0.4522 0.3803 0.8067
vn 0.4522 0.3803 0.8067
vn 0.4522 0.3803 0.8067
vn 0.4524 0.3706 0.8112
vn 0.4524 0.3706 0.8112
vn 0.4524 0.3706 0.8112
vn 0.0802 0.8925 0.4438
vn 0.0802 0.8925 0.4438
vn 0.0802 0.8925 0.4438
vn 0.0101 0.9139 0.4058
vn 0.0101 0.9139 0.4058
vn 0.0101 0.9139 0.4058
vn -0.4055 0.8849 -0.2294
vn -0.4055 0.8849 -0.2294
vn -0.4055 0.8849 -0.2294
vn -0.4012 0.9067 -0.13
vn -0.4012 0.9067 -0.13
vn -0.4012 0.9067 -0.13
vn -0.6011 0.3822 -0.7018
vn -0.6011 0.3822 -0.7018
vn -0.6011 0.3822 -0.7018
vn -0.6093 0.3658 -0.7035
vn -0.6093 0.3658 -0.7035
vn -0.6093 0.3658 -0.7035
vn -0.4181 -0.3816 -0.8244
vn -0.4181 -0.3816 -0.8244
vn -0.4181 -0.3816 -0.8244
vn -0.4166 -0.3662 -0.8321
vn -0.4166 -0.3662 -0.8321
vn -0.4166 -0.3662 -0.8321
vn -0.0101 -0.9139 -0.4058
vn -0.0101 -0.9139 -0.4058
vn -0.0101 -0.9139 -0.4058
vn -0.0233 -0.8726 -0.488
vn -0.0233 -0.8726 -0.488
vn -0.0233 -0.8726 -0.488
vn 0.3792 -0.8928 0.2432
vn 0.3792 -0.8928 0.2432
vn 0.3792 -0.8928 0.2432
vn 0.3711 -0.9137 0.1655
vn 0.3711 -0.9137 0.1655
vn 0.3711 -0.9137 0.1655
vn 0.5767 -0.3701 0.7283
vn 0.5767 -0.3701 0.7283
vn 0.5767 -0.3701 0.7283
vn 0.5723 -0.3809 0.7262
vn 0.5723 -0.3809 0.7262
vn 0.5723 -0.3809 0.7262
vn 0.7523 0.3787 0.539
vn 0.7523 0.3787 0.539
vn 0.7523 0.3787 0.539
vn 0.753 0.374 0.5415
vn 0.753 0.374 0.5415
vn 0.753 0.374 0.5415
vn 0.2904 0.9128 0.2871
vn 0.2904 0.9128 0.2871
vn 0.2904 0.9128 0.2871
vn 0.2589 0.9234 0.2833
vn 0.2589 0.9234 0.2833
vn 0.2589 0.9234 0.2833
vn -0.3854 0.9108 -0.1482
vn -0.3854 0.9108 -0.1482
vn -0.3854 0.9108 -0.1482
vn -0.368 0.9231 -0.1114
vn -0.368 0.9231 -0.1114
vn -0.368 0.9231 -0.1114
vn -0.7941 0.3791 -0.4751
vn -0.7941 0.3791 -0.4751
vn -0.7941 0.3791 -0.4751
vn -0.7979 0.3729 -0.4736
vn -0.7979 0.3729 -0.4736
vn -0.7979 0.3729 -0.4736
vn -0.7432 -0.3796 -0.551
vn -0.7432 -0.3796 -0.551
vn -0.7432 -0.3796 -0.551
vn -0.7433 -0.372 -0.556
vn -0.7433 -0.372 -0.556
vn -0.7433 -0.372 -0.556
vn -0.2583 -0.9237 -0.2829
vn -0.2583 -0.9237 -0.2829
vn -0.2583 -0.9237 -0.2829
vn -0.2756 -0.9081 -0.3152
vn -0.2756 -0.9081 -0.3152
vn -0.2756 -0.9081 -0.3152
vn 0.3764 -0.9126 0.1594
vn 0.3764 -0.9126 0.1594
vn 0.3764 -0.9126 0.1594
vn 0.3594 -0.9242 0.1292
vn 0.3594 -0.9242 0.1292
vn 0.3594 -0.9242 0.1292
vn 0.7879 -0.3745 0.4889
vn 0.7879 -0.3745 0.4889
vn 0.7879 -0.3745 0.4889
vn 0.7862 -0.3777 0.4891
vn 0.7862 -0.3777 0.4891
vn 0.7862 -0.3777 0.4891
vn 0.8963 0.3792 0.2301
vn 0.8963 0.3792 0.2301
vn 0.8963 0.3792 0.2301
vn 0.8987 0.3716 0.2329
vn 0.8987 0.3716 0.2329
vn 0.8987 0.3716 0.2329
vn 0.3746 0.904 0.2062
vn 0.3746 0.904 0.2062
vn 0.3746 0.904 0.2062
vn 0.321 0.9207 0.2217
vn 0.321 0.9207 0.2217
vn 0.321 0.9207 0.2217
vn -0.4317 0.8994 0.0684
vn -0.4317 0.8994 0.0684
vn -0.4317 0.8994 0.0684
vn -0.3807 0.9175 0.1151
vn -0.3807 0.9175 0.1151
vn -0.3807 0.9175 0.1151
vn -0.9186 0.3812 -0.1039
vn -0.9186 0.3812 -0.1039
vn -0.9186 0.3812 -0.1039
vn -0.9241 0.369 -0.0994
vn -0.9241 0.369 -0.0994
vn -0.9241 0.369 -0.0994
vn -0.8887 -0.3799 -0.2567
vn -0.8887 -0.3799 -0.2567
vn -0.8887 -0.3799 -0.2567
vn -0.8914 -0.3699 -0.2618
vn -0.8914 -0.3699 -0.2618
vn -0.8914 -0.3699 -0.2618
vn -0.3201 -0.9211 -0.2216
vn -0.3201 -0.9211 -0.2216
vn -0.3201 -0.9211 -0.2216
vn -0.3701 -0.8918 -0.2603
vn -0.3701 -0.8918 -0.2603
vn -0.3701 -0.8918 -0.2603
vn 0.424 -0.9044 -0.0479
vn 0.424 -0.9044 -0.0479
vn 0.424 -0.9044 -0.0479
vn 0.3815 -0.9207 -0.082
vn 0.3815 -0.9207 -0.082
vn 0.3815 -0.9207 -0.082
vn 0.9195 -0.3713 0.1286
vn 0.9195 -0.3713 0.1286
vn 0.9195 -0.3713 0.1286
vn 0.9163 -0.3788 0.1302
vn 0.9163 -0.3788 0.1302
vn 0.9163 -0.3788 0.1302
vn -0.1029 0.3814 0.9187
vn -0.1029 0.3814 0.9187
vn -0.1029 0.3814 0.9187
vn -0.098 0.3684 0.9245
vn -0.098 0.3684 0.9245
vn -0.098 0.3684 0.9245
vn -0.2577 -0.3805 0.8882
vn -0.2577 -0.3805 0.8882
vn -0.2577 -0.3805 0.8882
vn -0.2633 -0.3696 0.8911
vn -0.2633 -0.3696 0.8911
vn -0.2633 -0.3696 0.8911
vn -0.2309 -0.8995 0.371
vn -0.2309 -0.8995 0.371
vn -0.2309 -0.8995 0.371
vn -0.2548 -0.9172 0.3062
vn -0.2548 -0.9172 0.3062
vn -0.2548 -0.9172 0.3062
vn -0.0489 -0.9036 -0.4256
vn -0.0489 -0.9036 -0.4256
vn -0.0489 -0.9036 -0.4256
vn -0.0851 -0.9206 -0.381
vn -0.0851 -0.9206 -0.381
vn -0.0851 -0.9206 -0.381
vn 0.1292 -0.3787 -0.9165
vn 0.1292 -0.3787 -0.9165
vn 0.1292 -0.3787 -0.9165
vn 0.1277 -0.3718 -0.9195
vn 0.1277 -0.3718 -0.9195
vn 0.1277 -0.3718 -0.9195
vn 0.2334 0.3721 -0.8984
vn 0.2334 0.3721 -0.8984
vn 0.2334 0.3721 -0.8984
vn 0.231 0.3787 -0.8962
vn 0.231 0.3787 -0.8962
vn 0.231 0.3787 -0.8962
vn 0.2016 0.9227 -0.3287
vn 0.2016 0.9227 -0.3287
vn 0.2016 0.9227 -0.3287
vn 0.231 0.899 -0.372
vn 0.231 0.899 -0.372
vn 0.231 0.899 -0.372
vn 0.0846 0.9199 0.3829
vn 0.0846 0.9199 0.3829
vn 0.0846 0.9199 0.3829
vn 0.1005 0.8922 0.4403
vn 0.1005 0.8922 0.4403
vn 0.1005 0.8922 0.4403
vn -1.0 0.0 -0.0075
vn -1.0 0.0 -0.0075
vn -1.0 0.0 -0.0075
vn -1.0 0.0 -0.0047
vn -1.0 0.0 -0.0047
vn -1.0 0.0 -0.0047
vn -1.0 0.0006 -0.006
vn -1.0 0.0006 -0.006
vn -1.0 0.0006 -0.006
vn -1.0 -0.0005 -0.005
vn -1.0 -0.0005 -0.005
vn -1.0 -0.0005 -0.005
vn -1.0 0.0007 -0.0055
vn -1.0 0.0007 -0.0055
vn -1.0 0.0007 -0.0055
vn -1.0 -0.0019 -0.0055
vn -1.0 -0.0019 -0.0055
vn -1.0 -0.0019 -0.0055
vn 1.0 0.0 0.0
vn 1.0 0.0 0.0
vn 1.0 0.0 0.0
vn 1.0 0.0 0.0
vn 1.0 0.0 0.0
vn 1.0 0.0 0.0
vn 1.0 0.0 0.0
vn 1.0 0.0 0.0
vn 1.0 0.0 0.0
vn 1.0 0.0 0.0
vn 1.0 0.0 0.0
vn 1.0 0.0 0.0
vn 1.0 0.0 0.0
vn 1.0 0.0 0.0
vn 1.0 0.0 0.0
vn 1.0 0.0 0.0
vn 1.0 0.0 0.0
vn 1.0 0.0 0.0
f 17/1/1 1/2/2 2/3/3
f 18/4/4 17/5/5 2/6/6
f 17/7/7 18/8/8 34/9/9
f 17/10/10 34/11/11 33/12/12
f 49/13/13 33/14/14 34/15/15
f 49/16/16 34/17/17 50/18/18
f 49/19/19 50/20/20 66/21/21
f 49/22/22 66/23/23 65/24/24
f 82/25/25 81/26/26 65/27/27
f 82/28/28 65/29/29 66/30/30
f 98/31/31 97/32/32 81/33/33
f 98/34/34 81/35/35 82/36/36
f 114/37/37 113/38/38 97/39/39
f 97/40/40 98/41/41 114/42/42
f 1/43/43 113/44/44 114/45/45
f 2/46/46 1/47/47 114/48/48
f 18/49/49 2/50/50 3/51/51
f 19/52/52 18/53/53 3/54/54
f 18/55/55 19/56/56 35/57/57
f 18/58/58 35/59/59 34/60/60
f 50/61/61 34/62/62 35/63/63
f 50/64/64 35/65/65 51/66/66
f 50/67/67 51/68/68 67/69/69
f 50/70/70 67/71/71 66/72/72
f 83/73/73 82/74/74 66/75/75
f 83/76/76 66/77/77 67/78/78
f 99/79/79 98/80/80 82/81/81
f 99/82/82 82/83/83 83/84/84
f 115/85/85 114/86/86 98/87/87
f 98/88/88 99/89/89 115/90/90
f 2/91/91 114/92/92 115/93/93
f 3/94/94 2/95/95 115/96/96
f 19/97/97 3/98/98 4/99/99
f 20/100/100 19/101/101 4/102/102
f 19/103/103 20/104/104 36/105/105
f 19/106/106 36/107/107 35/108/108
f 51/109/109 35/110/110 36/111/111
f 51/112/112 36/113/113 52/114/114
f 51/115/115 52/116/116 68/117/117
f 51/118/118 68/119/119 67/120/120
f 84/121/121 83/122/122 67/123/123
f 84/124/124 67/125/125 68/126/126
f 100/127/127 99/128/128 83/129/129
f 100/130/130 83/131/131 84/132/132
f 116/133/133 115/134/134 99/135/135
f 99/136/136 100/137/137 116/138/138
f 3/139/139 115/140/140 116/141/141
f 4/142/142 3/143/143 116/144/144
f 21/145/145 5/146/146 6/147/147
f 22/148/148 21/149/149 6/150/150
f 21/151/151 22/152/152 38/153/153
f 21/154/154 38/155/155 37/156/156
f 53/157/157 37/158/158 38/159/159
f 53/160/160 38/161/161 54/162/162
f 53/163/163 54/164/164 70/165/165
f 53/166/166 70/167/167 69/168/168
f 86/169/169 85/170/170 69/171/171
f 86/172/172 69/173/173 70/174/174
f 102/175/175 101/176/176 85/177/177
f 102/178/178 85/179/179 86/180/180
f 118/181/181 117/182/182 101/183/183
f 101/184/184 102/185/185 118/186/186
f 5/187/187 117/188/188 118/189/189
f 6/190/190 5/191/191 118/192/192
f 22/193/193 6/194/194 7/195/195
f 23/196/196 22/197/197 7/198/198
f 22/199/199 23/200/200 39/201/201
f 22/202/202 39/203/203 38/204/204
f 54/205/205 38/206/206 39/207/207
f 54/208/208 39/209/209 55/210/210
f 54/211/211 55/212/212 71/213/213
f 54/214/214 71/215/215 70/216/216
f 87/217/217 86/218/218 70/219/219
f 87/220/220 70/221/221 71/222/222
f 103/223/223 102/224/224 86/225/225
f 103/226/226 86/227/227 87/228/228
f 119/229/229 118/230/230 102/231/231
f 102/232/232 103/233/233 119/234/234
f 6/235/235 118/236/236 119/237/237
f 7/238/238 6/239/239 119/240/240
f 23/241/241 7/242/242 8/243/243
f 24/244/244 23/245/245 8/246/246
f 23/247/247 24/248/248 40/249/249
f 23/250/250 40/251/251 39/252/252
f 55/253/253 39/254/254 40/255/255
f 55/256/256 40/257/257 56/258/258
f 55/259/259 56/260/260 72/261/261
f 55/262/262 72/263/263 71/264/264
f 88/265/265 87/266/266 71/267/267
f 88/268/268 71/269/269 72/270/270
f 104/271/271 103/272/272 87/273/273
f 104/274/274 87/275/275 88/276/276
f 120/277/277 119/278/278 103/279/279
f 103/280/280 104/281/281 120/282/282
f 7/283/283 119/284/284 120/285/285
f 8/286/286 7/287/287 120/288/288
f 24/289/289 8/290/290 9/291/291
f 25/292/292 24/293/293 9/294/294
f 24/295/295 25/296/296 41/297/297
f 24/298/298 41/299/299 40/300/300
f 56/301/301 40/302/302 41/303/303
f 56/304/304 41/305/305 57/306/306
f 56/307/307 57/308/308 73/309/309
f 56/310/310 73/311/311 72/312/312
f 89/313/313 88/314/314 72/315/315
f 89/316/316 72/317/317 73/318/318
f 105/319/319 104/320/320 88/321/321
f 105/322/322 88/323/323 89/324/324
f 121/325/325 120/326/326 104/327/327
f 104/328/328 105/329/329 121/330/330
f 8/331/331 120/332/332 121/333/333
f 9/334/334 8/335/335 121/336/336
f 25/337/337 9/338/338 10/339/339
f 26/340/340 25/341/341 10/342/342
f 25/343/343 26/344/344 42/345/345
f 25/346/346 42/347/347 41/348/348
f 57/349/349 41/350/350 42/351/351
f 57/352/352 42/353/353 58/354/354
f 57/355/355 58/356/356 74/357/357
f 57/358/358 74/359/359 73/360/360
f 90/361/361 89/362/362 73/363/363
f 90/364/364 73/365/365 74/366/366
f 106/367/367 105/368/368 89/369/369
f 106/370/370 89/371/371 90/372/372
f 122/373/373 121/374/374 105/375/375
f 105/376/376 106/377/377 122/378/378
f 9/379/379 121/380/380 122/381/381
f 10/382/382 9/383/383 122/384/384
f 26/385/385 10/386/386 11/387/387
f 27/388/388 26/389/389 11/390/390
f 26/391/391 27/392/392 43/393/393
f 26/394/394 43/395/395 42/396/396
f 58/397/397 42/398/398 43/399/399
f 58/400/400 43/401/401 59/402/402
f 58/403/403 59/404/404 75/405/405
f 58/406/406 75/407/407 74/408/408
f 91/409/409 90/410/410 74/411/411
f 91/412/412 74/413/413 75/414/414
f 107/415/415 106/416/416 90/417/417
f 107/418/418 90/419/419 91/420/420
f 123/421/421 122/422/422 106/423/423
f 106/424/424 107/425/425 123/426/426
f 10/427/427 122/428/428 123/429/429
f 11/430/430 10/431/431 123/432/432
f 27/433/433 11/434/434 12/435/435
f 28/436/436 27/437/437 12/438/438
f 27/439/439 28/440/440 44/441/441
f 27/442/442 44/443/443 43/444/444
f 59/445/445 43/446/446 44/447/447
f 59/448/448 44/449/449 60/450/450
f 59/451/451 60/452/452 76/453/453
f 59/454/454 76/455/455 75/456/456
f 92/457/457 91/458/458 75/459/459
f 92/460/460 75/461/461 76/462/462
f 108/463/463 107/464/464 91/465/465
f 108/466/466 91/467/467 92/468/468
f 124/469/469 123/470/470 107/471/471
f 107/472/472 108/473/473 124/474/474
f 11/475/475 123/476/476 124/477/477
f 12/478/478 11/479/479 124/480/480
f 28/481/481 12/482/482 13/483/483
f 29/484/484 28/485/485 13/486/486
f 28/487/487 29/488/488 45/489/489
f 28/490/490 45/491/491 44/492/492
f 60/493/493 44/494/494 45/495/495
f 60/496/496 45/497/497 61/498/498
f 60/499/499 61/500/500 77/501/501
f 60/502/502 77/503/503 76/504/504
f 93/505/505 92/506/506 76/507/507
f 93/508/508 76/509/509 77/510/510
f 109/511/511 108/512/512 92/513/513
f 109/514/514 92/515/515 93/516/516
f 125/517/517 124/518/518 108/519/519
f 108/520/520 109/521/521 125/522/522
f 12/523/523 124/524/524 125/525/525
f 13/526/526 12/527/527 125/528/528
f 29/529/529 13/530/530 14/531/531
f 30/532/532 29/533/533 14/534/534
f 29/535/535 30/536/536 46/537/537
f 29/538/538 46/539/539 45/540/540
f 61/541/541 45/542/542 46/543/543
f 61/544/544 46/545/545 62/546/546
f 61/547/547 62/548/548 78/549/549
f 61/550/550 78/551/551 77/552/552
f 94/553/553 93/554/554 77/555/555
f 94/556/556 77/557/557 78/558/558
f 110/559/559 109/560/560 93/561/561
f 110/562/562 93/563/563 94/564/564
f 126/565/565 125/566/566 109/567/567
f 109/568/568 110/569/569 126/570/570
f 13/571/571 125/572/572 126/573/573
f 14/574/574 13/575/575 126/576/576
f 30/577/577 14/578/578 15/579/579
f 31/580/580 30/581/581 15/582/582
f 30/583/583 31/584/584 47/585/585
f 30/586/586 47/587/587 46/588/588
f 62/589/589 46/590/590 47/591/591
f 62/592/592 47/593/593 63/594/594
f 62/595/595 63/596/596 79/597/597
f 62/598/598 79/599/599 78/600/600
f 95/601/601 94/602/602 78/603/603
f 95/604/604 78/605/605 79/606/606
f 111/607/607 110/608/608 94/609/609
f 111/610/610 94/611/611 95/612/612
f 127/613/613 126/614/614 110/615/615
f 110/616/616 111/617/617 127/618/618
f 14/619/619 126/620/620 127/621/621
f 15/622/622 14/623/623 127/624/624
f 31/625/625 15/626/626 16/627/627
f 32/628/628 31/629/629 16/630/630
f 31/631/631 32/632/632 48/633/633
f 31/634/634 48/635/635 47/636/636
f 63/637/637 47/638/638 48/639/639
f 63/640/640 48/641/641 64/642/642
f 63/643/643 64/644/644 80/645/645
f 63/646/646 80/647/647 79/648/648
f 96/649/649 95/650/650 79/651/651
f 96/652/652 79/653/653 80/654/654
f 112/655/655 111/656/656 95/657/657
f 112/658/658 95/659/659 96/660/660
f 128/661/661 127/662/662 111/663/663
f 111/664/664 112/665/665 128/666/666
f 15/667/667 127/668/668 128/669/669
f 16/670/670 15/671/671 128/672/672
f 32/673/673 16/674/674 1/675/675
f 17/676/676 32/677/677 1/678/678
f 32/679/679 17/680/680 33/681/681
f 32/682/682 33/683/683 48/684/684
f 64/685/685 48/686/686 33/687/687
f 64/688/688 33/689/689 49/690/690
f 64/691/691 49/692/692 65/693/693
f 64/694/694 65/695/695 80/696/696
f 81/697/697 96/698/698 80/699/699
f 81/700/700 80/701/701 65/702/702
f 97/703/703 112/704/704 96/705/705
f 97/706/706 96/707/707 81/708/708
f 113/709/709 128/710/710 112/711/711
f 112/712/712 97/713/713 113/714/714
f 16/715/715 128/716/716 113/717/717
f 1/718/718 16/719/719 113/720/720
f 52/721/721 129/722/722 130/723/723
f 52/724/724 130/725/725 68/726/726
f 131/727/727 84/728/728 68/729/729
f 131/730/730 68/731/731 130/732/732
f 131/733/733 132/734/734 100/735/735
f 131/736/736 100/737/737 84/738/738
f 133/739/739 116/740/740 100/741/741
f 133/742/742 100/743/743 132/744/744
f 133/745/745 134/746/746 4/747/747
f 116/748/748 133/749/749 4/750/750
f 134/751/751 135/752/752 20/753/753
f 4/754/754 134/755/755 20/756/756
f 36/757/757 20/758/758 135/759/759
f 136/760/760 36/761/761 135/762/762
f 36/763/763 136/764/764 129/765/765
f 36/766/766 129/767/767 52/768/768
f 135/769/769 134/770/770 133/771/771
f 136/772/772 135/773/773 133/774/774
f 129/775/775 136/776/776 133/777/777
f 130/778/778 129/779/779 133/780/780
f 131/781/781 130/782/782 133/783/783
f 133/784/784 132/785/785 131/786/786
f 85/787/787 101/788/788 117/789/789
f 69/790/790 85/791/791 117/792/792
f 53/793/793 69/794/794 117/795/795
f 37/796/796 53/797/797 117/798/798
f 21/799/799 37/800/800 117/801/801
f 117/802/802 5/803/803 21/804/804
f 153/805/805 137/806/806 138/807/807
f 154/808/808 153/809/809 138/810/810
f 153/811/811 154/812/812 170/813/813
f 153/814/814 170/815/815 169/816/816
f 185/817/817 169/818/818 170/819/819
f 185/820/820 170/821/821 186/822/822
f 185/823/823 186/824/824 202/825/825
f 185/826/826 202/827/827 201/828/828
f 218/829/829 217/830/830 201/831/831
f 218/832/832 201/833/833 202/834/834
f 234/835/835 233/836/836 217/837/837
f 234/838/838 217/839/839 218/840/840
f 250/841/841 249/842/842 233/843/843
f 233/844/844 234/845/845 250/846/846
f 137/847/847 249/848/848 250/849/849
f 138/850/850 137/851/851 250/852/852
f 154/853/853 138/854/854 139/855/855
f 155/856/856 154/857/857 139/858/858
f 154/859/859 155/860/860 171/861/861
f 154/862/862 171/863/863 170/864/864
f 186/865/865 170/866/866 171/867/867
f 186/868/868 171/869/869 187/870/870
f 186/871/871 187/872/872 203/873/873
f 186/874/874 203/875/875 202/876/876
f 219/877/877 218/878/878 202/879/879
f 219/880/880 202/881/881 203/882/882
f 235/883/883 234/884/884 218/885/885
f 235/886/886 218/887/887 219/888/888
f 251/889/889 250/890/890 234/891/891
f 234/892/892 235/893/893 251/894/894
f 138/895/895 250/896/896 251/897/897
f 139/898/898 138/899/899 251/900/900
f 155/901/901 139/902/902 140/903/903
f 156/904/904 155/905/905 140/906/906
f 155/907/907 156/908/908 172/909/909
f 155/910/910 172/911/911 171/912/912
f 187/913/913 171/914/914 172/915/915
f 187/916/916 172/917/917 188/918/918
f 187/919/919 188/920/920 204/921/921
f 187/922/922 204/923/923 203/924/924
f 220/925/925 219/926/926 203/927/927
f 220/928/928 203/929/929 204/930/930
f 236/931/931 235/932/932 219/933/933
f 236/934/934 219/935/935 220/936/936
f 252/937/937 251/938/938 235/939/939
f 235/940/940 236/941/941 252/942/942
f 139/943/943 251/944/944 252/945/945
f 140/946/946 139/947/947 252/948/948
f 157/949/949 141/950/950 142/951/951
f 158/952/952 157/953/953 142/954/954
f 157/955/955 158/956/956 174/957/957
f 157/958/958 174/959/959 173/960/960
f 189/961/961 173/962/962 174/963/963
f 189/964/964 174/965/965 190/966/966
f 189/967/967 190/968/968 206/969/969
f 189/970/970 206/971/971 205/972/972
f 222/973/973 221/974/974 205/975/975
f 222/976/976 205/977/977 206/978/978
f 238/979/979 237/980/980 221/981/981
f 238/982/982 221/983/983 222/984/984
f 254/985/985 253/986/986 237/987/987
f 237/988/988 238/989/989 254/990/990
f 141/991/991 253/992/992 254/993/993
f 142/994/994 141/995/995 254/996/996
f 158/997/997 142/998/998 143/999/999
f 159/1000/1000 158/1001/1001 143/1002/1002
f 158/1003/1003 159/1004/1004 175/1005/1005
f 158/1006/1006 175/1007/1007 174/1008/1008
f 190/1009/1009 174/1010/1010 175/1011/1011
f 190/1012/1012 175/1013/1013 191/1014/1014
f 190/1015/1015 191/1016/1016 207/1017/1017
f 190/1018/1018 207/1019/1019 206/1020/1020
f 223/1021/1021 222/1022/1022 206/1023/1023
f 223/1024/1024 206/1025/1025 207/1026/1026
f 239/1027/1027 238/1028/1028 222/1029/1029
f 239/1030/1030 222/1031/1031 223/1032/1032
f 255/1033/1033 254/1034/1034 238/1035/1035
f 238/1036/1036 239/1037/1037 255/1038/1038
f 142/1039/1039 254/1040/1040 255/1041/1041
f 143/1042/1042 142/1043/1043 255/1044/1044
f 159/1045/1045 143/1046/1046 144/1047/1047
f 160/1048/1048 159/1049/1049 144/1050/1050
f 159/1051/1051 160/1052/1052 176/1053/1053
f 159/1054/1054 176/1055/1055 175/1056/1056
f 191/1057/1057 175/1058/1058 176/1059/1059
f 191/1060/1060 176/1061/1061 192/1062/1062
f 191/1063/1063 192/1064/1064 208/1065/1065
f 191/1066/1066 208/1067/1067 207/1068/1068
f 224/1069/1069 223/1070/1070 207/1071/1071
f 224/1072/1072 207/1073/1073 208/1074/1074
f 240/1075/1075 239/1076/1076 223/1077/1077
f 240/1078/1078 223/1079/1079 224/1080/1080
f 256/1081/1081 255/1082/1082 239/1083/1083
f 239/1084/1084 240/1085/1085 256/1086/1086
f 143/1087/1087 255/1088/1088 256/1089/1089
f 144/1090/1090 143/1091/1091 256/1092/1092
f 160/1093/1093 144/1094/1094 145/1095/1095
f 161/1096/1096 160/1097/1097 145/1098/1098
f 160/1099/1099 161/1100/1100 177/1101/1101
f 160/1102/1102 177/1103/1103 176/1104/1104
f 192/1105/1105 176/1106/1106 177/1107/1107
f 192/1108/1108 177/1109/1109 193/1110/1110
f 192/1111/1111 193/1112/1112 209/1113/1113
f 192/1114/1114 209/1115/1115 208/1116/1116
f 225/1117/1117 224/1118/1118 208/1119/1119
f 225/1120/1120 208/1121/1121 209/1122/1122
f 241/1123/1123 240/1124/1124 224/1125/1125
f 241/1126/1126 224/1127/1127 225/1128/1128
f 257/1129/1129 256/1130/1130 240/1131/1131
f 240/1132/1132 241/1133/1133 257/1134/1134
f 144/1135/1135 256/1136/1136 257/1137/1137
f 145/1138/1138 144/1139/1139 257/1140/1140
f 161/1141/1141 145/1142/1142 146/1143/1143
f 162/1144/1144 161/1145/1145 146/1146/1146
f 161/1147/1147 162/1148/1148 178/1149/1149
f 161/1150/1150 178/1151/1151 177/1152/1152
f 193/1153/1153 177/1154/1154 178/1155/1155
f 193/1156/1156 178/1157/1157 194/1158/1158
f 193/1159/1159 194/1160/1160 210/1161/1161
f 193/1162/1162 210/1163/1163 209/1164/1164
f 226/1165/1165 225/1166/1166 209/1167/1167
f 226/1168/1168 209/1169/1169 210/1170/1170
f 242/1171/1171 241/1172/1172 225/1173/1173
f 242/1174/1174 225/1175/1175 226/1176/1176
f 258/1177/1177 257/1178/1178 241/1179/1179
f 241/1180/1180 242/1181/1181 258/1182/1182
f 145/1183/1183 257/1184/1184 258/1185/1185
f 146/1186/1186 145/1187/1187 258/1188/1188
f 162/1189/1189 146/1190/1190 147/1191/1191
f 163/1192/1192 162/1193/1193 147/1194/1194
f 162/1195/1195 163/1196/1196 179/1197/1197
f 162/1198/1198 179/1199/1199 178/1200/1200
f 194/1201/1201 178/1202/1202 179/1203/1203
f 194/1204/1204 179/1205/1205 195/1206/1206
f 194/1207/1207 195/1208/1208 211/1209/1209
f 194/1210/1210 211/1211/1211 210/1212/1212
f 227/1213/1213 226/1214/1214 210/1215/1215
f 227/1216/1216 210/1217/1217 211/1218/1218
f 243/1219/1219 242/1220/1220 226/1221/1221
f 243/1222/1222 226/1223/1223 227/1224/1224
f 259/1225/1225 258/1226/1226 242/1227/1227
f 242/1228/1228 243/1229/1229 259/1230/1230
f 146/1231/1231 258/1232/1232 259/1233/1233
f 147/1234/1234 146/1235/1235 259/1236/1236
f 163/1237/1237 147/1238/1238 148/1239/1239
f 164/1240/1240 163/1241/1241 148/1242/1242
f 163/1243/1243 164/1244/1244 180/1245/1245
f 163/1246/1246 180/1247/1247 179/1248/1248
f 195/1249/1249 179/1250/1250 180/1251/1251
f 195/1252/1252 180/1253/1253 196/1254/1254
f 195/1255/1255 196/1256/1256 212/1257/1257
f 195/1258/1258 212/1259/1259 211/1260/1260
f 228/1261/1261 227/1262/1262 211/1263/1263
f 228/1264/1264 211/1265/1265 212/1266/1266
f 244/1267/1267 243/1268/1268 227/1269/1269
f 244/1270/1270 227/1271/1271 228/1272/1272
f 260/1273/1273 259/1274/1274 243/1275/1275
f 243/1276/1276 244/1277/1277 260/1278/1278
f 147/1279/1279 259/1280/1280 260/1281/1281
f 148/1282/1282 147/1283/1283 260/1284/1284
f 164/1285/1285 148/1286/1286 149/1287/1287
f 165/1288/1288 164/1289/1289 149/1290/1290
f 164/1291/1291 165/1292/1292 181/1293/1293
f 164/1294/1294 181/1295/1295 180/1296/1296
f 196/1297/1297 180/1298/1298 181/1299/1299
f 196/1300/1300 181/1301/1301 197/1302/1302
f 196/1303/1303 197/1304/1304 213/1305/1305
f 196/1306/1306 213/1307/1307 212/1308/1308
f 229/1309/1309 228/1310/1310 212/1311/1311
f 229/1312/1312 212/1313/1313 213/1314/1314
f 245/1315/1315 244/1316/1316 228/1317/1317
f 245/1318/1318 228/1319/1319 229/1320/1320
f 261/1321/1321 260/1322/1322 244/1323/1323
f 244/1324/1324 245/1325/1325 261/1326/1326
f 148/1327/1327 260/1328/1328 261/1329/1329
f 149/1330/1330 148/1331/1331 261/1332/1332
f 165/1333/1333 149/1334/1334 150/1335/1335
f 166/1336/1336 165/1337/1337 150/1338/1338
f 165/1339/1339 166/1340/1340 182/1341/1341
f 165/1342/1342 182/1343/1343 181/1344/1344
f 197/1345/1345 181/1346/1346 182/1347/1347
f 197/1348/1348 182/1349/1349 198/1350/1350
f 197/1351/1351 198/1352/1352 214/1353/1353
f 197/1354/1354 214/1355/1355 213/1356/1356
f 230/1357/1357 229/1358/1358 213/1359/1359
f 230/1360/1360 213/1361/1361 214/1362/1362
f 246/1363/1363 245/1364/1364 229/1365/1365
f 246/1366/1366 229/1367/1367 230/1368/1368
f 262/1369/1369 261/1370/1370 245/1371/1371
f 245/1372/1372 246/1373/1373 262/1374/1374
f 149/1375/1375 261/1376/1376 262/1377/1377
f 150/1378/1378 149/1379/1379 262/1380/1380
f 166/1381/1381 150/1382/1382 151/1383/1383
f 167/1384/1384 166/1385/1385 151/1386/1386
f 166/1387/1387 167/1388/1388 183/1389/1389
f 166/1390/1390 183/1391/1391 182/1392/1392
f 198/1393/1393 182/1394/1394 183/1395/1395
f 198/1396/1396 183/1397/1397 199/1398/1398
f 198/1399/1399 199/1400/1400 215/1401/1401
f 198/1402/1402 215/1403/1403 214/1404/1404
f 231/1405/1405 230/1406/1406 214/1407/1407
f 231/1408/1408 214/1409/1409 215/1410/1410
f 247/1411/1411 246/1412/1412 230/1413/1413
f 247/1414/1414 230/1415/1415 231/1416/1416
f 263/1417/1417 262/1418/1418 246/1419/1419
f 246/1420/1420 247/1421/1421 263/1422/1422
f 150/1423/1423 262/1424/1424 263/1425/1425
f 151/1426/1426 150/1427/1427 263/1428/1428
f 167/1429/1429 151/1430/1430 152/1431/1431
f 168/1432/1432 167/1433/1433 152/1434/1434
f 167/1435/1435 168/1436/1436 184/1437/1437
f 167/1438/1438 184/1439/1439 183/1440/1440
f 199/1441/1441 183/1442/1442 184/1443/1443
f 199/1444/1444 184/1445/1445 200/1446/1446
f 199/1447/1447 200/1448/1448 216/1449/1449
f 199/1450/1450 216/1451/1451 215/1452/1452
f 232/1453/1453 231/1454/1454 215/1455/1455
f 232/1456/1456 215/1457/1457 216/1458/1458
f 248/1459/1459 247/1460/1460 231/1461/1461
f 248/1462/1462 231/1463/1463 232/1464/1464
f 264/1465/1465 263/1466/1466 247/1467/1467
f 247/1468/1468 248/1469/1469 264/1470/1470
f 151/1471/1471 263/1472/1472 264/1473/1473
f 152/1474/1474 151/1475/1475 264/1476/1476
f 168/1477/1477 152/1478/1478 137/1479/1479
f 153/1480/1480 168/1481/1481 137/1482/1482
f 168/1483/1483 153/1484/1484 169/1485/1485
f 168/1486/1486 169/1487/1487 184/1488/1488
f 200/1489/1489 184/1490/1490 169/1491/1491
f 200/1492/1492 169/1493/1493 185/1494/1494
f 200/1495/1495 185/1496/1496 201/1497/1497
f 200/1498/1498 201/1499/1499 216/1500/1500
f 217/1501/1501 232/1502/1502 216/1503/1503
f 217/1504/1504 216/1505/1505 201/1506/1506
f 233/1507/1507 248/1508/1508 232/1509/1509
f 233/1510/1510 232/1511/1511 217/1512/1512
f 249/1513/1513 264/1514/1514 248/1515/1515
f 248/1516/1516 233/1517/1517 249/1518/1518
f 152/1519/1519 264/1520/1520 249/1521/1521
f 137/1522/1522 152/1523/1523 249/1524/1524
f 188/1525/1525 265/1526/1526 266/1527/1527
f 188/1528/1528 266/1529/1529 204/1530/1530
f 267/1531/1531 220/1532/1532 204/1533/1533
f 267/1534/1534 204/1535/1535 266/1536/1536
f 267/1537/1537 268/1538/1538 236/1539/1539
f 267/1540/1540 236/1541/1541 220/1542/1542
f 269/1543/1543 252/1544/1544 236/1545/1545
f 269/1546/1546 236/1547/1547 268/1548/1548
f 269/1549/1549 270/1550/1550 140/1551/1551
f 252/1552/1552 269/1553/1553 140/1554/1554
f 270/1555/1555 271/1556/1556 156/1557/1557
f 140/1558/1558 270/1559/1559 156/1560/1560
f 172/1561/1561 156/1562/1562 271/1563/1563
f 272/1564/1564 172/1565/1565 271/1566/1566
f 172/1567/1567 272/1568/1568 265/1569/1569
f 172/1570/1570 265/1571/1571 188/1572/1572
f 271/1573/1573 270/1574/1574 269/1575/1575
f 272/1576/1576 271/1577/1577 269/1578/1578
f 265/1579/1579 272/1580/1580 269/1581/1581
f 266/1582/1582 265/1583/1583 269/1584/1584
f 267/1585/1585 266/1586/1586 269/1587/1587
f 269/1588/1588 268/1589/1589 267/1590/1590
f 221/1591/1591 237/1592/1592 253/1593/1593
f 205/1594/1594 221/1595/1595 253/1596/1596
f 189/1597/1597 205/1598/1598 253/1599/1599
f 173/1600/1600 189/1601/1601 253/1602/1602
f 157/1603/1603 173/1604/1604 253/1605/1605
f 253/1606/1606 141/1607/1607 157/1608/1608
f 289/1609/1609 273/1610/1610 274/1611/1611
f 290/1612/1612 289/1613/1613 274/1614/1614
f 289/1615/1615 290/1616/1616 306/1617/1617
f 289/1618/1618 306/1619/1619 305/1620/1620
f 321/1621/1621 305/1622/1622 306/1623/1623
f 321/1624/1624 306/1625/1625 322/1626/1626
f 321/1627/1627 322/1628/1628 338/1629/1629
f 321/1630/1630 338/1631/1631 337/1632/1632
f 354/1633/1633 353/1634/1634 337/1635/1635
f 354/1636/1636 337/1637/1637 338/1638/1638
f 370/1639/1639 369/1640/1640 353/1641/1641
f 370/1642/1642 353/1643/1643 354/1644/1644
f 386/1645/1645 385/1646/1646 369/1647/1647
f 369/1648/1648 370/1649/1649 386/1650/1650
f 273/1651/1651 385/1652/1652 386/1653/1653
f 274/1654/1654 273/1655/1655 386/1656/1656
f 290/1657/1657 274/1658/1658 275/1659/1659
f 291/1660/1660 290/1661/1661 275/1662/1662
f 290/1663/1663 291/1664/1664 307/1665/1665
f 290/1666/1666 307/1667/1667 306/1668/1668
f 322/1669/1669 306/1670/1670 307/1671/1671
f 322/1672/1672 307/1673/1673 323/1674/1674
f 322/1675/1675 323/1676/1676 339/1677/1677
f 322/1678/1678 339/1679/1679 338/1680/1680
f 355/1681/1681 354/1682/1682 338/1683/1683
f 355/1684/1684 338/1685/1685 339/1686/1686
f 371/1687/1687 370/1688/1688 354/1689/1689
f 371/1690/1690 354/1691/1691 355/1692/1692
f 387/1693/1693 386/1694/1694 370/1695/1695
f 370/1696/1696 371/1697/1697 387/1698/1698
f 274/1699/1699 386/1700/1700 387/1701/1701
f 275/1702/1702 274/1703/1703 387/1704/1704
f 291/1705/1705 275/1706/1706 276/1707/1707
f 292/1708/1708 291/1709/1709 276/1710/1710
f 291/1711/1711 292/1712/1712 308/1713/1713
f 291/1714/1714 308/1715/1715 307/1716/1716
f 323/1717/1717 307/1718/1718 308/1719/1719
f 323/1720/1720 308/1721/1721 324/1722/1722
f 323/1723/1723 324/1724/1724 340/1725/1725
f 323/1726/1726 340/1727/1727 339/1728/1728
f 356/1729/1729 355/1730/1730 339/1731/1731
f 356/1732/1732 339/1733/1733 340/1734/1734
f 372/1735/1735 371/1736/1736 355/1737/1737
f 372/1738/1738 355/1739/1739 356/1740/1740
f 388/1741/1741 387/1742/1742 371/1743/1743
f 371/1744/1744 372/1745/1745 388/1746/1746
f 275/1747/1747 387/1748/1748 388/1749/1749
f 276/1750/1750 275/1751/1751 388/1752/1752
f 293/1753/1753 277/1754/1754 278/1755/1755
f 294/1756/1756 293/1757/1757 278/1758/1758
f 293/1759/1759 294/1760/1760 310/1761/1761
f 293/1762/1762 310/1763/1763 309/1764/1764
f 325/1765/1765 309/1766/1766 310/1767/1767
f 325/1768/1768 310/1769/1769 326/1770/1770
f 325/1771/1771 326/1772/1772 342/1773/1773
f 325/1774/1774 342/1775/1775 341/1776/1776
f 358/1777/1777 357/1778/1778 341/1779/1779
f 358/1780/1780 341/1781/1781 342/1782/1782
f 374/1783/1783 373/1784/1784 357/1785/1785
f 374/1786/1786 357/1787/1787 358/1788/1788
f 390/1789/1789 389/1790/1790 373/1791/1791
f 373/1792/1792 374/1793/1793 390/1794/1794
f 277/1795/1795 389/1796/1796 390/1797/1797
f 278/1798/1798 277/1799/1799 390/1800/1800
f 294/1801/1801 278/1802/1802 279/1803/1803
f 295/1804/1804 294/1805/1805 279/1806/1806
f 294/1807/1807 295/1808/1808 311/1809/1809
f 294/1810/1810 311/1811/1811 310/1812/1812
f 326/1813/1813 310/1814/1814 311/1815/1815
f 326/1816/1816 311/1817/1817 327/1818/1818
f 326/1819/1819 327/1820/1820 343/1821/1821
f 326/1822/1822 343/1823/1823 342/1824/1824
f 359/1825/1825 358/1826/1826 342/1827/1827
f 359/1828/1828 342/1829/1829 343/1830/1830
f 375/1831/1831 374/1832/1832 358/1833/1833
f 375/1834/1834 358/1835/1835 359/1836/1836
f 391/1837/1837 390/1838/1838 374/1839/1839
f 374/1840/1840 375/1841/1841 391/1842/1842
f 278/1843/1843 390/1844/1844 391/1845/1845
f 279/1846/1846 278/1847/1847 391/1848/1848
f 295/1849/1849 279/1850/1850 280/1851/1851
f 296/1852/1852 295/1853/1853 280/1854/1854
f 295/1855/1855 296/1856/1856 312/1857/1857
f 295/1858/1858 312/1859/1859 311/1860/1860
f 327/1861/1861 311/1862/1862 312/1863/1863
f 327/1864/1864 312/1865/1865 328/1866/1866
f 327/1867/1867 328/1868/1868 344/1869/1869
f 327/1870/1870 344/1871/1871 343/1872/1872
f 360/1873/1873 359/1874/1874 343/1875/1875
f 360/1876/1876 343/1877/1877 344/1878/1878
f 376/1879/1879 375/1880/1880 359/1881/1881
f 376/1882/1882 359/1883/1883 360/1884/1884
f 392/1885/1885 391/1886/1886 375/1887/1887
f 375/1888/1888 376/1889/1889 392/1890/1890
f 279/1891/1891 391/1892/1892 392/1893/1893
f 280/1894/1894 279/1895/1895 392/1896/1896
f 296/1897/1897 280/1898/1898 281/1899/1899
f 297/1900/1900 296/1901/1901 281/1902/1902
f 296/1903/1903 297/1904/1904 313/1905/1905
f 296/1906/1906 313/1907/1907 312/1908/1908
f 328/1909/1909 312/1910/1910 313/1911/1911
f 328/1912/1912 313/1913/1913 329/1914/1914
f 328/1915/1915 329/1916/1916 345/1917/1917
f 328/1918/1918 345/1919/1919 344/1920/1920
f 361/1921/1921 360/1922/1922 344/1923/1923
f 361/1924/1924 344/1925/1925 345/1926/1926
f 377/1927/1927 376/1928/1928 360/1929/1929
f 377/1930/1930 360/1931/1931 361/1932/1932
f 393/1933/1933 392/1934/1934 376/1935/1935
f 376/1936/1936 377/1937/1937 393/1938/1938
f 280/1939/1939 392/1940/1940 393/1941/1941
f 281/1942/1942 280/1943/1943 393/1944/1944
f 297/1945/1945 281/1946/1946 282/1947/1947
f 298/1948/1948 297/1949/1949 282/1950/1950
f 297/1951/1951 298/1952/1952 314/1953/1953
f 297/1954/1954 314/1955/1955 313/1956/1956
f 329/1957/1957 313/1958/1958 314/1959/1959
f 329/1960/1960 314/1961/1961 330/1962/1962
f 329/1963/1963 330/1964/1964 346/1965/1965
f 329/1966/1966 346/1967/1967 345/1968/1968
f 362/1969/1969 361/1970/1970 345/1971/1971
f 362/1972/1972 345/1973/1973 346/1974/1974
f 378/1975/1975 377/1976/1976 361/1977/1977
f 378/1978/1978 361/1979/1979 362/1980/1980
f 394/1981/1981 393/1982/1982 377/1983/1983
f 377/1984/1984 378/1985/1985 394/1986/1986
f 281/1987/1987 393/1988/1988 394/1989/1989
f 282/1990/1990 281/1991/1991 394/1992/1992
f 298/1993/1993 282/1994/1994 283/1995/1995
f 299/1996/1996 298/1997/1997 283/1998/1998
f 298/1999/1999 299/2000/2000 315/2001/2001
f 298/2002/2002 315/2003/2003 314/2004/2004
f 330/2005/2005 314/2006/2006 315/2007/2007
f 330/2008/2008 315/2009/2009 331/2010/2010
f 330/2011/2011 331/2012/2012 347/2013/2013
f 330/2014/2014 347/2015/2015 346/2016/2016
f 363/2017/2017 362/2018/2018 346/2019/2019
f 363/2020/2020 346/2021/2021 347/2022/2022
f 379/2023/2023 378/2024/2024 362/2025/2025
f 379/2026/2026 362/2027/2027 363/2028/2028
f 395/2029/2029 394/2030/2030 378/2031/2031
f 378/2032/2032 379/2033/2033 395/2034/2034
f 282/2035/2035 394/2036/2036 395/2037/2037
f 283/2038/2038 282/2039/2039 395/2040/2040
f 299/2041/2041 283/2042/2042 284/2043/2043
f 300/2044/2044 299/2045/2045 284/2046/2046
f 299/2047/2047 300/2048/2048 316/2049/2049
f 299/2050/2050 316/2051/2051 315/2052/2052
f 331/2053/2053 315/2054/2054 316/2055/2055
f 331/2056/2056 316/2057/2057 332/2058/2058
f 331/2059/2059 332/2060/2060 348/2061/2061
f 331/2062/2062 348/2063/2063 347/2064/2064
f 364/2065/2065 363/2066/2066 347/2067/2067
f 364/2068/2068 347/2069/2069 348/2070/2070
f 380/2071/2071 379/2072/2072 363/2073/2073
f 380/2074/2074 363/2075/2075 364/2076/2076
f 396/2077/2077 395/2078/2078 379/2079/2079
f 379/2080/2080 380/2081/2081 396/2082/2082
f 283/2083/2083 395/2084/2084 396/2085/2085
f 284/2086/2086 283/2087/2087 396/2088/2088
f 300/2089/2089 284/2090/2090 285/2091/2091
f 301/2092/2092 300/2093/2093 285/2094/2094
f 300/2095/2095 301/2096/2096 317/2097/2097
f 300/2098/2098 317/2099/2099 316/2100/2100
f 332/2101/2101 316/2102/2102 317/2103/2103
f 332/2104/2104 317/2105/2105 333/2106/2106
f 332/2107/2107 333/2108/2108 349/2109/2109
f 332/2110/2110 349/2111/2111 348/2112/2112
f 365/2113/2113 364/2114/2114 348/2115/2115
f 365/2116/2116 348/2117/2117 349/2118/2118
f 381/2119/2119 380/2120/2120 364/2121/2121
f 381/2122/2122 364/2123/2123 365/2124/2124
f 397/2125/2125 396/2126/2126 380/2127/2127
f 380/2128/2128 381/2129/2129 397/2130/2130
f 284/2131/2131 396/2132/2132 397/2133/2133
f 285/2134/2134 284/2135/2135 397/2136/2136
f 301/2137/2137 285/2138/2138 286/2139/2139
f 302/2140/2140 301/2141/2141 286/2142/2142
f 301/2143/2143 302/2144/2144 318/2145/2145
f 301/2146/2146 318/2147/2147 317/2148/2148
f 333/2149/2149 317/2150/2150 318/2151/2151
f 333/2152/2152 318/2153/2153 334/2154/2154
f 333/2155/2155 334/2156/2156 350/2157/2157
f 333/2158/2158 350/2159/2159 349/2160/2160
f 366/2161/2161 365/2162/2162 349/2163/2163
f 366/2164/2164 349/2165/2165 350/2166/2166
f 382/2167/2167 381/2168/2168 365/2169/2169
f 382/2170/2170 365/2171/2171 366/2172/2172
f 398/2173/2173 397/2174/2174 381/2175/2175
f 381/2176/2176 382/2177/2177 398/2178/2178
f 285/2179/2179 397/2180/2180 398/2181/2181
f 286/2182/2182 285/2183/2183 398/2184/2184
f 302/2185/2185 286/2186/2186 287/2187/2187
f 303/2188/2188 302/2189/2189 287/2190/2190
f 302/2191/2191 303/2192/2192 319/2193/2193
f 302/2194/2194 319/2195/2195 318/2196/2196
f 334/2197/2197 318/2198/2198 319/2199/2199
f 334/2200/2200 319/2201/2201 335/2202/2202
f 334/2203/2203 335/2204/2204 351/2205/2205
f 334/2206/2206 351/2207/2207 350/2208/2208
f 367/2209/2209 366/2210/2210 350/2211/2211
f 367/2212/2212 350/2213/2213 351/2214/2214
f 383/2215/2215 382/2216/2216 366/2217/2217
f 383/2218/2218 366/2219/2219 367/2220/2220
f 399/2221/2221 398/2222/2222 382/2223/2223
f 382/2224/2224 383/2225/2225 399/2226/2226
f 286/2227/2227 398/2228/2228 399/2229/2229
f 287/2230/2230 286/2231/2231 399/2232/2232
f 303/2233/2233 287/2234/2234 288/2235/2235
f 304/2236/2236 303/2237/2237 288/2238/2238
f 303/2239/2239 304/2240/2240 320/2241/2241
f 303/2242/2242 320/2243/2243 319/2244/2244
f 335/2245/2245 319/2246/2246 320/2247/2247
f 335/2248/2248 320/2249/2249 336/2250/2250
f 335/2251/2251 336/2252/2252 352/2253/2253
f 335/2254/2254 352/2255/2255 351/2256/2256
f 368/2257/2257 367/2258/2258 351/2259/2259
f 368/2260/2260 351/2261/2261 352/2262/2262
f 384/2263/2263 383/2264/2264 367/2265/2265
f 384/2266/2266 367/2267/2267 368/2268/2268
f 400/2269/2269 399/2270/2270 383/2271/2271
f 383/2272/2272 384/2273/2273 400/2274/2274
f 287/2275/2275 399/2276/2276 400/2277/2277
f 288/2278/2278 287/2279/2279 400/2280/2280
f 304/2281/2281 288/2282/2282 273/2283/2283
f 289/2284/2284 304/2285/2285 273/2286/2286
f 304/2287/2287 289/2288/2288 305/2289/2289
f 304/2290/2290 305/2291/2291 320/2292/2292
f 336/2293/2293 320/2294/2294 305/2295/2295
f 336/2296/2296 305/2297/2297 321/2298/2298
f 336/2299/2299 321/2300/2300 337/2301/2301
f 336/2302/2302 337/2303/2303 352/2304/2304
f 353/2305/2305 368/2306/2306 352/2307/2307
f 353/2308/2308 352/2309/2309 337/2310/2310
f 369/2311/2311 384/2312/2312 368/2313/2313
f 369/2314/2314 368/2315/2315 353/2316/2316
f 385/2317/2317 400/2318/2318 384/2319/2319
f 384/2320/2320 369/2321/2321 385/2322/2322
f 288/2323/2323 400/2324/2324 385/2325/2325
f 273/2326/2326 288/2327/2327 385/2328/2328
f 324/2329/2329 401/2330/2330 402/2331/2331
f 324/2332/2332 402/2333/2333 340/2334/2334
f 403/2335/2335 356/2336/2336 340/2337/2337
f 403/2338/2338 340/2339/2339 402/2340/2340
f 403/2341/2341 404/2342/2342 372/2343/2343
f 403/2344/2344 372/2345/2345 356/2346/2346
f 405/2347/2347 388/2348/2348 372/2349/2349
f 405/2350/2350 372/2351/2351 404/2352/2352
f 405/2353/2353 406/2354/2354 276/2355/2355
f 388/2356/2356 405/2357/2357 276/2358/2358
f 406/2359/2359 407/2360/2360 292/2361/2361
f 276/2362/2362 406/2363/2363 292/2364/2364
f 308/2365/2365 292/2366/2366 407/2367/2367
f 408/2368/2368 308/2369/2369 407/2370/2370
f 308/2371/2371 408/2372/2372 401/2373/2373
f 308/2374/2374 401/2375/2375 324/2376/2376
f 407/2377/2377 406/2378/2378 405/2379/2379
f 408/2380/2380 407/2381/2381 405/2382/2382
f 401/2383/2383 408/2384/2384 405/2385/2385
f 402/2386/2386 401/2387/2387 405/2388/2388
f 403/2389/2389 402/2390/2390 405/2391/2391
f 405/2392/2392 404/2393/2393 403/2394/2394
f 357/2395/2395 373/2396/2396 389/2397/2397
f 341/2398/2398 357/2399/2399 389/2400/2400
f 325/2401/2401 341/2402/2402 389/2403/2403
f 309/2404/2404 325/2405/2405 389/2406/2406
f 293/2407/2407 309/2408/2408 389/2409/2409
f 389/2410/2410 277/2411/2411 293/2412/2412
