# File generated by FabConvert.com - Free Image and 3D model conversion tools

mtllib PogoModel V1.mtl

o obj1
v 0.35769999 5.37750006 -0.001
v 0.41170001 9.65859985 -0.001
v 0.35620001 9.65859985 0.2069
v 0.30939999 5.37750006 0.1798
v 0.30939999 5.37750006 -0.18179999
v 0.35620001 9.65859985 -0.2089
v 0.17749999 5.37750006 -0.3141
v 0.2045 9.65859985 -0.361
v -0.0027 5.37750006 -0.36250001
v -0.0027 9.65859985 -0.41670001
v -0.18279999 5.37750006 -0.3141
v -0.2098 9.65859985 -0.361
v -0.31470001 5.37750006 -0.18179999
v -0.36149999 9.65859985 -0.2089
v -0.36300001 5.37750006 -0.001
v -0.417 9.65859985 -0.001
v -0.31470001 5.37750006 0.1798
v -0.36149999 9.65859985 0.2069
v -0.18279999 5.37750006 0.31209999
v -0.2098 9.65859985 0.359
v -0.0027 5.37750006 0.36050001
v -0.0027 9.65859985 0.4147
v 0.17749999 5.37750006 0.31209999
v 0.2045 9.65859985 0.359
v -0.0027 9.65859985 -0.001
usemtl mat7
f 1 2 3
f 1 3 4
f 5 6 2
f 5 2 1
f 7 8 6
f 7 6 5
f 9 10 8
f 9 8 7
f 11 12 10
f 11 10 9
f 13 14 12
f 13 12 11
f 15 16 14
f 15 14 13
f 17 18 16
f 17 16 15
f 19 20 18
f 19 18 17
f 21 22 20
f 21 20 19
f 23 24 22
f 23 22 21
f 4 3 24
f 4 24 23
f 25 20 22
f 25 18 20
f 25 16 18
f 25 14 16
f 25 12 14
f 25 10 12
f 25 3 2
f 25 24 3
f 25 22 24
f 25 8 10
f 25 6 8
f 25 2 6
# Vertices: 25, normals: 0, texture coordinates: 0, faces: 36

o obj2
v -0.0027 2.74130011 0.39750001
v -0.0027 2.74130011 0.3888
v 0.19149999 2.74130011 0.33660001
v 0.1961 2.74130011 0.3441
v -0.0027 2.74130011 -0.001
v -0.2014 2.74130011 0.3441
v -0.19679999 2.74130011 0.33660001
v -0.3468 2.74130011 0.1983
v -0.33899999 2.74130011 0.19400001
v -0.40009999 2.74130011 -0.001
v -0.39109999 2.74130011 -0.001
v -0.3468 2.74130011 -0.20029999
v -0.33899999 2.74130011 -0.19599999
v -0.2014 2.74130011 -0.3461
v -0.19679999 2.74130011 -0.33860001
v -0.0027 2.74130011 -0.39950001
v -0.0027 2.74130011 -0.3908
v 0.1961 2.74130011 -0.3461
v 0.19149999 2.74130011 -0.33860001
v 0.34150001 2.74130011 -0.20029999
v 0.3337 2.74130011 -0.19599999
v 0.39480001 2.74130011 -0.001
v 0.3858 2.74130011 -0.001
v 0.34150001 2.74130011 0.1983
v 0.3337 2.74130011 0.19400001
v 0.42829999 2.63579988 -0.25049999
v 0.495 2.63579988 -0.001
v 0.495 2.48779988 -0.001
v 0.42829999 2.48779988 -0.25049999
v 0.42829999 2.63579988 0.2485
v 0.42829999 2.48779988 0.2485
v 0.2462 2.63579988 -0.4332
v 0.2462 2.48779988 -0.4332
v -0.0027 2.63579988 -0.5
v -0.0027 2.48779988 -0.5
v -0.25150001 2.63579988 -0.4332
v -0.25150001 2.48779988 -0.4332
v -0.4337 2.63579988 -0.25049999
v -0.4337 2.48779988 -0.25049999
v -0.50029999 2.63579988 -0.001
v -0.50029999 2.48779988 -0.001
v -0.4337 2.63579988 0.2485
v -0.4337 2.48779988 0.2485
v -0.25150001 2.63579988 0.4312
v -0.25150001 2.48779988 0.4312
v -0.0027 2.63579988 0.498
v -0.0027 2.48779988 0.498
v 0.2462 2.63579988 0.4312
v 0.2462 2.48779988 0.4312
v -0.33899999 2.3822999 -0.19599999
v -0.19679999 2.3822999 -0.33860001
v 0.0001 2.3822999 0.0023
v -0.0027 2.3822999 -0.3908
v 0.19149999 2.3822999 -0.33860001
v 0.3337 2.3822999 -0.19599999
v 0.3858 2.3822999 -0.001
v 0.3337 2.3822999 0.19400001
v 0.19149999 2.3822999 0.33660001
v -0.0027 2.3822999 0.3888
v -0.19679999 2.3822999 0.33660001
v -0.33899999 2.3822999 0.19400001
v -0.39109999 2.3822999 -0.001
v 0.4224 2.44160008 0.24510001
v 0.48820001 2.44160008 -0.001
v 0.40470001 2.40869999 0.2349
v 0.4677 2.40869999 -0.001
v 0.37509999 2.38890004 0.21789999
v 0.43360001 2.38890004 -0.001
v 0.2428 2.44160008 0.4253
v 0.2325 2.40869999 0.4075
v 0.2154 2.38890004 0.37799999
v -0.0027 2.44160008 0.4912
v -0.0027 2.40869999 0.4707
v -0.0027 2.38890004 0.4366
v -0.2481 2.44160008 0.4253
v -0.2378 2.40869999 0.4075
v -0.2207 2.38890004 0.37799999
v -0.42770001 2.44160008 0.24510001
v -0.41 2.40869999 0.2349
v -0.3804 2.38890004 0.21789999
v -0.49349999 2.44160008 -0.001
v -0.47299999 2.40869999 -0.001
v -0.43889999 2.38890004 -0.001
v -0.42770001 2.44160008 -0.2471
v -0.41 2.40869999 -0.2369
v -0.3804 2.38890004 -0.2199
v -0.2481 2.44160008 -0.42730001
v -0.2378 2.40869999 -0.4095
v -0.2207 2.38890004 -0.38
v -0.0027 2.44160008 -0.4932
v -0.0027 2.40869999 -0.4727
v -0.0027 2.38890004 -0.4386
v 0.2428 2.44160008 -0.42730001
v 0.2325 2.40869999 -0.4095
v 0.2154 2.38890004 -0.38
v 0.4224 2.44160008 -0.2471
v 0.40470001 2.40869999 -0.2369
v 0.37509999 2.38890004 -0.2199
v 0.37509999 2.73469996 0.21789999
v 0.43360001 2.73469996 -0.001
v 0.40470001 2.71490002 0.2349
v 0.4677 2.71490002 -0.001
v 0.4224 2.68190002 0.24510001
v 0.48820001 2.68190002 -0.001
v 0.2154 2.73469996 0.37799999
v 0.2325 2.71490002 0.4075
v 0.2428 2.68190002 0.4253
v -0.0027 2.73469996 0.4366
v -0.0027 2.71490002 0.4707
v -0.0027 2.68190002 0.4912
v -0.2207 2.73469996 0.37799999
v -0.2378 2.71490002 0.4075
v -0.2481 2.68190002 0.4253
v -0.3804 2.73469996 0.21789999
v -0.41 2.71490002 0.2349
v -0.42770001 2.68190002 0.24510001
v -0.43889999 2.73469996 -0.001
v -0.47299999 2.71490002 -0.001
v -0.49349999 2.68190002 -0.001
v -0.3804 2.73469996 -0.2199
v -0.41 2.71490002 -0.2369
v -0.42770001 2.68190002 -0.2471
v -0.2207 2.73469996 -0.38
v -0.2378 2.71490002 -0.4095
v -0.2481 2.68190002 -0.42730001
v -0.0027 2.73469996 -0.4386
v -0.0027 2.71490002 -0.4727
v -0.0027 2.68190002 -0.4932
v 0.2154 2.73469996 -0.38
v 0.2325 2.71490002 -0.4095
v 0.2428 2.68190002 -0.42730001
v 0.37509999 2.73469996 -0.2199
v 0.40470001 2.71490002 -0.2369
v 0.4224 2.68190002 -0.2471
usemtl mat7
f 26 27 28
f 26 28 29
f 26 29 30
f 31 32 27
f 31 27 26
f 31 26 30
f 33 34 32
f 33 32 31
f 33 31 30
f 35 36 34
f 35 34 33
f 35 33 30
f 37 38 36
f 37 36 35
f 37 35 30
f 39 40 38
f 39 38 37
f 39 37 30
f 41 42 40
f 41 40 39
f 41 39 30
f 43 44 42
f 43 42 41
f 43 41 30
f 45 46 44
f 45 44 43
f 45 43 30
f 47 48 46
f 47 46 45
f 47 45 30
f 49 50 48
f 49 48 47
f 49 47 30
f 29 28 50
f 29 50 49
f 29 49 30
f 51 52 53
f 51 53 54
f 52 55 56
f 52 56 53
f 57 51 54
f 57 54 58
f 59 57 58
f 59 58 60
f 61 59 60
f 61 60 62
f 63 61 62
f 63 62 64
f 65 63 64
f 65 64 66
f 67 65 66
f 67 66 68
f 69 67 68
f 69 68 70
f 71 69 70
f 71 70 72
f 73 71 72
f 73 72 74
f 55 73 74
f 55 74 56
f 75 76 77
f 76 78 77
f 78 79 77
f 79 80 77
f 80 81 77
f 81 82 77
f 82 83 77
f 83 84 77
f 84 85 77
f 85 86 77
f 86 87 77
f 87 75 77
f 53 56 88
f 53 88 89
f 89 88 90
f 89 90 91
f 91 90 92
f 91 92 93
f 93 92 82
f 93 82 81
f 56 74 94
f 56 94 88
f 88 94 95
f 88 95 90
f 90 95 96
f 90 96 92
f 92 96 83
f 92 83 82
f 74 72 97
f 74 97 94
f 94 97 98
f 94 98 95
f 95 98 99
f 95 99 96
f 96 99 84
f 96 84 83
f 72 70 100
f 72 100 97
f 97 100 101
f 97 101 98
f 98 101 102
f 98 102 99
f 99 102 85
f 99 85 84
f 70 68 103
f 70 103 100
f 100 103 104
f 100 104 101
f 101 104 105
f 101 105 102
f 102 105 86
f 102 86 85
f 68 66 106
f 68 106 103
f 103 106 107
f 103 107 104
f 104 107 108
f 104 108 105
f 105 108 87
f 105 87 86
f 66 64 109
f 66 109 106
f 106 109 110
f 106 110 107
f 107 110 111
f 107 111 108
f 108 111 75
f 108 75 87
f 64 62 112
f 64 112 109
f 109 112 113
f 109 113 110
f 110 113 114
f 110 114 111
f 111 114 76
f 111 76 75
f 62 60 115
f 62 115 112
f 112 115 116
f 112 116 113
f 113 116 117
f 113 117 114
f 114 117 78
f 114 78 76
f 60 58 118
f 60 118 115
f 115 118 119
f 115 119 116
f 116 119 120
f 116 120 117
f 117 120 79
f 117 79 78
f 58 54 121
f 58 121 118
f 118 121 122
f 118 122 119
f 119 122 123
f 119 123 120
f 120 123 80
f 120 80 79
f 54 53 89
f 54 89 121
f 121 89 91
f 121 91 122
f 122 91 93
f 122 93 123
f 123 93 81
f 123 81 80
f 48 50 124
f 48 124 125
f 125 124 126
f 125 126 127
f 127 126 128
f 127 128 129
f 129 128 55
f 129 55 52
f 50 28 130
f 50 130 124
f 124 130 131
f 124 131 126
f 126 131 132
f 126 132 128
f 128 132 73
f 128 73 55
f 28 27 133
f 28 133 130
f 130 133 134
f 130 134 131
f 131 134 135
f 131 135 132
f 132 135 71
f 132 71 73
f 27 32 136
f 27 136 133
f 133 136 137
f 133 137 134
f 134 137 138
f 134 138 135
f 135 138 69
f 135 69 71
f 32 34 139
f 32 139 136
f 136 139 140
f 136 140 137
f 137 140 141
f 137 141 138
f 138 141 67
f 138 67 69
f 34 36 142
f 34 142 139
f 139 142 143
f 139 143 140
f 140 143 144
f 140 144 141
f 141 144 65
f 141 65 67
f 36 38 145
f 36 145 142
f 142 145 146
f 142 146 143
f 143 146 147
f 143 147 144
f 144 147 63
f 144 63 65
f 38 40 148
f 38 148 145
f 145 148 149
f 145 149 146
f 146 149 150
f 146 150 147
f 147 150 61
f 147 61 63
f 40 42 151
f 40 151 148
f 148 151 152
f 148 152 149
f 149 152 153
f 149 153 150
f 150 153 59
f 150 59 61
f 42 44 154
f 42 154 151
f 151 154 155
f 151 155 152
f 152 155 156
f 152 156 153
f 153 156 57
f 153 57 59
f 44 46 157
f 44 157 154
f 154 157 158
f 154 158 155
f 155 158 159
f 155 159 156
f 156 159 51
f 156 51 57
f 46 48 125
f 46 125 157
f 157 125 127
f 157 127 158
f 158 127 129
f 158 129 159
f 159 129 52
f 159 52 51
# Vertices: 134, normals: 0, texture coordinates: 0, faces: 264

o obj3
v 0.92379999 5.61759996 -0.1318
v 0.50830001 5.53490019 -0.1319
v 0.49340001 5.57110023 -0.0374
v 0.92650002 5.65719986 -0.0375
v 0.92180002 5.47580004 -0.2182
v 0.56260002 5.40380001 -0.2184
v 0.52649999 5.49109983 -0.1793
v 0.92839998 5.5704999 -0.1795
v 0.92180002 5.31430006 -0.1795
v 0.62449998 5.25460005 -0.1793
v 0.58829999 5.34189987 -0.2184
v 0.92839998 5.40899992 -0.2182
v 0.92379999 5.2276001 -0.0375
v 0.65759999 5.17460012 -0.0374
v 0.6426 5.21080017 -0.1319
v 0.92650002 5.26719999 -0.1318
v 0.92650002 5.26719999 0.1241
v 0.6426 5.21080017 0.1241
v 0.65759999 5.17460012 0.0296
v 0.92379999 5.2276001 0.0297
v 0.92839998 5.40899992 0.2104
v 0.58829999 5.34189987 0.21070001
v 0.62449998 5.25460005 0.1715
v 0.92180002 5.31430006 0.1717
v 0.92839998 5.5704999 0.1717
v 0.52649999 5.49109983 0.1715
v 0.56260002 5.40380001 0.21070001
v 0.92180002 5.47580004 0.2104
v 0.92650002 5.65719986 0.0297
v 0.49340001 5.57110023 0.0296
v 0.50830001 5.53490019 0.1241
v 0.92379999 5.61759996 0.1241
v 0.155 5.29879999 -0.1319
v 0.12729999 5.32649994 -0.0374
v 0.2554 5.19850016 -0.2184
v 0.1885 5.2652998 -0.1793
v 0.3696 5.08430004 -0.1793
v 0.30270001 5.15110016 -0.2184
v 0.4307 5.0230999 -0.0374
v 0.40310001 5.05079985 -0.1319
v 0.40310001 5.05079985 0.1241
v 0.4307 5.0230999 0.0296
v 0.30270001 5.15110016 0.21070001
v 0.3696 5.08430004 0.1715
v 0.1885 5.2652998 0.1715
v 0.2554 5.19850016 0.21070001
v 0.12729999 5.32649994 0.0296
v 0.155 5.29879999 0.1242
v 1.52789998 5.31430006 0.1716
v 1.52789998 5.40889978 0.21080001
v 1.52789998 5.22770023 0.0297
v 1.52789998 5.26690006 0.1242
v 1.52789998 5.26690006 -0.132
v 1.52789998 5.22770023 -0.0374
v 1.52789998 5.40889978 -0.2186
v 1.52789998 5.31430006 -0.1794
v 1.52789998 5.5704999 -0.1794
v 1.52789998 5.47599983 -0.2186
v 1.52789998 5.6571002 -0.0374
v 1.52789998 5.61789989 -0.132
v 1.52789998 5.61789989 0.1242
v 1.52789998 5.6571002 0.0297
v 1.52789998 5.47599983 0.21080001
v 1.52789998 5.5704999 0.1716
v 1.63139999 5.59040022 -0.0374
v 1.63139999 5.57070017 -0.0849
v 1.61090004 5.59689999 -0.111
v 1.61090004 5.62739992 -0.0374
v 1.57669997 5.61259985 -0.1267
v 1.57669997 5.64960003 -0.0374
v 1.63139999 5.52339983 -0.1322
v 1.63139999 5.47590017 -0.15189999
v 1.61090004 5.47590017 -0.18889999
v 1.61090004 5.54949999 -0.1584
v 1.57669997 5.47590017 -0.211
v 1.57669997 5.56519985 -0.17399999
v 1.63139999 5.40889978 -0.15189999
v 1.63139999 5.36140013 -0.1322
v 1.61090004 5.33529997 -0.1584
v 1.61090004 5.40889978 -0.18889999
v 1.57669997 5.31960011 -0.17399999
v 1.57669997 5.40889978 -0.211
v 1.63139999 5.31409979 -0.0849
v 1.63139999 5.29440022 -0.0374
v 1.61090004 5.25740004 -0.0374
v 1.61090004 5.28789997 -0.111
v 1.57669997 5.23519993 -0.0374
v 1.57669997 5.27220011 -0.1267
v 1.63139999 5.29440022 0.0296
v 1.63139999 5.31409979 0.0771
v 1.61090004 5.28789997 0.1032
v 1.61090004 5.25740004 0.0296
v 1.57669997 5.27220011 0.1189
v 1.57669997 5.23519993 0.0296
v 1.63139999 5.36140013 0.1245
v 1.63139999 5.40889978 0.1441
v 1.61090004 5.40889978 0.1811
v 1.61090004 5.33529997 0.1506
v 1.57669997 5.40889978 0.2033
v 1.57669997 5.31960011 0.1663
v 1.63139999 5.47590017 0.1441
v 1.63139999 5.52339983 0.1245
v 1.61090004 5.54949999 0.1506
v 1.61090004 5.47590017 0.1811
v 1.57669997 5.56519985 0.1663
v 1.57669997 5.47590017 0.2033
v 1.63139999 5.57070017 0.0771
v 1.63139999 5.59040022 0.0296
v 1.61090004 5.62739992 0.0296
v 1.61090004 5.59689999 0.1032
v 1.57669997 5.64960003 0.0296
v 1.57669997 5.61259985 0.1189
v 0.27919999 4.79629993 -0.0375
v 0.27919999 4.79629993 0.0297
v 1.63820004 5.34730005 -0.0401
v 1.63820004 5.34730005 0.0323
v 0.1987 4.82959986 -0.1795
v 0.243 4.81120014 -0.1318
v 1.63820004 5.40070009 -0.0967
v 1.63820004 5.34959984 -0.0455
v 0.0495 4.89139986 -0.2182
v 0.1124 4.86530018 -0.2182
v 1.63820004 5.47860003 -0.099
v 1.63820004 5.40619993 -0.099
v -0.0811 4.9454999 -0.1318
v -0.0368 4.92710018 -0.1795
v 1.63820004 5.53529978 -0.0456
v 1.63820004 5.48409986 -0.0967
v -0.1172 4.96049976 -0.0375
v -0.1172 4.96049976 0.0297
v 1.63820004 5.5374999 -0.0401
v 1.63820004 5.5374999 0.0323
v -0.0368 4.92710018 0.1717
v -0.0811 4.9454999 0.1241
v 1.63820004 5.48409986 0.089
v 1.63820004 5.53529978 0.0378
v 0.1124 4.86530018 0.2104
v 0.0495 4.89139986 0.2104
v 1.63820004 5.40619993 0.0912
v 1.63820004 5.47860003 0.0912
v 0.243 4.81120014 0.1241
v 0.1987 4.82959986 0.1717
v 1.63820004 5.34959984 0.0378
v 1.63820004 5.40070009 0.089
usemtl mat7
f 160 161 162
f 160 162 163
f 164 165 166
f 164 166 167
f 168 169 170
f 168 170 171
f 172 173 174
f 172 174 175
f 176 177 178
f 176 178 179
f 180 181 182
f 180 182 183
f 184 185 186
f 184 186 187
f 188 189 190
f 188 190 191
f 161 192 193
f 161 193 162
f 165 194 195
f 165 195 166
f 169 196 197
f 169 197 170
f 173 198 199
f 173 199 174
f 177 200 201
f 177 201 178
f 181 202 203
f 181 203 182
f 185 204 205
f 185 205 186
f 189 206 207
f 189 207 190
f 208 209 180
f 208 180 183
f 210 211 176
f 210 176 179
f 212 213 172
f 212 172 175
f 214 215 168
f 214 168 171
f 216 217 164
f 216 164 167
f 218 219 160
f 218 160 163
f 220 221 188
f 220 188 191
f 222 223 184
f 222 184 187
f 224 225 226
f 224 226 227
f 227 226 228
f 227 228 229
f 229 228 219
f 229 219 218
f 230 231 232
f 230 232 233
f 233 232 234
f 233 234 235
f 235 234 217
f 235 217 216
f 236 237 238
f 236 238 239
f 239 238 240
f 239 240 241
f 241 240 215
f 241 215 214
f 242 243 244
f 242 244 245
f 245 244 246
f 245 246 247
f 247 246 213
f 247 213 212
f 248 249 250
f 248 250 251
f 251 250 252
f 251 252 253
f 253 252 211
f 253 211 210
f 254 255 256
f 254 256 257
f 257 256 258
f 257 258 259
f 259 258 209
f 259 209 208
f 260 261 262
f 260 262 263
f 263 262 264
f 263 264 265
f 265 264 223
f 265 223 222
f 266 267 268
f 266 268 269
f 269 268 270
f 269 270 271
f 271 270 221
f 271 221 220
f 210 179 172
f 210 172 213
f 173 172 179
f 173 179 178
f 198 173 178
f 198 178 201
f 272 198 201
f 272 201 273
f 213 246 253
f 213 253 210
f 246 244 251
f 246 251 253
f 244 243 248
f 244 248 251
f 243 274 275
f 243 275 248
f 212 175 168
f 212 168 215
f 169 168 175
f 169 175 174
f 196 169 174
f 196 174 199
f 276 196 199
f 276 199 277
f 215 240 247
f 215 247 212
f 240 238 245
f 240 245 247
f 238 237 242
f 238 242 245
f 237 278 279
f 237 279 242
f 214 171 164
f 214 164 217
f 165 164 171
f 165 171 170
f 194 165 170
f 194 170 197
f 280 194 197
f 280 197 281
f 217 234 241
f 217 241 214
f 234 232 239
f 234 239 241
f 232 231 236
f 232 236 239
f 231 282 283
f 231 283 236
f 216 167 160
f 216 160 219
f 161 160 167
f 161 167 166
f 192 161 166
f 192 166 195
f 284 192 195
f 284 195 285
f 219 228 235
f 219 235 216
f 228 226 233
f 228 233 235
f 226 225 230
f 226 230 233
f 225 286 287
f 225 287 230
f 218 163 188
f 218 188 221
f 163 162 189
f 163 189 188
f 162 193 206
f 162 206 189
f 193 288 289
f 193 289 206
f 229 218 221
f 229 221 270
f 227 229 270
f 227 270 268
f 224 227 268
f 224 268 267
f 290 224 267
f 290 267 291
f 220 191 184
f 220 184 223
f 185 184 191
f 185 191 190
f 204 185 190
f 204 190 207
f 292 204 207
f 292 207 293
f 223 264 271
f 223 271 220
f 264 262 269
f 264 269 271
f 262 261 266
f 262 266 269
f 261 294 295
f 261 295 266
f 180 209 222
f 180 222 187
f 181 180 187
f 181 187 186
f 202 181 186
f 202 186 205
f 296 202 205
f 296 205 297
f 209 258 265
f 209 265 222
f 258 256 263
f 258 263 265
f 256 255 260
f 256 260 263
f 255 298 299
f 255 299 260
f 208 183 176
f 208 176 211
f 177 176 183
f 177 183 182
f 200 177 182
f 200 182 203
f 300 200 203
f 300 203 301
f 211 252 259
f 211 259 208
f 252 250 257
f 252 257 259
f 250 249 254
f 250 254 257
f 249 302 303
f 249 303 254
f 198 272 277
f 198 277 199
f 296 297 292
f 296 292 293
f 296 293 289
f 296 289 288
f 296 288 284
f 296 284 285
f 296 285 280
f 296 280 281
f 296 281 276
f 296 276 277
f 296 277 272
f 296 272 273
f 296 273 300
f 296 300 301
f 275 302 249
f 275 249 248
f 299 298 303
f 299 303 302
f 299 302 275
f 299 275 274
f 299 274 279
f 299 279 278
f 299 278 283
f 299 283 282
f 299 282 287
f 299 287 286
f 299 286 290
f 299 290 291
f 299 291 295
f 299 295 294
f 196 276 281
f 196 281 197
f 279 274 243
f 279 243 242
f 194 280 285
f 194 285 195
f 283 278 237
f 283 237 236
f 192 284 288
f 192 288 193
f 287 282 231
f 287 231 230
f 206 289 293
f 206 293 207
f 290 286 225
f 290 225 224
f 204 292 297
f 204 297 205
f 295 291 267
f 295 267 266
f 202 296 301
f 202 301 203
f 299 294 261
f 299 261 260
f 200 300 273
f 200 273 201
f 303 298 255
f 303 255 254
# Vertices: 144, normals: 0, texture coordinates: 0, faces: 284

o obj4
v 0 5.35750008 0.42699999
v -0.16339999 5.38140011 0.39449999
v -0.1736 5.31729984 0.419
v 0 5.29339981 0.4535
v 0 5.38409996 0.3628
v -0.1388 5.40799999 0.33520001
v 0 5.35750008 0.2987
v -0.1143 5.38140011 0.27590001
v 0 5.29339981 0.2721
v -0.1041 5.31729984 0.25139999
v 0 5.22930002 0.2987
v -0.1143 5.25309992 0.27590001
v 0 5.20270014 0.3628
v -0.1388 5.22650003 0.33520001
v 0 5.22930002 0.42699999
v -0.16339999 5.25309992 0.39449999
v -0.3019 5.4052 0.3019
v -0.32069999 5.34110022 0.32069999
v -0.25659999 5.43179989 0.25659999
v -0.2112 5.4052 0.2112
v -0.19239999 5.34110022 0.19239999
v -0.2112 5.27689981 0.2112
v -0.25659999 5.25040007 0.25659999
v -0.3019 5.27689981 0.3019
v -0.39449999 5.42910004 0.16339999
v -0.419 5.36490011 0.1736
v -0.33520001 5.45559978 0.1388
v -0.27590001 5.42910004 0.1143
v -0.25139999 5.36490011 0.1041
v -0.27590001 5.30079985 0.1143
v -0.33520001 5.27419996 0.1388
v -0.39449999 5.30079985 0.16339999
v -0.42699999 5.45289993 0
v -0.4535 5.38880014 0
v -0.3628 5.47949982 0
v -0.2987 5.45289993 0
v -0.2721 5.38880014 0
v -0.2987 5.32460022 0
v -0.3628 5.29809999 0
v -0.42699999 5.32460022 0
v -0.39449999 5.47669983 -0.16339999
v -0.419 5.41260004 -0.1736
v -0.33520001 5.50330019 -0.1388
v -0.27590001 5.47669983 -0.1143
v -0.25139999 5.41260004 -0.1041
v -0.27590001 5.34849977 -0.1143
v -0.33520001 5.32189989 -0.1388
v -0.39449999 5.34849977 -0.16339999
v -0.3019 5.50059986 -0.3019
v -0.32069999 5.43639994 -0.32069999
v -0.25659999 5.52720022 -0.25659999
v -0.2112 5.50059986 -0.2112
v -0.19239999 5.43639994 -0.19239999
v -0.2112 5.37230015 -0.2112
v -0.25659999 5.34569979 -0.25659999
v -0.3019 5.37230015 -0.3019
v -0.16339999 5.52440023 -0.39449999
v -0.1736 5.46029997 -0.419
v -0.1388 5.55100012 -0.33520001
v -0.1143 5.52440023 -0.27590001
v -0.1041 5.46029997 -0.25139999
v -0.1143 5.39610004 -0.27590001
v -0.1388 5.36959982 -0.33520001
v -0.16339999 5.39610004 -0.39449999
v 0.42699999 5.26200008 0
v 0.39449999 5.28579998 0.16339999
v 0.419 5.22170019 0.1736
v 0.4535 5.19780016 0
v 0.3628 5.28849983 0
v 0.33520001 5.31239986 0.1388
v 0.2987 5.26200008 0
v 0.27590001 5.28579998 0.1143
v 0.2721 5.19780016 0
v 0.25139999 5.22170019 0.1041
v 0.2987 5.13369989 0
v 0.27590001 5.15749979 0.1143
v 0.3628 5.10710001 0
v 0.33520001 5.13089991 0.1388
v 0.42699999 5.13369989 0
v 0.39449999 5.15749979 0.16339999
v 0.3019 5.30959988 0.3019
v 0.32069999 5.24550009 0.32069999
v 0.25659999 5.33620024 0.25659999
v 0.2112 5.30959988 0.2112
v 0.19239999 5.24550009 0.19239999
v 0.2112 5.18139982 0.2112
v 0.25659999 5.15479994 0.25659999
v 0.3019 5.18139982 0.3019
v 0.16339999 5.33349991 0.39449999
v 0.1736 5.26929998 0.419
v 0.1388 5.36000013 0.33520001
v 0.1143 5.33349991 0.27590001
v 0.1041 5.26929998 0.25139999
v 0.1143 5.2052002 0.27590001
v 0.1388 5.17859983 0.33520001
v 0.16339999 5.2052002 0.39449999
v 0 4.97590017 0.42699999
v -0.16339999 4.99970007 0.39449999
v -0.1736 4.9355998 0.419
v 0 4.91169977 0.4535
v 0 5.00239992 0.3628
v -0.1388 5.02629995 0.33520001
v 0 4.97590017 0.2987
v -0.1143 4.99970007 0.27590001
v 0 4.91169977 0.2721
v -0.1041 4.9355998 0.25139999
v 0 4.84759998 0.2987
v -0.1143 4.87139988 0.27590001
v 0 4.8210001 0.3628
v -0.1388 4.84490013 0.33520001
v 0 4.84759998 0.42699999
v -0.16339999 4.87139988 0.39449999
v -0.3019 5.0236001 0.3019
v -0.32069999 4.95940018 0.32069999
v -0.25659999 5.05009985 0.25659999
v -0.2112 5.0236001 0.2112
v -0.19239999 4.95940018 0.19239999
v -0.2112 4.89529991 0.2112
v -0.25659999 4.86870003 0.25659999
v -0.3019 4.89529991 0.3019
v -0.39449999 5.0474 0.16339999
v -0.419 4.98330021 0.1736
v -0.33520001 5.07399988 0.1388
v -0.27590001 5.0474 0.1143
v -0.25139999 4.98330021 0.1041
v -0.27590001 4.91909981 0.1143
v -0.33520001 4.89260006 0.1388
v -0.39449999 4.91909981 0.16339999
v -0.42699999 5.07119989 0
v -0.4535 5.00710011 0
v -0.3628 5.09779978 0
v -0.2987 5.07119989 0
v -0.2721 5.00710011 0
v -0.2987 4.94299984 0
v -0.3628 4.91639996 0
v -0.42699999 4.94299984 0
v -0.39449999 5.09509993 -0.16339999
v -0.419 5.0309 -0.1736
v -0.33520001 5.12160015 -0.1388
v -0.27590001 5.09509993 -0.1143
v -0.25139999 5.0309 -0.1041
v -0.27590001 4.96680021 -0.1143
v -0.33520001 4.94019985 -0.1388
v -0.39449999 4.96680021 -0.16339999
v -0.3019 5.11889982 -0.3019
v -0.32069999 5.05480003 -0.32069999
v -0.25659999 5.14550018 -0.25659999
v -0.2112 5.11889982 -0.2112
v -0.19239999 5.05480003 -0.19239999
v -0.2112 4.99060011 -0.2112
v -0.25659999 4.96409988 -0.25659999
v -0.3019 4.99060011 -0.3019
v -0.16339999 5.14279985 -0.39449999
v -0.1736 5.07859993 -0.419
v -0.1388 5.16930008 -0.33520001
v -0.1143 5.14279985 -0.27590001
v -0.1041 5.07859993 -0.25139999
v -0.1143 5.01450014 -0.27590001
v -0.1388 4.98789978 -0.33520001
v -0.16339999 5.01450014 -0.39449999
v 0 5.16660023 -0.42699999
v 0 5.10249996 -0.4535
v 0 5.19320011 -0.3628
v 0 5.16660023 -0.2987
v 0 5.10249996 -0.2721
v 0 5.03830004 -0.2987
v 0 5.01179981 -0.3628
v 0 5.03830004 -0.42699999
v 0.16339999 5.19040012 -0.39449999
v 0.1736 5.12629986 -0.419
v 0.1388 5.21700001 -0.33520001
v 0.1143 5.19040012 -0.27590001
v 0.1041 5.12629986 -0.25139999
v 0.1143 5.06220007 -0.27590001
v 0.1388 5.03560019 -0.33520001
v 0.16339999 5.06220007 -0.39449999
v 0.3019 5.22399998 -0.3019
v 0.32069999 5.15990019 -0.32069999
v 0.25659999 5.25059986 -0.25659999
v 0.2112 5.22399998 -0.2112
v 0.19239999 5.15990019 -0.19239999
v 0.2112 5.09579992 -0.2112
v 0.25659999 5.06920004 -0.25659999
v 0.3019 5.09579992 -0.3019
v 0.39449999 5.23810005 -0.16339999
v 0.419 5.17399979 -0.1736
v 0.33520001 5.26469994 -0.1388
v 0.27590001 5.23810005 -0.1143
v 0.25139999 5.17399979 -0.1041
v 0.27590001 5.10979986 -0.1143
v 0.33520001 5.08330011 -0.1388
v 0.39449999 5.10979986 -0.16339999
v 0.0016 5.3572998 0.29840001
v 0.0015 5.29320002 0.27180001
v 0.0016 5.22900009 0.29840001
v 0.002 5.20249987 0.3624
v 0.0023 5.22900009 0.42649999
v 0.0025 5.29320002 0.45300001
v 0.0023 5.3572998 0.42649999
v 0.002 5.38390017 0.3624
usemtl mat7
f 304 305 306
f 304 306 307
f 308 309 305
f 308 305 304
f 310 311 309
f 310 309 308
f 312 313 311
f 312 311 310
f 314 315 313
f 314 313 312
f 316 317 315
f 316 315 314
f 318 319 317
f 318 317 316
f 307 306 319
f 307 319 318
f 305 320 321
f 305 321 306
f 309 322 320
f 309 320 305
f 311 323 322
f 311 322 309
f 313 324 323
f 313 323 311
f 315 325 324
f 315 324 313
f 317 326 325
f 317 325 315
f 319 327 326
f 319 326 317
f 306 321 327
f 306 327 319
f 320 328 329
f 320 329 321
f 322 330 328
f 322 328 320
f 323 331 330
f 323 330 322
f 324 332 331
f 324 331 323
f 325 333 332
f 325 332 324
f 326 334 333
f 326 333 325
f 327 335 334
f 327 334 326
f 321 329 335
f 321 335 327
f 328 336 337
f 328 337 329
f 330 338 336
f 330 336 328
f 331 339 338
f 331 338 330
f 332 340 339
f 332 339 331
f 333 341 340
f 333 340 332
f 334 342 341
f 334 341 333
f 335 343 342
f 335 342 334
f 329 337 343
f 329 343 335
f 336 344 345
f 336 345 337
f 338 346 344
f 338 344 336
f 339 347 346
f 339 346 338
f 340 348 347
f 340 347 339
f 341 349 348
f 341 348 340
f 342 350 349
f 342 349 341
f 343 351 350
f 343 350 342
f 337 345 351
f 337 351 343
f 344 352 353
f 344 353 345
f 346 354 352
f 346 352 344
f 347 355 354
f 347 354 346
f 348 356 355
f 348 355 347
f 349 357 356
f 349 356 348
f 350 358 357
f 350 357 349
f 351 359 358
f 351 358 350
f 345 353 359
f 345 359 351
f 352 360 361
f 352 361 353
f 354 362 360
f 354 360 352
f 355 363 362
f 355 362 354
f 356 364 363
f 356 363 355
f 357 365 364
f 357 364 356
f 358 366 365
f 358 365 357
f 359 367 366
f 359 366 358
f 353 361 367
f 353 367 359
f 304 307 318
f 304 318 316
f 304 316 314
f 304 314 312
f 304 312 310
f 304 310 308
f 368 369 370
f 368 370 371
f 372 373 369
f 372 369 368
f 374 375 373
f 374 373 372
f 376 377 375
f 376 375 374
f 378 379 377
f 378 377 376
f 380 381 379
f 380 379 378
f 382 383 381
f 382 381 380
f 371 370 383
f 371 383 382
f 369 384 385
f 369 385 370
f 373 386 384
f 373 384 369
f 375 387 386
f 375 386 373
f 377 388 387
f 377 387 375
f 379 389 388
f 379 388 377
f 381 390 389
f 381 389 379
f 383 391 390
f 383 390 381
f 370 385 391
f 370 391 383
f 384 392 393
f 384 393 385
f 386 394 392
f 386 392 384
f 387 395 394
f 387 394 386
f 388 396 395
f 388 395 387
f 389 397 396
f 389 396 388
f 390 398 397
f 390 397 389
f 391 399 398
f 391 398 390
f 385 393 399
f 385 399 391
f 400 401 402
f 400 402 403
f 404 405 401
f 404 401 400
f 406 407 405
f 406 405 404
f 408 409 407
f 408 407 406
f 410 411 409
f 410 409 408
f 412 413 411
f 412 411 410
f 414 415 413
f 414 413 412
f 403 402 415
f 403 415 414
f 401 416 417
f 401 417 402
f 405 418 416
f 405 416 401
f 407 419 418
f 407 418 405
f 409 420 419
f 409 419 407
f 411 421 420
f 411 420 409
f 413 422 421
f 413 421 411
f 415 423 422
f 415 422 413
f 402 417 423
f 402 423 415
f 416 424 425
f 416 425 417
f 418 426 424
f 418 424 416
f 419 427 426
f 419 426 418
f 420 428 427
f 420 427 419
f 421 429 428
f 421 428 420
f 422 430 429
f 422 429 421
f 423 431 430
f 423 430 422
f 417 425 431
f 417 431 423
f 424 432 433
f 424 433 425
f 426 434 432
f 426 432 424
f 427 435 434
f 427 434 426
f 428 436 435
f 428 435 427
f 429 437 436
f 429 436 428
f 430 438 437
f 430 437 429
f 431 439 438
f 431 438 430
f 425 433 439
f 425 439 431
f 432 440 441
f 432 441 433
f 434 442 440
f 434 440 432
f 435 443 442
f 435 442 434
f 436 444 443
f 436 443 435
f 437 445 444
f 437 444 436
f 438 446 445
f 438 445 437
f 439 447 446
f 439 446 438
f 433 441 447
f 433 447 439
f 440 448 449
f 440 449 441
f 442 450 448
f 442 448 440
f 443 451 450
f 443 450 442
f 444 452 451
f 444 451 443
f 445 453 452
f 445 452 444
f 446 454 453
f 446 453 445
f 447 455 454
f 447 454 446
f 441 449 455
f 441 455 447
f 448 456 457
f 448 457 449
f 450 458 456
f 450 456 448
f 451 459 458
f 451 458 450
f 452 460 459
f 452 459 451
f 453 461 460
f 453 460 452
f 454 462 461
f 454 461 453
f 455 463 462
f 455 462 454
f 449 457 463
f 449 463 455
f 456 464 465
f 456 465 457
f 458 466 464
f 458 464 456
f 459 467 466
f 459 466 458
f 460 468 467
f 460 467 459
f 461 469 468
f 461 468 460
f 462 470 469
f 462 469 461
f 463 471 470
f 463 470 462
f 457 465 471
f 457 471 463
f 464 472 473
f 464 473 465
f 466 474 472
f 466 472 464
f 467 475 474
f 467 474 466
f 468 476 475
f 468 475 467
f 469 477 476
f 469 476 468
f 470 478 477
f 470 477 469
f 471 479 478
f 471 478 470
f 465 473 479
f 465 479 471
f 472 480 481
f 472 481 473
f 474 482 480
f 474 480 472
f 475 483 482
f 475 482 474
f 476 484 483
f 476 483 475
f 477 485 484
f 477 484 476
f 478 486 485
f 478 485 477
f 479 487 486
f 479 486 478
f 473 481 487
f 473 487 479
f 480 488 489
f 480 489 481
f 482 490 488
f 482 488 480
f 483 491 490
f 483 490 482
f 484 492 491
f 484 491 483
f 485 493 492
f 485 492 484
f 486 494 493
f 486 493 485
f 487 495 494
f 487 494 486
f 481 489 495
f 481 495 487
f 488 368 371
f 488 371 489
f 490 372 368
f 490 368 488
f 491 374 372
f 491 372 490
f 492 376 374
f 492 374 491
f 493 378 376
f 493 376 492
f 494 380 378
f 494 378 493
f 495 382 380
f 495 380 494
f 489 371 382
f 489 382 495
f 496 395 396
f 496 396 497
f 497 396 397
f 497 397 498
f 498 397 398
f 498 398 499
f 499 398 399
f 499 399 500
f 500 399 393
f 500 393 501
f 501 393 392
f 501 392 502
f 502 392 394
f 502 394 503
f 503 394 395
f 503 395 496
f 497 498 499
f 497 499 500
f 497 500 501
f 497 501 502
f 497 502 503
f 497 503 496
f 400 403 414
f 400 414 412
f 400 412 410
f 400 410 408
f 400 408 406
f 400 406 404
f 360 362 363
f 360 363 364
f 360 364 365
f 360 365 366
f 360 366 367
f 360 367 361
# Vertices: 200, normals: 0, texture coordinates: 0, faces: 392

o obj5
v 0.42699999 4.88000011 0
v 0.39449999 4.90390015 0.16339999
v 0.419 4.83970022 0.1736
v 0.4535 4.81589985 0
v 0.3628 4.9066 0
v 0.33520001 4.93050003 0.1388
v 0.2987 4.88000011 0
v 0.27590001 4.90390015 0.1143
v 0.2721 4.81589985 0
v 0.25139999 4.83970022 0.1041
v 0.2987 4.75180006 0
v 0.27590001 4.77559996 0.1143
v 0.3628 4.72520018 0
v 0.33520001 4.74900007 0.1388
v 0.42699999 4.75180006 0
v 0.39449999 4.77559996 0.16339999
v 0.3019 4.92770004 0.3019
v 0.32069999 4.86359978 0.32069999
v 0.25659999 4.95429993 0.25659999
v 0.2112 4.92770004 0.2112
v 0.19239999 4.86359978 0.19239999
v 0.2112 4.79939985 0.2112
v 0.25659999 4.7729001 0.25659999
v 0.3019 4.79939985 0.3019
v 0.16339999 4.95160007 0.39449999
v 0.1736 4.88740015 0.419
v 0.1388 4.97809982 0.33520001
v 0.1143 4.95160007 0.27590001
v 0.1041 4.88740015 0.25139999
v 0.1143 4.82329988 0.27590001
v 0.1388 4.7967 0.33520001
v 0.16339999 4.82329988 0.39449999
v 0 4.59399986 0.42699999
v -0.16339999 4.61780024 0.39449999
v -0.1736 4.55369997 0.419
v 0 4.52979994 0.4535
v 0 4.62050009 0.3628
v -0.1388 4.64440012 0.33520001
v 0 4.59399986 0.2987
v -0.1143 4.61780024 0.27590001
v 0 4.52979994 0.2721
v -0.1041 4.55369997 0.25139999
v 0 4.46570015 0.2987
v -0.1143 4.48950005 0.27590001
v 0 4.43909979 0.3628
v -0.1388 4.46299982 0.33520001
v 0 4.46570015 0.42699999
v -0.16339999 4.48950005 0.39449999
v -0.3019 4.64169979 0.3019
v -0.32069999 4.57749987 0.32069999
v -0.25659999 4.66820002 0.25659999
v -0.2112 4.64169979 0.2112
v -0.19239999 4.57749987 0.19239999
v -0.2112 4.51340008 0.2112
v -0.25659999 4.48680019 0.25659999
v -0.3019 4.51340008 0.3019
v -0.39449999 4.66550016 0.16339999
v -0.419 4.6013999 0.1736
v -0.33520001 4.69210005 0.1388
v -0.27590001 4.66550016 0.1143
v -0.25139999 4.6013999 0.1041
v -0.27590001 4.53719997 0.1143
v -0.33520001 4.51060009 0.1388
v -0.39449999 4.53719997 0.16339999
v -0.42699999 4.68930006 0
v -0.4535 4.62519979 0
v -0.3628 4.71589994 0
v -0.2987 4.68930006 0
v -0.2721 4.62519979 0
v -0.2987 4.56110001 0
v -0.3628 4.53450012 0
v -0.42699999 4.56110001 0
v -0.39449999 4.71320009 -0.16339999
v -0.419 4.64900017 -0.1736
v -0.33520001 4.73969984 -0.1388
v -0.27590001 4.71320009 -0.1143
v -0.25139999 4.64900017 -0.1041
v -0.27590001 4.5848999 -0.1143
v -0.33520001 4.55830002 -0.1388
v -0.39449999 4.5848999 -0.16339999
v -0.3019 4.73699999 -0.3019
v -0.32069999 4.6729002 -0.32069999
v -0.25659999 4.76359987 -0.25659999
v -0.2112 4.73699999 -0.2112
v -0.19239999 4.6729002 -0.19239999
v -0.2112 4.6086998 -0.2112
v -0.25659999 4.58220005 -0.25659999
v -0.3019 4.6086998 -0.3019
v -0.16339999 4.76079988 -0.39449999
v -0.1736 4.6967001 -0.419
v -0.1388 4.78739977 -0.33520001
v -0.1143 4.76079988 -0.27590001
v -0.1041 4.6967001 -0.25139999
v -0.1143 4.63259983 -0.27590001
v -0.1388 4.60599995 -0.33520001
v -0.16339999 4.63259983 -0.39449999
v 0 4.78469992 -0.42699999
v 0 4.72060013 -0.4535
v 0 4.8112998 -0.3628
v 0 4.78469992 -0.2987
v 0 4.72060013 -0.2721
v 0 4.6564002 -0.2987
v 0 4.62979984 -0.3628
v 0 4.6564002 -0.42699999
v 0.16339999 4.80849981 -0.39449999
v 0.1736 4.74440002 -0.419
v 0.1388 4.83510017 -0.33520001
v 0.1143 4.80849981 -0.27590001
v 0.1041 4.74440002 -0.25139999
v 0.1143 4.68030024 -0.27590001
v 0.1388 4.65369987 -0.33520001
v 0.16339999 4.68030024 -0.39449999
v 0.3019 4.84210014 -0.3019
v 0.32069999 4.77799988 -0.32069999
v 0.25659999 4.86870003 -0.25659999
v 0.2112 4.84210014 -0.2112
v 0.19239999 4.77799988 -0.19239999
v 0.2112 4.71390009 -0.2112
v 0.25659999 4.68730021 -0.25659999
v 0.3019 4.71390009 -0.3019
v 0.39449999 4.85620022 -0.16339999
v 0.419 4.79209995 -0.1736
v 0.33520001 4.8828001 -0.1388
v 0.27590001 4.85620022 -0.1143
v 0.25139999 4.79209995 -0.1041
v 0.27590001 4.72790003 -0.1143
v 0.33520001 4.7013998 -0.1388
v 0.39449999 4.72790003 -0.16339999
v 0.0016 4.97539997 0.29840001
v 0.0015 4.91130018 0.27180001
v 0.0016 4.84709978 0.29840001
v 0.002 4.82060003 0.3624
v 0.0023 4.84709978 0.42649999
v 0.0025 4.91130018 0.45300001
v 0.0023 4.97539997 0.42649999
v 0.002 5.00199986 0.3624
v 0.42699999 4.49860001 0
v 0.39449999 4.52250004 0.16339999
v 0.419 4.45830011 0.1736
v 0.4535 4.43450022 0
v 0.3628 4.52519989 0
v 0.33520001 4.54899979 0.1388
v 0.2987 4.49860001 0
v 0.27590001 4.52250004 0.1143
v 0.2721 4.43450022 0
v 0.25139999 4.45830011 0.1041
v 0.2987 4.37029982 0
v 0.27590001 4.39419985 0.1143
v 0.3628 4.34380007 0
v 0.33520001 4.36759996 0.1388
v 0.42699999 4.37029982 0
v 0.39449999 4.39419985 0.16339999
v 0.3019 4.54629993 0.3019
v 0.32069999 4.48220015 0.32069999
v 0.25659999 4.57289982 0.25659999
v 0.2112 4.54629993 0.2112
v 0.19239999 4.48220015 0.19239999
v 0.2112 4.41800022 0.2112
v 0.25659999 4.3915 0.25659999
v 0.3019 4.41800022 0.3019
v 0.16339999 4.57009983 0.39449999
v 0.1736 4.50600004 0.419
v 0.1388 4.59670019 0.33520001
v 0.1143 4.57009983 0.27590001
v 0.1041 4.50600004 0.25139999
v 0.1143 4.44189978 0.27590001
v 0.1388 4.41529989 0.33520001
v 0.16339999 4.44189978 0.39449999
v 0 4.2125001 0.42699999
v -0.16339999 4.23640013 0.39449999
v -0.1736 4.1722002 0.419
v 0 4.14839983 0.4535
v 0 4.23909998 0.3628
v -0.1388 4.26300001 0.33520001
v 0 4.2125001 0.2987
v -0.1143 4.23640013 0.27590001
v 0 4.14839983 0.2721
v -0.1041 4.1722002 0.25139999
v 0 4.08430004 0.2987
v -0.1143 4.10809994 0.27590001
v 0 4.05770016 0.3628
v -0.1388 4.08150005 0.33520001
v 0 4.08430004 0.42699999
v -0.16339999 4.10809994 0.39449999
v -0.3019 4.26020002 0.3019
v -0.32069999 4.19610023 0.32069999
v -0.25659999 4.28679991 0.25659999
v -0.2112 4.26020002 0.2112
v -0.19239999 4.19610023 0.19239999
v -0.2112 4.13189983 0.2112
v -0.25659999 4.10540009 0.25659999
v -0.3019 4.13189983 0.3019
v -0.39449999 4.28410006 0.16339999
v -0.419 4.21990013 0.1736
v -0.33520001 4.3105998 0.1388
v -0.27590001 4.28410006 0.1143
v -0.25139999 4.21990013 0.1041
v -0.27590001 4.15579987 0.1143
v -0.33520001 4.12919998 0.1388
v -0.39449999 4.15579987 0.16339999
v -0.42699999 4.30789995 0
v -0.4535 4.24380016 0
v -0.3628 4.33449984 0
v -0.2987 4.30789995 0
v -0.2721 4.24380016 0
v -0.2987 4.17959976 0
v -0.3628 4.15310001 0
v -0.42699999 4.17959976 0
v -0.39449999 4.33169985 -0.16339999
v -0.419 4.26760006 -0.1736
v -0.33520001 4.35830021 -0.1388
v -0.27590001 4.33169985 -0.1143
v -0.25139999 4.26760006 -0.1041
v -0.27590001 4.20349979 -0.1143
v -0.33520001 4.17689991 -0.1388
v -0.39449999 4.20349979 -0.16339999
v -0.3019 4.35559988 -0.3019
v -0.32069999 4.29139996 -0.32069999
v -0.25659999 4.38219976 -0.25659999
v -0.2112 4.35559988 -0.2112
v -0.19239999 4.29139996 -0.19239999
v -0.2112 4.22730017 -0.2112
v -0.25659999 4.20069981 -0.25659999
v -0.3019 4.22730017 -0.3019
v -0.16339999 4.37939978 -0.39449999
v -0.1736 4.31529999 -0.419
v -0.1388 4.40600014 -0.33520001
v -0.1143 4.37939978 -0.27590001
v -0.1041 4.31529999 -0.25139999
v -0.1143 4.25110006 -0.27590001
v -0.1388 4.22459984 -0.33520001
v -0.16339999 4.25110006 -0.39449999
v 0 4.40329981 -0.42699999
v 0 4.33909988 -0.4535
v 0 4.42980003 -0.3628
v 0 4.40329981 -0.2987
v 0 4.33909988 -0.2721
v 0 4.2750001 -0.2987
v 0 4.24840021 -0.3628
v 0 4.2750001 -0.42699999
v 0.16339999 4.42710018 -0.39449999
v 0.1736 4.36299992 -0.419
v 0.1388 4.45370007 -0.33520001
v 0.1143 4.42710018 -0.27590001
v 0.1041 4.36299992 -0.25139999
v 0.1143 4.29879999 -0.27590001
v 0.1388 4.27229977 -0.33520001
v 0.16339999 4.29879999 -0.39449999
v 0.3019 4.46070004 -0.3019
v 0.32069999 4.39659977 -0.32069999
v 0.25659999 4.48729992 -0.25659999
v 0.2112 4.46070004 -0.2112
v 0.19239999 4.39659977 -0.19239999
v 0.2112 4.33239985 -0.2112
v 0.25659999 4.3059001 -0.25659999
v 0.3019 4.33239985 -0.3019
v 0.39449999 4.47480011 -0.16339999
v 0.419 4.41060019 -0.1736
v 0.33520001 4.50129986 -0.1388
v 0.27590001 4.47480011 -0.1143
v 0.25139999 4.41060019 -0.1041
v 0.27590001 4.34649992 -0.1143
v 0.33520001 4.31990004 -0.1388
v 0.39449999 4.34649992 -0.16339999
v 0.0016 4.59399986 0.29840001
v 0.0015 4.52979994 0.27180001
v 0.0016 4.46570015 0.29840001
v 0.002 4.43909979 0.3624
v 0.0023 4.46570015 0.42649999
v 0.0025 4.52979994 0.45300001
v 0.0023 4.59399986 0.42649999
v 0.002 4.62050009 0.3624
v 0.42699999 4.1170001 0
v 0.39449999 4.1408 0.16339999
v 0.419 4.07670021 0.1736
v 0.4535 4.05280018 0
v 0.3628 4.14349985 0
v 0.33520001 4.16739988 0.1388
v 0.2987 4.1170001 0
v 0.27590001 4.1408 0.1143
v 0.2721 4.05280018 0
v 0.25139999 4.07670021 0.1041
v 0.2987 3.98869991 0
v 0.27590001 4.01249981 0.1143
v 0.3628 3.96210003 0
v 0.33520001 3.98589993 0.1388
v 0.42699999 3.98869991 0
v 0.39449999 4.01249981 0.16339999
v 0.3019 4.1645999 0.3019
v 0.32069999 4.10050011 0.32069999
v 0.25659999 4.19119978 0.25659999
v 0.2112 4.1645999 0.2112
v 0.19239999 4.10050011 0.19239999
v 0.2112 4.03639984 0.2112
v 0.25659999 4.00979996 0.25659999
v 0.3019 4.03639984 0.3019
v 0.16339999 4.18849993 0.39449999
v 0.1736 4.1243 0.419
v 0.1388 4.21500015 0.33520001
v 0.1143 4.18849993 0.27590001
v 0.1041 4.1243 0.25139999
v 0.1143 4.06020021 0.27590001
v 0.1388 4.03359985 0.33520001
v 0.16339999 4.06020021 0.39449999
v 0 3.83089995 0.42699999
v -0.16339999 3.85470009 0.39449999
v -0.1736 3.79060006 0.419
v 0 3.76670003 0.4535
v 0 3.85739994 0.3628
v -0.1388 3.88129997 0.33520001
v 0 3.83089995 0.2987
v -0.1143 3.85470009 0.27590001
v 0 3.76670003 0.2721
v -0.1041 3.79060006 0.25139999
v 0 3.7026 0.2987
v -0.1143 3.7263999 0.27590001
v 0 3.67600012 0.3628
v -0.1388 3.69989991 0.33520001
v 0 3.7026 0.42699999
v -0.16339999 3.7263999 0.39449999
v -0.3019 3.87859988 0.3019
v -0.32069999 3.81439996 0.32069999
v -0.25659999 3.90510011 0.25659999
v -0.2112 3.87859988 0.2112
v -0.19239999 3.81439996 0.19239999
v -0.2112 3.75029993 0.2112
v -0.25659999 3.72370005 0.25659999
v -0.3019 3.75029993 0.3019
v -0.39449999 3.90240002 0.16339999
v -0.419 3.83829999 0.1736
v -0.33520001 3.9289999 0.1388
v -0.27590001 3.90240002 0.1143
v -0.25139999 3.83829999 0.1041
v -0.27590001 3.77410007 0.1143
v -0.33520001 3.74760008 0.1388
v -0.39449999 3.77410007 0.16339999
v -0.42699999 3.92619991 0
v -0.4535 3.86209989 0
v -0.3628 3.95280004 0
v -0.2987 3.92619991 0
v -0.2721 3.86209989 0
v -0.2987 3.7980001 0
v -0.3628 3.77139997 0
v -0.42699999 3.7980001 0
v -0.39449999 3.95009995 -0.16339999
v -0.419 3.88590002 -0.1736
v -0.33520001 3.97659993 -0.1388
v -0.27590001 3.95009995 -0.1143
v -0.25139999 3.88590002 -0.1041
v -0.27590001 3.82179999 -0.1143
v -0.33520001 3.79520011 -0.1388
v -0.39449999 3.82179999 -0.16339999
v -0.3019 3.97390008 -0.3019
v -0.32069999 3.90980005 -0.32069999
v -0.25659999 4.0005002 -0.25659999
v -0.2112 3.97390008 -0.2112
v -0.19239999 3.90980005 -0.19239999
v -0.2112 3.84559989 -0.2112
v -0.25659999 3.8190999 -0.25659999
v -0.3019 3.84559989 -0.3019
v -0.16339999 3.99780011 -0.39449999
v -0.1736 3.93359995 -0.419
v -0.1388 4.0243001 -0.33520001
v -0.1143 3.99780011 -0.27590001
v -0.1041 3.93359995 -0.25139999
v -0.1143 3.86949992 -0.27590001
v -0.1388 3.84290004 -0.33520001
v -0.16339999 3.86949992 -0.39449999
v 0 4.02159977 -0.42699999
v 0 3.95749998 -0.4535
v 0 4.04820013 -0.3628
v 0 4.02159977 -0.2987
v 0 3.95749998 -0.2721
v 0 3.89330006 -0.2987
v 0 3.86680007 -0.3628
v 0 3.89330006 -0.42699999
v 0.16339999 4.04540014 -0.39449999
v 0.1736 3.98130012 -0.419
v 0.1388 4.07200003 -0.33520001
v 0.1143 4.04540014 -0.27590001
v 0.1041 3.98130012 -0.25139999
v 0.1143 3.91720009 -0.27590001
v 0.1388 3.89059997 -0.33520001
v 0.16339999 3.91720009 -0.39449999
v 0.3019 4.079 -0.3019
v 0.32069999 4.01490021 -0.32069999
v 0.25659999 4.10559988 -0.25659999
v 0.2112 4.079 -0.2112
v 0.19239999 4.01490021 -0.19239999
v 0.2112 3.95079994 -0.2112
v 0.25659999 3.92420006 -0.25659999
v 0.3019 3.95079994 -0.3019
v 0.39449999 4.09310007 -0.16339999
v 0.419 4.02899981 -0.1736
v 0.33520001 4.11969995 -0.1388
v 0.27590001 4.09310007 -0.1143
v 0.25139999 4.02899981 -0.1041
v 0.27590001 3.96479988 -0.1143
v 0.33520001 3.93829989 -0.1388
v 0.39449999 3.96479988 -0.16339999
v 0.0016 4.21229982 0.29840001
v 0.0015 4.14820004 0.27180001
v 0.0016 4.08400011 0.29840001
v 0.002 4.05749989 0.3624
v 0.0023 4.08400011 0.42649999
v 0.0025 4.14820004 0.45300001
v 0.0023 4.21229982 0.42649999
v 0.002 4.23890018 0.3624
usemtl mat7
f 504 505 506
f 504 506 507
f 508 509 505
f 508 505 504
f 510 511 509
f 510 509 508
f 512 513 511
f 512 511 510
f 514 515 513
f 514 513 512
f 516 517 515
f 516 515 514
f 518 519 517
f 518 517 516
f 507 506 519
f 507 519 518
f 505 520 521
f 505 521 506
f 509 522 520
f 509 520 505
f 511 523 522
f 511 522 509
f 513 524 523
f 513 523 511
f 515 525 524
f 515 524 513
f 517 526 525
f 517 525 515
f 519 527 526
f 519 526 517
f 506 521 527
f 506 527 519
f 520 528 529
f 520 529 521
f 522 530 528
f 522 528 520
f 523 531 530
f 523 530 522
f 524 532 531
f 524 531 523
f 525 533 532
f 525 532 524
f 526 534 533
f 526 533 525
f 527 535 534
f 527 534 526
f 521 529 535
f 521 535 527
f 536 537 538
f 536 538 539
f 540 541 537
f 540 537 536
f 542 543 541
f 542 541 540
f 544 545 543
f 544 543 542
f 546 547 545
f 546 545 544
f 548 549 547
f 548 547 546
f 550 551 549
f 550 549 548
f 539 538 551
f 539 551 550
f 537 552 553
f 537 553 538
f 541 554 552
f 541 552 537
f 543 555 554
f 543 554 541
f 545 556 555
f 545 555 543
f 547 557 556
f 547 556 545
f 549 558 557
f 549 557 547
f 551 559 558
f 551 558 549
f 538 553 559
f 538 559 551
f 552 560 561
f 552 561 553
f 554 562 560
f 554 560 552
f 555 563 562
f 555 562 554
f 556 564 563
f 556 563 555
f 557 565 564
f 557 564 556
f 558 566 565
f 558 565 557
f 559 567 566
f 559 566 558
f 553 561 567
f 553 567 559
f 560 568 569
f 560 569 561
f 562 570 568
f 562 568 560
f 563 571 570
f 563 570 562
f 564 572 571
f 564 571 563
f 565 573 572
f 565 572 564
f 566 574 573
f 566 573 565
f 567 575 574
f 567 574 566
f 561 569 575
f 561 575 567
f 568 576 577
f 568 577 569
f 570 578 576
f 570 576 568
f 571 579 578
f 571 578 570
f 572 580 579
f 572 579 571
f 573 581 580
f 573 580 572
f 574 582 581
f 574 581 573
f 575 583 582
f 575 582 574
f 569 577 583
f 569 583 575
f 576 584 585
f 576 585 577
f 578 586 584
f 578 584 576
f 579 587 586
f 579 586 578
f 580 588 587
f 580 587 579
f 581 589 588
f 581 588 580
f 582 590 589
f 582 589 581
f 583 591 590
f 583 590 582
f 577 585 591
f 577 591 583
f 584 592 593
f 584 593 585
f 586 594 592
f 586 592 584
f 587 595 594
f 587 594 586
f 588 596 595
f 588 595 587
f 589 597 596
f 589 596 588
f 590 598 597
f 590 597 589
f 591 599 598
f 591 598 590
f 585 593 599
f 585 599 591
f 592 600 601
f 592 601 593
f 594 602 600
f 594 600 592
f 595 603 602
f 595 602 594
f 596 604 603
f 596 603 595
f 597 605 604
f 597 604 596
f 598 606 605
f 598 605 597
f 599 607 606
f 599 606 598
f 593 601 607
f 593 607 599
f 600 608 609
f 600 609 601
f 602 610 608
f 602 608 600
f 603 611 610
f 603 610 602
f 604 612 611
f 604 611 603
f 605 613 612
f 605 612 604
f 606 614 613
f 606 613 605
f 607 615 614
f 607 614 606
f 601 609 615
f 601 615 607
f 608 616 617
f 608 617 609
f 610 618 616
f 610 616 608
f 611 619 618
f 611 618 610
f 612 620 619
f 612 619 611
f 613 621 620
f 613 620 612
f 614 622 621
f 614 621 613
f 615 623 622
f 615 622 614
f 609 617 623
f 609 623 615
f 616 624 625
f 616 625 617
f 618 626 624
f 618 624 616
f 619 627 626
f 619 626 618
f 620 628 627
f 620 627 619
f 621 629 628
f 621 628 620
f 622 630 629
f 622 629 621
f 623 631 630
f 623 630 622
f 617 625 631
f 617 631 623
f 624 504 507
f 624 507 625
f 626 508 504
f 626 504 624
f 627 510 508
f 627 508 626
f 628 512 510
f 628 510 627
f 629 514 512
f 629 512 628
f 630 516 514
f 630 514 629
f 631 518 516
f 631 516 630
f 625 507 518
f 625 518 631
f 632 531 532
f 632 532 633
f 633 532 533
f 633 533 634
f 634 533 534
f 634 534 635
f 635 534 535
f 635 535 636
f 636 535 529
f 636 529 637
f 637 529 528
f 637 528 638
f 638 528 530
f 638 530 639
f 639 530 531
f 639 531 632
f 633 634 635
f 633 635 636
f 633 636 637
f 633 637 638
f 633 638 639
f 633 639 632
f 536 539 550
f 536 550 548
f 536 548 546
f 536 546 544
f 536 544 542
f 536 542 540
f 640 641 642
f 640 642 643
f 644 645 641
f 644 641 640
f 646 647 645
f 646 645 644
f 648 649 647
f 648 647 646
f 650 651 649
f 650 649 648
f 652 653 651
f 652 651 650
f 654 655 653
f 654 653 652
f 643 642 655
f 643 655 654
f 641 656 657
f 641 657 642
f 645 658 656
f 645 656 641
f 647 659 658
f 647 658 645
f 649 660 659
f 649 659 647
f 651 661 660
f 651 660 649
f 653 662 661
f 653 661 651
f 655 663 662
f 655 662 653
f 642 657 663
f 642 663 655
f 656 664 665
f 656 665 657
f 658 666 664
f 658 664 656
f 659 667 666
f 659 666 658
f 660 668 667
f 660 667 659
f 661 669 668
f 661 668 660
f 662 670 669
f 662 669 661
f 663 671 670
f 663 670 662
f 657 665 671
f 657 671 663
f 672 673 674
f 672 674 675
f 676 677 673
f 676 673 672
f 678 679 677
f 678 677 676
f 680 681 679
f 680 679 678
f 682 683 681
f 682 681 680
f 684 685 683
f 684 683 682
f 686 687 685
f 686 685 684
f 675 674 687
f 675 687 686
f 673 688 689
f 673 689 674
f 677 690 688
f 677 688 673
f 679 691 690
f 679 690 677
f 681 692 691
f 681 691 679
f 683 693 692
f 683 692 681
f 685 694 693
f 685 693 683
f 687 695 694
f 687 694 685
f 674 689 695
f 674 695 687
f 688 696 697
f 688 697 689
f 690 698 696
f 690 696 688
f 691 699 698
f 691 698 690
f 692 700 699
f 692 699 691
f 693 701 700
f 693 700 692
f 694 702 701
f 694 701 693
f 695 703 702
f 695 702 694
f 689 697 703
f 689 703 695
f 696 704 705
f 696 705 697
f 698 706 704
f 698 704 696
f 699 707 706
f 699 706 698
f 700 708 707
f 700 707 699
f 701 709 708
f 701 708 700
f 702 710 709
f 702 709 701
f 703 711 710
f 703 710 702
f 697 705 711
f 697 711 703
f 704 712 713
f 704 713 705
f 706 714 712
f 706 712 704
f 707 715 714
f 707 714 706
f 708 716 715
f 708 715 707
f 709 717 716
f 709 716 708
f 710 718 717
f 710 717 709
f 711 719 718
f 711 718 710
f 705 713 719
f 705 719 711
f 712 720 721
f 712 721 713
f 714 722 720
f 714 720 712
f 715 723 722
f 715 722 714
f 716 724 723
f 716 723 715
f 717 725 724
f 717 724 716
f 718 726 725
f 718 725 717
f 719 727 726
f 719 726 718
f 713 721 727
f 713 727 719
f 720 728 729
f 720 729 721
f 722 730 728
f 722 728 720
f 723 731 730
f 723 730 722
f 724 732 731
f 724 731 723
f 725 733 732
f 725 732 724
f 726 734 733
f 726 733 725
f 727 735 734
f 727 734 726
f 721 729 735
f 721 735 727
f 728 736 737
f 728 737 729
f 730 738 736
f 730 736 728
f 731 739 738
f 731 738 730
f 732 740 739
f 732 739 731
f 733 741 740
f 733 740 732
f 734 742 741
f 734 741 733
f 735 743 742
f 735 742 734
f 729 737 743
f 729 743 735
f 736 744 745
f 736 745 737
f 738 746 744
f 738 744 736
f 739 747 746
f 739 746 738
f 740 748 747
f 740 747 739
f 741 749 748
f 741 748 740
f 742 750 749
f 742 749 741
f 743 751 750
f 743 750 742
f 737 745 751
f 737 751 743
f 744 752 753
f 744 753 745
f 746 754 752
f 746 752 744
f 747 755 754
f 747 754 746
f 748 756 755
f 748 755 747
f 749 757 756
f 749 756 748
f 750 758 757
f 750 757 749
f 751 759 758
f 751 758 750
f 745 753 759
f 745 759 751
f 752 760 761
f 752 761 753
f 754 762 760
f 754 760 752
f 755 763 762
f 755 762 754
f 756 764 763
f 756 763 755
f 757 765 764
f 757 764 756
f 758 766 765
f 758 765 757
f 759 767 766
f 759 766 758
f 753 761 767
f 753 767 759
f 760 640 643
f 760 643 761
f 762 644 640
f 762 640 760
f 763 646 644
f 763 644 762
f 764 648 646
f 764 646 763
f 765 650 648
f 765 648 764
f 766 652 650
f 766 650 765
f 767 654 652
f 767 652 766
f 761 643 654
f 761 654 767
f 768 667 668
f 768 668 769
f 769 668 669
f 769 669 770
f 770 669 670
f 770 670 771
f 771 670 671
f 771 671 772
f 772 671 665
f 772 665 773
f 773 665 664
f 773 664 774
f 774 664 666
f 774 666 775
f 775 666 667
f 775 667 768
f 769 770 771
f 769 771 772
f 769 772 773
f 769 773 774
f 769 774 775
f 769 775 768
f 672 675 686
f 672 686 684
f 672 684 682
f 672 682 680
f 672 680 678
f 672 678 676
f 776 777 778
f 776 778 779
f 780 781 777
f 780 777 776
f 782 783 781
f 782 781 780
f 784 785 783
f 784 783 782
f 786 787 785
f 786 785 784
f 788 789 787
f 788 787 786
f 790 791 789
f 790 789 788
f 779 778 791
f 779 791 790
f 777 792 793
f 777 793 778
f 781 794 792
f 781 792 777
f 783 795 794
f 783 794 781
f 785 796 795
f 785 795 783
f 787 797 796
f 787 796 785
f 789 798 797
f 789 797 787
f 791 799 798
f 791 798 789
f 778 793 799
f 778 799 791
f 792 800 801
f 792 801 793
f 794 802 800
f 794 800 792
f 795 803 802
f 795 802 794
f 796 804 803
f 796 803 795
f 797 805 804
f 797 804 796
f 798 806 805
f 798 805 797
f 799 807 806
f 799 806 798
f 793 801 807
f 793 807 799
f 808 809 810
f 808 810 811
f 812 813 809
f 812 809 808
f 814 815 813
f 814 813 812
f 816 817 815
f 816 815 814
f 818 819 817
f 818 817 816
f 820 821 819
f 820 819 818
f 822 823 821
f 822 821 820
f 811 810 823
f 811 823 822
f 809 824 825
f 809 825 810
f 813 826 824
f 813 824 809
f 815 827 826
f 815 826 813
f 817 828 827
f 817 827 815
f 819 829 828
f 819 828 817
f 821 830 829
f 821 829 819
f 823 831 830
f 823 830 821
f 810 825 831
f 810 831 823
f 824 832 833
f 824 833 825
f 826 834 832
f 826 832 824
f 827 835 834
f 827 834 826
f 828 836 835
f 828 835 827
f 829 837 836
f 829 836 828
f 830 838 837
f 830 837 829
f 831 839 838
f 831 838 830
f 825 833 839
f 825 839 831
f 832 840 841
f 832 841 833
f 834 842 840
f 834 840 832
f 835 843 842
f 835 842 834
f 836 844 843
f 836 843 835
f 837 845 844
f 837 844 836
f 838 846 845
f 838 845 837
f 839 847 846
f 839 846 838
f 833 841 847
f 833 847 839
f 840 848 849
f 840 849 841
f 842 850 848
f 842 848 840
f 843 851 850
f 843 850 842
f 844 852 851
f 844 851 843
f 845 853 852
f 845 852 844
f 846 854 853
f 846 853 845
f 847 855 854
f 847 854 846
f 841 849 855
f 841 855 847
f 848 856 857
f 848 857 849
f 850 858 856
f 850 856 848
f 851 859 858
f 851 858 850
f 852 860 859
f 852 859 851
f 853 861 860
f 853 860 852
f 854 862 861
f 854 861 853
f 855 863 862
f 855 862 854
f 849 857 863
f 849 863 855
f 856 864 865
f 856 865 857
f 858 866 864
f 858 864 856
f 859 867 866
f 859 866 858
f 860 868 867
f 860 867 859
f 861 869 868
f 861 868 860
f 862 870 869
f 862 869 861
f 863 871 870
f 863 870 862
f 857 865 871
f 857 871 863
f 864 872 873
f 864 873 865
f 866 874 872
f 866 872 864
f 867 875 874
f 867 874 866
f 868 876 875
f 868 875 867
f 869 877 876
f 869 876 868
f 870 878 877
f 870 877 869
f 871 879 878
f 871 878 870
f 865 873 879
f 865 879 871
f 872 880 881
f 872 881 873
f 874 882 880
f 874 880 872
f 875 883 882
f 875 882 874
f 876 884 883
f 876 883 875
f 877 885 884
f 877 884 876
f 878 886 885
f 878 885 877
f 879 887 886
f 879 886 878
f 873 881 887
f 873 887 879
f 880 888 889
f 880 889 881
f 882 890 888
f 882 888 880
f 883 891 890
f 883 890 882
f 884 892 891
f 884 891 883
f 885 893 892
f 885 892 884
f 886 894 893
f 886 893 885
f 887 895 894
f 887 894 886
f 881 889 895
f 881 895 887
f 888 896 897
f 888 897 889
f 890 898 896
f 890 896 888
f 891 899 898
f 891 898 890
f 892 900 899
f 892 899 891
f 893 901 900
f 893 900 892
f 894 902 901
f 894 901 893
f 895 903 902
f 895 902 894
f 889 897 903
f 889 903 895
f 896 776 779
f 896 779 897
f 898 780 776
f 898 776 896
f 899 782 780
f 899 780 898
f 900 784 782
f 900 782 899
f 901 786 784
f 901 784 900
f 902 788 786
f 902 786 901
f 903 790 788
f 903 788 902
f 897 779 790
f 897 790 903
f 904 803 804
f 904 804 905
f 905 804 805
f 905 805 906
f 906 805 806
f 906 806 907
f 907 806 807
f 907 807 908
f 908 807 801
f 908 801 909
f 909 801 800
f 909 800 910
f 910 800 802
f 910 802 911
f 911 802 803
f 911 803 904
f 905 906 907
f 905 907 908
f 905 908 909
f 905 909 910
f 905 910 911
f 905 911 904
f 808 811 822
f 808 822 820
f 808 820 818
f 808 818 816
f 808 816 814
f 808 814 812
# Vertices: 408, normals: 0, texture coordinates: 0, faces: 804

o obj6
v 0.42699999 3.73180008 0
v 0.39449999 3.75570011 0.16339999
v 0.419 3.69149995 0.1736
v 0.4535 3.66770005 0
v 0.3628 3.75839996 0
v 0.33520001 3.7822001 0.1388
v 0.2987 3.73180008 0
v 0.27590001 3.75570011 0.1143
v 0.2721 3.66770005 0
v 0.25139999 3.69149995 0.1041
v 0.2987 3.60360003 0
v 0.27590001 3.62739992 0.1143
v 0.3628 3.5769999 0
v 0.33520001 3.60080004 0.1388
v 0.42699999 3.60360003 0
v 0.39449999 3.62739992 0.16339999
v 0.3019 3.77950001 0.3019
v 0.32069999 3.71539998 0.32069999
v 0.25659999 3.80609989 0.25659999
v 0.2112 3.77950001 0.2112
v 0.19239999 3.71539998 0.19239999
v 0.2112 3.65120006 0.2112
v 0.25659999 3.62470007 0.25659999
v 0.3019 3.65120006 0.3019
v 0.16339999 3.80340004 0.39449999
v 0.1736 3.73920012 0.419
v 0.1388 3.82990003 0.33520001
v 0.1143 3.80340004 0.27590001
v 0.1041 3.73920012 0.25139999
v 0.1143 3.67510009 0.27590001
v 0.1388 3.64849997 0.33520001
v 0.16339999 3.67510009 0.39449999
v 0 3.44580007 0.42699999
v -0.16339999 3.46959996 0.39449999
v -0.1736 3.40549994 0.419
v 0 3.3815999 0.4535
v 0 3.47230005 0.3628
v -0.1388 3.49620008 0.33520001
v 0 3.44580007 0.2987
v -0.1143 3.46959996 0.27590001
v 0 3.3815999 0.2721
v -0.1041 3.40549994 0.25139999
v 0 3.31750011 0.2987
v -0.1143 3.34130001 0.27590001
v 0 3.29089999 0.3628
v -0.1388 3.31480002 0.33520001
v 0 3.31750011 0.42699999
v -0.16339999 3.34130001 0.39449999
v -0.3019 3.4934001 0.3019
v -0.32069999 3.42930007 0.32069999
v -0.25659999 3.51999998 0.25659999
v -0.2112 3.4934001 0.2112
v -0.19239999 3.42930007 0.19239999
v -0.2112 3.36520004 0.2112
v -0.25659999 3.33859992 0.25659999
v -0.3019 3.36520004 0.3019
v -0.39449999 3.51729989 0.16339999
v -0.419 3.45309997 0.1736
v -0.33520001 3.54390001 0.1388
v -0.27590001 3.51729989 0.1143
v -0.25139999 3.45309997 0.1041
v -0.27590001 3.38899994 0.1143
v -0.33520001 3.36240005 0.1388
v -0.39449999 3.38899994 0.16339999
v -0.42699999 3.54110003 0
v -0.4535 3.477 0
v -0.3628 3.56769991 0
v -0.2987 3.54110003 0
v -0.2721 3.477 0
v -0.2987 3.41289997 0
v -0.3628 3.38630009 0
v -0.42699999 3.41289997 0
v -0.39449999 3.56500006 -0.16339999
v -0.419 3.50079989 -0.1736
v -0.33520001 3.59150004 -0.1388
v -0.27590001 3.56500006 -0.1143
v -0.25139999 3.50079989 -0.1041
v -0.27590001 3.43670011 -0.1143
v -0.33520001 3.41009998 -0.1388
v -0.39449999 3.43670011 -0.16339999
v -0.3019 3.58879995 -0.3019
v -0.32069999 3.52469993 -0.32069999
v -0.25659999 3.61540008 -0.25659999
v -0.2112 3.58879995 -0.2112
v -0.19239999 3.52469993 -0.19239999
v -0.2112 3.4605 -0.2112
v -0.25659999 3.43400002 -0.25659999
v -0.3019 3.4605 -0.3019
v -0.16339999 3.61260009 -0.39449999
v -0.1736 3.54850006 -0.419
v -0.1388 3.63919997 -0.33520001
v -0.1143 3.61260009 -0.27590001
v -0.1041 3.54850006 -0.25139999
v -0.1143 3.48440003 -0.27590001
v -0.1388 3.45779991 -0.33520001
v -0.16339999 3.48440003 -0.39449999
v 0 3.63649988 -0.42699999
v 0 3.57229996 -0.4535
v 0 3.66300011 -0.3628
v 0 3.63649988 -0.2987
v 0 3.57229996 -0.2721
v 0 3.50819993 -0.2987
v 0 3.48160005 -0.3628
v 0 3.50819993 -0.42699999
v 0.16339999 3.66030002 -0.39449999
v 0.1736 3.59619999 -0.419
v 0.1388 3.6868999 -0.33520001
v 0.1143 3.66030002 -0.27590001
v 0.1041 3.59619999 -0.25139999
v 0.1143 3.53200006 -0.27590001
v 0.1388 3.50550008 -0.33520001
v 0.16339999 3.53200006 -0.39449999
v 0.3019 3.69390011 -0.3019
v 0.32069999 3.62980008 -0.32069999
v 0.25659999 3.72049999 -0.25659999
v 0.2112 3.69390011 -0.2112
v 0.19239999 3.62980008 -0.19239999
v 0.2112 3.56570005 -0.2112
v 0.25659999 3.53909993 -0.25659999
v 0.3019 3.56570005 -0.3019
v 0.39449999 3.70799994 -0.16339999
v 0.419 3.64389992 -0.1736
v 0.33520001 3.73460007 -0.1388
v 0.27590001 3.70799994 -0.1143
v 0.25139999 3.64389992 -0.1041
v 0.27590001 3.57969999 -0.1143
v 0.33520001 3.55320001 -0.1388
v 0.39449999 3.57969999 -0.16339999
v 0.0016 3.82719994 0.29840001
v 0.0015 3.76309991 0.27180001
v 0.0016 3.69889998 0.29840001
v 0.002 3.6724 0.3624
v 0.0023 3.69889998 0.42649999
v 0.0025 3.76309991 0.45300001
v 0.0023 3.82719994 0.42649999
v 0.002 3.85380006 0.3624
v 0.42699999 3.35039997 0
v 0.39449999 3.3743 0.16339999
v 0.419 3.31010008 0.1736
v 0.4535 3.28629994 0
v 0.3628 3.37700009 0
v 0.33520001 3.40079999 0.1388
v 0.2987 3.35039997 0
v 0.27590001 3.3743 0.1143
v 0.2721 3.28629994 0
v 0.25139999 3.31010008 0.1041
v 0.2987 3.22210002 0
v 0.27590001 3.24600005 0.1143
v 0.3628 3.19560003 0
v 0.33520001 3.21939993 0.1388
v 0.42699999 3.22210002 0
v 0.39449999 3.24600005 0.16339999
v 0.3019 3.3980999 0.3019
v 0.32069999 3.33400011 0.32069999
v 0.25659999 3.42470002 0.25659999
v 0.2112 3.3980999 0.2112
v 0.19239999 3.33400011 0.19239999
v 0.2112 3.26979995 0.2112
v 0.25659999 3.24320006 0.25659999
v 0.3019 3.26979995 0.3019
v 0.16339999 3.42190003 0.39449999
v 0.1736 3.35780001 0.419
v 0.1388 3.44849992 0.33520001
v 0.1143 3.42190003 0.27590001
v 0.1041 3.35780001 0.25139999
v 0.1143 3.29369998 0.27590001
v 0.1388 3.2671001 0.33520001
v 0.16339999 3.29369998 0.39449999
v 0 3.06430006 0.42699999
v -0.16339999 3.08820009 0.39449999
v -0.1736 3.02399993 0.419
v 0 3.00020003 0.4535
v 0 3.09089994 0.3628
v -0.1388 3.11470008 0.33520001
v 0 3.06430006 0.2987
v -0.1143 3.08820009 0.27590001
v 0 3.00020003 0.2721
v -0.1041 3.02399993 0.25139999
v 0 2.93610001 0.2987
v -0.1143 2.9598999 0.27590001
v 0 2.90949988 0.3628
v -0.1388 2.93330002 0.33520001
v 0 2.93610001 0.42699999
v -0.16339999 2.9598999 0.39449999
v -0.3019 3.11199999 0.3019
v -0.32069999 3.04789996 0.32069999
v -0.25659999 3.13860011 0.25659999
v -0.2112 3.11199999 0.2112
v -0.19239999 3.04789996 0.19239999
v -0.2112 2.98370004 0.2112
v -0.25659999 2.95720005 0.25659999
v -0.3019 2.98370004 0.3019
v -0.39449999 3.13590002 0.16339999
v -0.419 3.0717001 0.1736
v -0.33520001 3.16240001 0.1388
v -0.27590001 3.13590002 0.1143
v -0.25139999 3.0717001 0.1041
v -0.27590001 3.00760007 0.1143
v -0.33520001 2.98099995 0.1388
v -0.39449999 3.00760007 0.16339999
v -0.42699999 3.15969992 0
v -0.4535 3.09559989 0
v -0.3628 3.18630004 0
v -0.2987 3.15969992 0
v -0.2721 3.09559989 0
v -0.2987 3.03139997 0
v -0.3628 3.00489998 0
v -0.42699999 3.03139997 0
v -0.39449999 3.18350005 -0.16339999
v -0.419 3.11940002 -0.1736
v -0.33520001 3.21009994 -0.1388
v -0.27590001 3.18350005 -0.1143
v -0.25139999 3.11940002 -0.1041
v -0.27590001 3.0553 -0.1143
v -0.33520001 3.02870011 -0.1388
v -0.39449999 3.0553 -0.16339999
v -0.3019 3.20740008 -0.3019
v -0.32069999 3.14319992 -0.32069999
v -0.25659999 3.23390007 -0.25659999
v -0.2112 3.20740008 -0.2112
v -0.19239999 3.14319992 -0.19239999
v -0.2112 3.07909989 -0.2112
v -0.25659999 3.05250001 -0.25659999
v -0.3019 3.07909989 -0.3019
v -0.16339999 3.23119998 -0.39449999
v -0.1736 3.16709995 -0.419
v -0.1388 3.2578001 -0.33520001
v -0.1143 3.23119998 -0.27590001
v -0.1041 3.16709995 -0.25139999
v -0.1143 3.10290003 -0.27590001
v -0.1388 3.07640004 -0.33520001
v -0.16339999 3.10290003 -0.39449999
v 0 3.25510001 -0.42699999
v 0 3.19090009 -0.4535
v 0 3.2816 -0.3628
v 0 3.25510001 -0.2987
v 0 3.19090009 -0.2721
v 0 3.12680006 -0.2987
v 0 3.10019994 -0.3628
v 0 3.12680006 -0.42699999
v 0.16339999 3.27889991 -0.39449999
v 0.1736 3.21479988 -0.419
v 0.1388 3.30550003 -0.33520001
v 0.1143 3.27889991 -0.27590001
v 0.1041 3.21479988 -0.25139999
v 0.1143 3.15059996 -0.27590001
v 0.1388 3.12400007 -0.33520001
v 0.16339999 3.15059996 -0.39449999
v 0.3019 3.3125 -0.3019
v 0.32069999 3.24839997 -0.32069999
v 0.25659999 3.33909988 -0.25659999
v 0.2112 3.3125 -0.2112
v 0.19239999 3.24839997 -0.19239999
v 0.2112 3.18420005 -0.2112
v 0.25659999 3.15770006 -0.25659999
v 0.3019 3.18420005 -0.3019
v 0.39449999 3.32660007 -0.16339999
v 0.419 3.26239991 -0.1736
v 0.33520001 3.35310006 -0.1388
v 0.27590001 3.32660007 -0.1143
v 0.25139999 3.26239991 -0.1041
v 0.27590001 3.19829988 -0.1143
v 0.33520001 3.1717 -0.1388
v 0.39449999 3.19829988 -0.16339999
v 0.0016 3.44580007 0.29840001
v 0.0015 3.3815999 0.27180001
v 0.0016 3.31750011 0.29840001
v 0.002 3.29089999 0.3624
v 0.0023 3.31750011 0.42649999
v 0.0025 3.3815999 0.45300001
v 0.0023 3.44580007 0.42649999
v 0.002 3.47230005 0.3624
v 0.42699999 2.96869993 0
v 0.39449999 2.99259996 0.16339999
v 0.419 2.92840004 0.1736
v 0.4535 2.90459991 0
v 0.3628 2.99530005 0
v 0.33520001 3.01920009 0.1388
v 0.2987 2.96869993 0
v 0.27590001 2.99259996 0.1143
v 0.2721 2.90459991 0
v 0.25139999 2.92840004 0.1041
v 0.2987 2.84050012 0
v 0.27590001 2.86430001 0.1143
v 0.3628 2.81389999 0
v 0.33520001 2.83769989 0.1388
v 0.42699999 2.84050012 0
v 0.39449999 2.86430001 0.16339999
v 0.3019 3.0164001 0.3019
v 0.32069999 2.95230007 0.32069999
v 0.25659999 3.04299998 0.25659999
v 0.2112 3.0164001 0.2112
v 0.19239999 2.95230007 0.19239999
v 0.2112 2.88809991 0.2112
v 0.25659999 2.86159992 0.25659999
v 0.3019 2.88809991 0.3019
v 0.16339999 3.04029989 0.39449999
v 0.1736 2.97609997 0.419
v 0.1388 3.06680012 0.33520001
v 0.1143 3.04029989 0.27590001
v 0.1041 2.97609997 0.25139999
v 0.1143 2.91199994 0.27590001
v 0.1388 2.88540006 0.33520001
v 0.16339999 2.91199994 0.39449999
v 0 2.68269992 0.42699999
v -0.16339999 2.70650005 0.39449999
v -0.1736 2.64240003 0.419
v 0 2.61849999 0.4535
v 0 2.70919991 0.3628
v -0.1388 2.73309994 0.33520001
v 0 2.68269992 0.2987
v -0.1143 2.70650005 0.27590001
v 0 2.61849999 0.2721
v -0.1041 2.64240003 0.25139999
v 0 2.55439997 0.2987
v -0.1143 2.5782001 0.27590001
v 0 2.52780008 0.3628
v -0.1388 2.55170012 0.33520001
v 0 2.55439997 0.42699999
v -0.16339999 2.5782001 0.39449999
v -0.3019 2.73040009 0.3019
v -0.32069999 2.66619992 0.32069999
v -0.25659999 2.75690007 0.25659999
v -0.2112 2.73040009 0.2112
v -0.19239999 2.66619992 0.19239999
v -0.2112 2.6020999 0.2112
v -0.25659999 2.57550001 0.25659999
v -0.3019 2.6020999 0.3019
v -0.39449999 2.75419998 0.16339999
v -0.419 2.69009995 0.1736
v -0.33520001 2.7808001 0.1388
v -0.27590001 2.75419998 0.1143
v -0.25139999 2.69009995 0.1041
v -0.27590001 2.62590003 0.1143
v -0.33520001 2.59940004 0.1388
v -0.39449999 2.62590003 0.16339999
v -0.42699999 2.77800012 0
v -0.4535 2.71390009 0
v -0.3628 2.8046 0
v -0.2987 2.77800012 0
v -0.2721 2.71390009 0
v -0.2987 2.64980006 0
v -0.3628 2.62319994 0
v -0.42699999 2.64980006 0
v -0.39449999 2.80189991 -0.16339999
v -0.419 2.73769999 -0.1736
v -0.33520001 2.8283999 -0.1388
v -0.27590001 2.80189991 -0.1143
v -0.25139999 2.73769999 -0.1041
v -0.27590001 2.67359996 -0.1143
v -0.33520001 2.64700007 -0.1388
v -0.39449999 2.67359996 -0.16339999
v -0.3019 2.82570004 -0.3019
v -0.32069999 2.76160002 -0.32069999
v -0.25659999 2.85229993 -0.25659999
v -0.2112 2.82570004 -0.2112
v -0.19239999 2.76160002 -0.19239999
v -0.2112 2.69740009 -0.2112
v -0.25659999 2.67090011 -0.25659999
v -0.3019 2.69740009 -0.3019
v -0.16339999 2.84949994 -0.39449999
v -0.1736 2.78539991 -0.419
v -0.1388 2.87610006 -0.33520001
v -0.1143 2.84949994 -0.27590001
v -0.1041 2.78539991 -0.25139999
v -0.1143 2.72129989 -0.27590001
v -0.1388 2.6947 -0.33520001
v -0.16339999 2.72129989 -0.39449999
v 0 2.87339997 -0.42699999
v 0 2.80929995 -0.4535
v 0 2.9000001 -0.3628
v 0 2.87339997 -0.2987
v 0 2.80929995 -0.2721
v 0 2.74510002 -0.2987
v 0 2.7184999 -0.3628
v 0 2.74510002 -0.42699999
v 0.16339999 2.89720011 -0.39449999
v 0.1736 2.83310008 -0.419
v 0.1388 2.92379999 -0.33520001
v 0.1143 2.89720011 -0.27590001
v 0.1041 2.83310008 -0.25139999
v 0.1143 2.76900005 -0.27590001
v 0.1388 2.74239993 -0.33520001
v 0.16339999 2.76900005 -0.39449999
v 0.3019 2.93079996 -0.3019
v 0.32069999 2.86669993 -0.32069999
v 0.25659999 2.95740008 -0.25659999
v 0.2112 2.93079996 -0.2112
v 0.19239999 2.86669993 -0.19239999
v 0.2112 2.80259991 -0.2112
v 0.25659999 2.77600002 -0.25659999
v 0.3019 2.80259991 -0.3019
v 0.39449999 2.94490004 -0.16339999
v 0.419 2.88080001 -0.1736
v 0.33520001 2.97149992 -0.1388
v 0.27590001 2.94490004 -0.1143
v 0.25139999 2.88080001 -0.1041
v 0.27590001 2.81660008 -0.1143
v 0.33520001 2.7901001 -0.1388
v 0.39449999 2.81660008 -0.16339999
v 0.0016 3.06410003 0.29840001
v 0.0015 3 0.27180001
v 0.0016 2.93580008 0.29840001
v 0.002 2.90930009 0.3624
v 0.0023 2.93580008 0.42649999
v 0.0025 3 0.45300001
v 0.0023 3.06410003 0.42649999
v 0.002 3.09069991 0.3624
usemtl mat7
f 912 913 914
f 912 914 915
f 916 917 913
f 916 913 912
f 918 919 917
f 918 917 916
f 920 921 919
f 920 919 918
f 922 923 921
f 922 921 920
f 924 925 923
f 924 923 922
f 926 927 925
f 926 925 924
f 915 914 927
f 915 927 926
f 913 928 929
f 913 929 914
f 917 930 928
f 917 928 913
f 919 931 930
f 919 930 917
f 921 932 931
f 921 931 919
f 923 933 932
f 923 932 921
f 925 934 933
f 925 933 923
f 927 935 934
f 927 934 925
f 914 929 935
f 914 935 927
f 928 936 937
f 928 937 929
f 930 938 936
f 930 936 928
f 931 939 938
f 931 938 930
f 932 940 939
f 932 939 931
f 933 941 940
f 933 940 932
f 934 942 941
f 934 941 933
f 935 943 942
f 935 942 934
f 929 937 943
f 929 943 935
f 944 945 946
f 944 946 947
f 948 949 945
f 948 945 944
f 950 951 949
f 950 949 948
f 952 953 951
f 952 951 950
f 954 955 953
f 954 953 952
f 956 957 955
f 956 955 954
f 958 959 957
f 958 957 956
f 947 946 959
f 947 959 958
f 945 960 961
f 945 961 946
f 949 962 960
f 949 960 945
f 951 963 962
f 951 962 949
f 953 964 963
f 953 963 951
f 955 965 964
f 955 964 953
f 957 966 965
f 957 965 955
f 959 967 966
f 959 966 957
f 946 961 967
f 946 967 959
f 960 968 969
f 960 969 961
f 962 970 968
f 962 968 960
f 963 971 970
f 963 970 962
f 964 972 971
f 964 971 963
f 965 973 972
f 965 972 964
f 966 974 973
f 966 973 965
f 967 975 974
f 967 974 966
f 961 969 975
f 961 975 967
f 968 976 977
f 968 977 969
f 970 978 976
f 970 976 968
f 971 979 978
f 971 978 970
f 972 980 979
f 972 979 971
f 973 981 980
f 973 980 972
f 974 982 981
f 974 981 973
f 975 983 982
f 975 982 974
f 969 977 983
f 969 983 975
f 976 984 985
f 976 985 977
f 978 986 984
f 978 984 976
f 979 987 986
f 979 986 978
f 980 988 987
f 980 987 979
f 981 989 988
f 981 988 980
f 982 990 989
f 982 989 981
f 983 991 990
f 983 990 982
f 977 985 991
f 977 991 983
f 984 992 993
f 984 993 985
f 986 994 992
f 986 992 984
f 987 995 994
f 987 994 986
f 988 996 995
f 988 995 987
f 989 997 996
f 989 996 988
f 990 998 997
f 990 997 989
f 991 999 998
f 991 998 990
f 985 993 999
f 985 999 991
f 992 1000 1001
f 992 1001 993
f 994 1002 1000
f 994 1000 992
f 995 1003 1002
f 995 1002 994
f 996 1004 1003
f 996 1003 995
f 997 1005 1004
f 997 1004 996
f 998 1006 1005
f 998 1005 997
f 999 1007 1006
f 999 1006 998
f 993 1001 1007
f 993 1007 999
f 1000 1008 1009
f 1000 1009 1001
f 1002 1010 1008
f 1002 1008 1000
f 1003 1011 1010
f 1003 1010 1002
f 1004 1012 1011
f 1004 1011 1003
f 1005 1013 1012
f 1005 1012 1004
f 1006 1014 1013
f 1006 1013 1005
f 1007 1015 1014
f 1007 1014 1006
f 1001 1009 1015
f 1001 1015 1007
f 1008 1016 1017
f 1008 1017 1009
f 1010 1018 1016
f 1010 1016 1008
f 1011 1019 1018
f 1011 1018 1010
f 1012 1020 1019
f 1012 1019 1011
f 1013 1021 1020
f 1013 1020 1012
f 1014 1022 1021
f 1014 1021 1013
f 1015 1023 1022
f 1015 1022 1014
f 1009 1017 1023
f 1009 1023 1015
f 1016 1024 1025
f 1016 1025 1017
f 1018 1026 1024
f 1018 1024 1016
f 1019 1027 1026
f 1019 1026 1018
f 1020 1028 1027
f 1020 1027 1019
f 1021 1029 1028
f 1021 1028 1020
f 1022 1030 1029
f 1022 1029 1021
f 1023 1031 1030
f 1023 1030 1022
f 1017 1025 1031
f 1017 1031 1023
f 1024 1032 1033
f 1024 1033 1025
f 1026 1034 1032
f 1026 1032 1024
f 1027 1035 1034
f 1027 1034 1026
f 1028 1036 1035
f 1028 1035 1027
f 1029 1037 1036
f 1029 1036 1028
f 1030 1038 1037
f 1030 1037 1029
f 1031 1039 1038
f 1031 1038 1030
f 1025 1033 1039
f 1025 1039 1031
f 1032 912 915
f 1032 915 1033
f 1034 916 912
f 1034 912 1032
f 1035 918 916
f 1035 916 1034
f 1036 920 918
f 1036 918 1035
f 1037 922 920
f 1037 920 1036
f 1038 924 922
f 1038 922 1037
f 1039 926 924
f 1039 924 1038
f 1033 915 926
f 1033 926 1039
f 1040 939 940
f 1040 940 1041
f 1041 940 941
f 1041 941 1042
f 1042 941 942
f 1042 942 1043
f 1043 942 943
f 1043 943 1044
f 1044 943 937
f 1044 937 1045
f 1045 937 936
f 1045 936 1046
f 1046 936 938
f 1046 938 1047
f 1047 938 939
f 1047 939 1040
f 1041 1042 1043
f 1041 1043 1044
f 1041 1044 1045
f 1041 1045 1046
f 1041 1046 1047
f 1041 1047 1040
f 944 947 958
f 944 958 956
f 944 956 954
f 944 954 952
f 944 952 950
f 944 950 948
f 1048 1049 1050
f 1048 1050 1051
f 1052 1053 1049
f 1052 1049 1048
f 1054 1055 1053
f 1054 1053 1052
f 1056 1057 1055
f 1056 1055 1054
f 1058 1059 1057
f 1058 1057 1056
f 1060 1061 1059
f 1060 1059 1058
f 1062 1063 1061
f 1062 1061 1060
f 1051 1050 1063
f 1051 1063 1062
f 1049 1064 1065
f 1049 1065 1050
f 1053 1066 1064
f 1053 1064 1049
f 1055 1067 1066
f 1055 1066 1053
f 1057 1068 1067
f 1057 1067 1055
f 1059 1069 1068
f 1059 1068 1057
f 1061 1070 1069
f 1061 1069 1059
f 1063 1071 1070
f 1063 1070 1061
f 1050 1065 1071
f 1050 1071 1063
f 1064 1072 1073
f 1064 1073 1065
f 1066 1074 1072
f 1066 1072 1064
f 1067 1075 1074
f 1067 1074 1066
f 1068 1076 1075
f 1068 1075 1067
f 1069 1077 1076
f 1069 1076 1068
f 1070 1078 1077
f 1070 1077 1069
f 1071 1079 1078
f 1071 1078 1070
f 1065 1073 1079
f 1065 1079 1071
f 1080 1081 1082
f 1080 1082 1083
f 1084 1085 1081
f 1084 1081 1080
f 1086 1087 1085
f 1086 1085 1084
f 1088 1089 1087
f 1088 1087 1086
f 1090 1091 1089
f 1090 1089 1088
f 1092 1093 1091
f 1092 1091 1090
f 1094 1095 1093
f 1094 1093 1092
f 1083 1082 1095
f 1083 1095 1094
f 1081 1096 1097
f 1081 1097 1082
f 1085 1098 1096
f 1085 1096 1081
f 1087 1099 1098
f 1087 1098 1085
f 1089 1100 1099
f 1089 1099 1087
f 1091 1101 1100
f 1091 1100 1089
f 1093 1102 1101
f 1093 1101 1091
f 1095 1103 1102
f 1095 1102 1093
f 1082 1097 1103
f 1082 1103 1095
f 1096 1104 1105
f 1096 1105 1097
f 1098 1106 1104
f 1098 1104 1096
f 1099 1107 1106
f 1099 1106 1098
f 1100 1108 1107
f 1100 1107 1099
f 1101 1109 1108
f 1101 1108 1100
f 1102 1110 1109
f 1102 1109 1101
f 1103 1111 1110
f 1103 1110 1102
f 1097 1105 1111
f 1097 1111 1103
f 1104 1112 1113
f 1104 1113 1105
f 1106 1114 1112
f 1106 1112 1104
f 1107 1115 1114
f 1107 1114 1106
f 1108 1116 1115
f 1108 1115 1107
f 1109 1117 1116
f 1109 1116 1108
f 1110 1118 1117
f 1110 1117 1109
f 1111 1119 1118
f 1111 1118 1110
f 1105 1113 1119
f 1105 1119 1111
f 1112 1120 1121
f 1112 1121 1113
f 1114 1122 1120
f 1114 1120 1112
f 1115 1123 1122
f 1115 1122 1114
f 1116 1124 1123
f 1116 1123 1115
f 1117 1125 1124
f 1117 1124 1116
f 1118 1126 1125
f 1118 1125 1117
f 1119 1127 1126
f 1119 1126 1118
f 1113 1121 1127
f 1113 1127 1119
f 1120 1128 1129
f 1120 1129 1121
f 1122 1130 1128
f 1122 1128 1120
f 1123 1131 1130
f 1123 1130 1122
f 1124 1132 1131
f 1124 1131 1123
f 1125 1133 1132
f 1125 1132 1124
f 1126 1134 1133
f 1126 1133 1125
f 1127 1135 1134
f 1127 1134 1126
f 1121 1129 1135
f 1121 1135 1127
f 1128 1136 1137
f 1128 1137 1129
f 1130 1138 1136
f 1130 1136 1128
f 1131 1139 1138
f 1131 1138 1130
f 1132 1140 1139
f 1132 1139 1131
f 1133 1141 1140
f 1133 1140 1132
f 1134 1142 1141
f 1134 1141 1133
f 1135 1143 1142
f 1135 1142 1134
f 1129 1137 1143
f 1129 1143 1135
f 1136 1144 1145
f 1136 1145 1137
f 1138 1146 1144
f 1138 1144 1136
f 1139 1147 1146
f 1139 1146 1138
f 1140 1148 1147
f 1140 1147 1139
f 1141 1149 1148
f 1141 1148 1140
f 1142 1150 1149
f 1142 1149 1141
f 1143 1151 1150
f 1143 1150 1142
f 1137 1145 1151
f 1137 1151 1143
f 1144 1152 1153
f 1144 1153 1145
f 1146 1154 1152
f 1146 1152 1144
f 1147 1155 1154
f 1147 1154 1146
f 1148 1156 1155
f 1148 1155 1147
f 1149 1157 1156
f 1149 1156 1148
f 1150 1158 1157
f 1150 1157 1149
f 1151 1159 1158
f 1151 1158 1150
f 1145 1153 1159
f 1145 1159 1151
f 1152 1160 1161
f 1152 1161 1153
f 1154 1162 1160
f 1154 1160 1152
f 1155 1163 1162
f 1155 1162 1154
f 1156 1164 1163
f 1156 1163 1155
f 1157 1165 1164
f 1157 1164 1156
f 1158 1166 1165
f 1158 1165 1157
f 1159 1167 1166
f 1159 1166 1158
f 1153 1161 1167
f 1153 1167 1159
f 1160 1168 1169
f 1160 1169 1161
f 1162 1170 1168
f 1162 1168 1160
f 1163 1171 1170
f 1163 1170 1162
f 1164 1172 1171
f 1164 1171 1163
f 1165 1173 1172
f 1165 1172 1164
f 1166 1174 1173
f 1166 1173 1165
f 1167 1175 1174
f 1167 1174 1166
f 1161 1169 1175
f 1161 1175 1167
f 1168 1048 1051
f 1168 1051 1169
f 1170 1052 1048
f 1170 1048 1168
f 1171 1054 1052
f 1171 1052 1170
f 1172 1056 1054
f 1172 1054 1171
f 1173 1058 1056
f 1173 1056 1172
f 1174 1060 1058
f 1174 1058 1173
f 1175 1062 1060
f 1175 1060 1174
f 1169 1051 1062
f 1169 1062 1175
f 1176 1075 1076
f 1176 1076 1177
f 1177 1076 1077
f 1177 1077 1178
f 1178 1077 1078
f 1178 1078 1179
f 1179 1078 1079
f 1179 1079 1180
f 1180 1079 1073
f 1180 1073 1181
f 1181 1073 1072
f 1181 1072 1182
f 1182 1072 1074
f 1182 1074 1183
f 1183 1074 1075
f 1183 1075 1176
f 1177 1178 1179
f 1177 1179 1180
f 1177 1180 1181
f 1177 1181 1182
f 1177 1182 1183
f 1177 1183 1176
f 1080 1083 1094
f 1080 1094 1092
f 1080 1092 1090
f 1080 1090 1088
f 1080 1088 1086
f 1080 1086 1084
f 1184 1185 1186
f 1184 1186 1187
f 1188 1189 1185
f 1188 1185 1184
f 1190 1191 1189
f 1190 1189 1188
f 1192 1193 1191
f 1192 1191 1190
f 1194 1195 1193
f 1194 1193 1192
f 1196 1197 1195
f 1196 1195 1194
f 1198 1199 1197
f 1198 1197 1196
f 1187 1186 1199
f 1187 1199 1198
f 1185 1200 1201
f 1185 1201 1186
f 1189 1202 1200
f 1189 1200 1185
f 1191 1203 1202
f 1191 1202 1189
f 1193 1204 1203
f 1193 1203 1191
f 1195 1205 1204
f 1195 1204 1193
f 1197 1206 1205
f 1197 1205 1195
f 1199 1207 1206
f 1199 1206 1197
f 1186 1201 1207
f 1186 1207 1199
f 1200 1208 1209
f 1200 1209 1201
f 1202 1210 1208
f 1202 1208 1200
f 1203 1211 1210
f 1203 1210 1202
f 1204 1212 1211
f 1204 1211 1203
f 1205 1213 1212
f 1205 1212 1204
f 1206 1214 1213
f 1206 1213 1205
f 1207 1215 1214
f 1207 1214 1206
f 1201 1209 1215
f 1201 1215 1207
f 1216 1217 1218
f 1216 1218 1219
f 1220 1221 1217
f 1220 1217 1216
f 1222 1223 1221
f 1222 1221 1220
f 1224 1225 1223
f 1224 1223 1222
f 1226 1227 1225
f 1226 1225 1224
f 1228 1229 1227
f 1228 1227 1226
f 1230 1231 1229
f 1230 1229 1228
f 1219 1218 1231
f 1219 1231 1230
f 1217 1232 1233
f 1217 1233 1218
f 1221 1234 1232
f 1221 1232 1217
f 1223 1235 1234
f 1223 1234 1221
f 1225 1236 1235
f 1225 1235 1223
f 1227 1237 1236
f 1227 1236 1225
f 1229 1238 1237
f 1229 1237 1227
f 1231 1239 1238
f 1231 1238 1229
f 1218 1233 1239
f 1218 1239 1231
f 1232 1240 1241
f 1232 1241 1233
f 1234 1242 1240
f 1234 1240 1232
f 1235 1243 1242
f 1235 1242 1234
f 1236 1244 1243
f 1236 1243 1235
f 1237 1245 1244
f 1237 1244 1236
f 1238 1246 1245
f 1238 1245 1237
f 1239 1247 1246
f 1239 1246 1238
f 1233 1241 1247
f 1233 1247 1239
f 1240 1248 1249
f 1240 1249 1241
f 1242 1250 1248
f 1242 1248 1240
f 1243 1251 1250
f 1243 1250 1242
f 1244 1252 1251
f 1244 1251 1243
f 1245 1253 1252
f 1245 1252 1244
f 1246 1254 1253
f 1246 1253 1245
f 1247 1255 1254
f 1247 1254 1246
f 1241 1249 1255
f 1241 1255 1247
f 1248 1256 1257
f 1248 1257 1249
f 1250 1258 1256
f 1250 1256 1248
f 1251 1259 1258
f 1251 1258 1250
f 1252 1260 1259
f 1252 1259 1251
f 1253 1261 1260
f 1253 1260 1252
f 1254 1262 1261
f 1254 1261 1253
f 1255 1263 1262
f 1255 1262 1254
f 1249 1257 1263
f 1249 1263 1255
f 1256 1264 1265
f 1256 1265 1257
f 1258 1266 1264
f 1258 1264 1256
f 1259 1267 1266
f 1259 1266 1258
f 1260 1268 1267
f 1260 1267 1259
f 1261 1269 1268
f 1261 1268 1260
f 1262 1270 1269
f 1262 1269 1261
f 1263 1271 1270
f 1263 1270 1262
f 1257 1265 1271
f 1257 1271 1263
f 1264 1272 1273
f 1264 1273 1265
f 1266 1274 1272
f 1266 1272 1264
f 1267 1275 1274
f 1267 1274 1266
f 1268 1276 1275
f 1268 1275 1267
f 1269 1277 1276
f 1269 1276 1268
f 1270 1278 1277
f 1270 1277 1269
f 1271 1279 1278
f 1271 1278 1270
f 1265 1273 1279
f 1265 1279 1271
f 1272 1280 1281
f 1272 1281 1273
f 1274 1282 1280
f 1274 1280 1272
f 1275 1283 1282
f 1275 1282 1274
f 1276 1284 1283
f 1276 1283 1275
f 1277 1285 1284
f 1277 1284 1276
f 1278 1286 1285
f 1278 1285 1277
f 1279 1287 1286
f 1279 1286 1278
f 1273 1281 1287
f 1273 1287 1279
f 1280 1288 1289
f 1280 1289 1281
f 1282 1290 1288
f 1282 1288 1280
f 1283 1291 1290
f 1283 1290 1282
f 1284 1292 1291
f 1284 1291 1283
f 1285 1293 1292
f 1285 1292 1284
f 1286 1294 1293
f 1286 1293 1285
f 1287 1295 1294
f 1287 1294 1286
f 1281 1289 1295
f 1281 1295 1287
f 1288 1296 1297
f 1288 1297 1289
f 1290 1298 1296
f 1290 1296 1288
f 1291 1299 1298
f 1291 1298 1290
f 1292 1300 1299
f 1292 1299 1291
f 1293 1301 1300
f 1293 1300 1292
f 1294 1302 1301
f 1294 1301 1293
f 1295 1303 1302
f 1295 1302 1294
f 1289 1297 1303
f 1289 1303 1295
f 1296 1304 1305
f 1296 1305 1297
f 1298 1306 1304
f 1298 1304 1296
f 1299 1307 1306
f 1299 1306 1298
f 1300 1308 1307
f 1300 1307 1299
f 1301 1309 1308
f 1301 1308 1300
f 1302 1310 1309
f 1302 1309 1301
f 1303 1311 1310
f 1303 1310 1302
f 1297 1305 1311
f 1297 1311 1303
f 1304 1184 1187
f 1304 1187 1305
f 1306 1188 1184
f 1306 1184 1304
f 1307 1190 1188
f 1307 1188 1306
f 1308 1192 1190
f 1308 1190 1307
f 1309 1194 1192
f 1309 1192 1308
f 1310 1196 1194
f 1310 1194 1309
f 1311 1198 1196
f 1311 1196 1310
f 1305 1187 1198
f 1305 1198 1311
f 1312 1211 1212
f 1312 1212 1313
f 1313 1212 1213
f 1313 1213 1314
f 1314 1213 1214
f 1314 1214 1315
f 1315 1214 1215
f 1315 1215 1316
f 1316 1215 1209
f 1316 1209 1317
f 1317 1209 1208
f 1317 1208 1318
f 1318 1208 1210
f 1318 1210 1319
f 1319 1210 1211
f 1319 1211 1312
f 1313 1314 1315
f 1313 1315 1316
f 1313 1316 1317
f 1313 1317 1318
f 1313 1318 1319
f 1313 1319 1312
f 1216 1219 1230
f 1216 1230 1228
f 1216 1228 1226
f 1216 1226 1224
f 1216 1224 1222
f 1216 1222 1220
# Vertices: 408, normals: 0, texture coordinates: 0, faces: 804

o obj7
v 0.15440001 5.56540012 0.47279999
v 0.15440001 5.33580017 0.47279999
v 0.26190001 5.33580017 0.46079999
v 0.26190001 5.56540012 0.46079999
v 0.34549999 5.33580017 0.42500001
v 0.34549999 5.56540012 0.42500001
v 0.4052 5.33580017 0.3653
v 0.4052 5.56540012 0.3653
v 0.44100001 5.33580017 0.28169999
v 0.44100001 5.56540012 0.28169999
v 0.45289999 5.33580017 0.1743
v 0.45289999 5.56540012 0.1743
v 0.15440001 5.33580017 -0.46790001
v 0.15440001 5.56540012 -0.46790001
v 0.26190001 5.56540012 -0.45590001
v 0.26190001 5.33580017 -0.45590001
v 0.34549999 5.56540012 -0.4201
v 0.34549999 5.33580017 -0.4201
v 0.4052 5.56540012 -0.36039999
v 0.4052 5.33580017 -0.36039999
v 0.44100001 5.56540012 -0.27689999
v 0.44100001 5.33580017 -0.27689999
v 0.45289999 5.56540012 -0.16940001
v 0.45289999 5.33580017 -0.16940001
v -1.07350004 5.56540012 -0.46790001
v -1.07350004 5.33580017 -0.46790001
v -1.18089998 5.33580017 -0.45590001
v -1.18089998 5.56540012 -0.45590001
v -1.26450002 5.33580017 -0.4201
v -1.26450002 5.56540012 -0.4201
v -1.32420003 5.33580017 -0.36039999
v -1.32420003 5.56540012 -0.36039999
v -1.36000001 5.33580017 -0.27689999
v -1.36000001 5.56540012 -0.27689999
v -1.37189996 5.33580017 -0.16940001
v -1.37189996 5.56540012 -0.16940001
v -1.07350004 5.33580017 0.47279999
v -1.07350004 5.56540012 0.47279999
v -1.18089998 5.56540012 0.46079999
v -1.18089998 5.33580017 0.46079999
v -1.26450002 5.56540012 0.42500001
v -1.26450002 5.33580017 0.42500001
v -1.32420003 5.56540012 0.3653
v -1.32420003 5.33580017 0.3653
v -1.36000001 5.56540012 0.28169999
v -1.36000001 5.33580017 0.28169999
v -1.37189996 5.56540012 0.1743
v -1.37189996 5.33580017 0.1743
usemtl mat7
f 1320 1321 1322
f 1320 1322 1323
f 1323 1322 1324
f 1323 1324 1325
f 1325 1324 1326
f 1325 1326 1327
f 1327 1326 1328
f 1327 1328 1329
f 1329 1328 1330
f 1329 1330 1331
f 1332 1333 1334
f 1332 1334 1335
f 1335 1334 1336
f 1335 1336 1337
f 1337 1336 1338
f 1337 1338 1339
f 1339 1338 1340
f 1339 1340 1341
f 1341 1340 1342
f 1341 1342 1343
f 1344 1345 1346
f 1344 1346 1347
f 1347 1346 1348
f 1347 1348 1349
f 1349 1348 1350
f 1349 1350 1351
f 1351 1350 1352
f 1351 1352 1353
f 1353 1352 1354
f 1353 1354 1355
f 1356 1357 1358
f 1356 1358 1359
f 1359 1358 1360
f 1359 1360 1361
f 1361 1360 1362
f 1361 1362 1363
f 1363 1362 1364
f 1363 1364 1365
f 1365 1364 1366
f 1365 1366 1367
f 1330 1343 1342
f 1330 1342 1331
f 1354 1352 1350
f 1354 1350 1348
f 1354 1348 1346
f 1354 1346 1345
f 1354 1345 1332
f 1354 1332 1335
f 1354 1335 1337
f 1354 1337 1339
f 1354 1339 1341
f 1354 1341 1343
f 1354 1343 1330
f 1354 1330 1328
f 1354 1328 1326
f 1354 1326 1324
f 1354 1324 1322
f 1354 1322 1321
f 1354 1321 1356
f 1354 1356 1359
f 1354 1359 1361
f 1354 1361 1363
f 1354 1363 1365
f 1354 1365 1367
f 1356 1321 1320
f 1356 1320 1357
f 1366 1364 1362
f 1366 1362 1360
f 1366 1360 1358
f 1366 1358 1357
f 1366 1357 1320
f 1366 1320 1323
f 1366 1323 1325
f 1366 1325 1327
f 1366 1327 1329
f 1366 1329 1331
f 1366 1331 1342
f 1366 1342 1340
f 1366 1340 1338
f 1366 1338 1336
f 1366 1336 1334
f 1366 1334 1333
f 1366 1333 1344
f 1366 1344 1347
f 1366 1347 1349
f 1366 1349 1351
f 1366 1351 1353
f 1366 1353 1355
f 1344 1333 1332
f 1344 1332 1345
f 1354 1367 1366
f 1354 1366 1355
# Vertices: 48, normals: 0, texture coordinates: 0, faces: 92

o obj8
v -0.39879999 2.08150005 -0.0094
v -0.19750001 2.25390005 -0.0094
v -0.19750001 1.89559996 -0.0094
v -0.42039999 1.89559996 -0.0094
v -0.42039999 1.89559996 0.0112
v -0.19750001 1.89559996 0.0112
v -0.19750001 2.25390005 0.0112
v -0.39879999 2.08150005 0.0112
usemtl mat7
f 1368 1369 1370
f 1368 1370 1371
f 1372 1373 1374
f 1372 1374 1375
f 1375 1374 1369
f 1375 1369 1368
f 1374 1373 1370
f 1374 1370 1369
f 1373 1372 1371
f 1373 1371 1370
f 1372 1375 1368
f 1372 1368 1371
# Vertices: 8, normals: 0, texture coordinates: 0, faces: 12

o obj9
v 0.155 2.73970008 0.0906
v -0.0027 2.7355001 -0.001
v 0.1795 2.73970008 -0.001
v 0.2159 1.86670005 -0.001
v 0.2349 5.37750006 -0.001
v 0.2031 5.37750006 0.1181
v 0.1866 1.86670005 0.1086
v 0.155 2.73970008 -0.0926
v 0.1866 1.86670005 -0.1106
v 0.2031 5.37750006 -0.1201
v 0.0883 2.73970008 -0.1594
v 0.1066 1.86670005 -0.1908
v 0.1161 5.37750006 -0.20730001
v -0.0027 2.73970008 -0.1839
v -0.0027 1.86670005 -0.2201
v -0.0027 5.37750006 -0.2392
v -0.0936 2.73970008 -0.1594
v -0.1119 1.86670005 -0.1908
v -0.1214 5.37750006 -0.20730001
v -0.1603 2.73970008 -0.0926
v -0.1919 1.86670005 -0.1106
v -0.2084 5.37750006 -0.1201
v -0.1848 2.73970008 -0.001
v -0.2212 1.86670005 -0.001
v -0.2402 5.37750006 -0.001
v -0.1603 2.73970008 0.0906
v -0.1919 1.86670005 0.1086
v -0.2084 5.37750006 0.1181
v -0.0936 2.73970008 0.1575
v -0.1119 1.86670005 0.18880001
v -0.1214 5.37750006 0.2053
v -0.0027 2.73970008 0.18189999
v -0.0027 1.86670005 0.2181
v -0.0027 5.37750006 0.23720001
v 0.0883 2.73970008 0.1575
v 0.1066 1.86670005 0.18880001
v 0.1161 5.37750006 0.2053
v 0.1219 1.86759996 0.2154
v 0.2132 1.86759996 0.1239
v 0.2465 1.86759996 -0.001
v 0.2132 1.86759996 -0.1259
v 0.1219 1.86759996 -0.2174
v -0.0027 1.86759996 -0.2509
v -0.12729999 1.86759996 -0.2174
v -0.2185 1.86759996 -0.1259
v -0.25189999 1.86759996 -0.001
v -0.2185 1.86759996 0.1239
v -0.12729999 1.86759996 0.2154
v -0.0027 1.86759996 0.2489
v 0.14300001 1.62109995 0.252
v 0.24959999 1.62109995 0.145
v 0.2886 1.62109995 -0.001
v 0.24959999 1.62109995 -0.147
v 0.14300001 1.62109995 -0.25400001
v -0.0027 1.62109995 -0.2931
v -0.14830001 1.62109995 -0.25400001
v -0.25490001 1.62109995 -0.147
v -0.294 1.62109995 -0.001
v -0.25490001 1.62109995 0.145
v -0.14830001 1.62109995 0.252
v -0.0027 1.62109995 0.2911
v -0.0027 1.51279998 0.18189999
v 0.0883 1.51279998 0.1575
v 0.1122 1.52059996 0.1988
v -0.0027 1.52059996 0.2297
v 0.1293 1.54130006 0.22830001
v -0.0027 1.54130006 0.2638
v 0.13959999 1.57480001 0.24609999
v -0.0027 1.57480001 0.2843
v 0.155 1.51279998 0.0906
v 0.1964 1.52059996 0.1144
v 0.226 1.54130006 0.1314
v 0.2437 1.57480001 0.1416
v 0.1795 1.51279998 -0.001
v 0.2272 1.52059996 -0.001
v 0.2613 1.54130006 -0.001
v 0.2818 1.57480001 -0.001
v 0.155 1.51279998 -0.0926
v 0.1964 1.52059996 -0.1164
v 0.226 1.54130006 -0.13339999
v 0.2437 1.57480001 -0.1436
v 0.0883 1.51279998 -0.1594
v 0.1122 1.52059996 -0.2008
v 0.1293 1.54130006 -0.23029999
v 0.13959999 1.57480001 -0.2481
v -0.0027 1.51279998 -0.1839
v -0.0027 1.52059996 -0.2317
v -0.0027 1.54130006 -0.2658
v -0.0027 1.57480001 -0.2863
v -0.0936 1.51279998 -0.1594
v -0.1175 1.52059996 -0.2008
v -0.1346 1.54130006 -0.23029999
v -0.14489999 1.57480001 -0.2481
v -0.1603 1.51279998 -0.0926
v -0.2017 1.52059996 -0.1164
v -0.2313 1.54130006 -0.13339999
v -0.249 1.57480001 -0.1436
v -0.1848 1.51279998 -0.001
v -0.2326 1.52059996 -0.001
v -0.2667 1.54130006 -0.001
v -0.28709999 1.57480001 -0.001
v -0.1603 1.51279998 0.0906
v -0.2017 1.52059996 0.1144
v -0.2313 1.54130006 0.1314
v -0.249 1.57480001 0.1416
v -0.0936 1.51279998 0.1575
v -0.1175 1.52059996 0.1988
v -0.1346 1.54130006 0.22830001
v -0.14489999 1.57480001 0.24609999
usemtl mat7
f 1376 1377 1378
f 1379 1380 1381
f 1379 1381 1382
f 1378 1377 1383
f 1384 1385 1380
f 1384 1380 1379
f 1383 1377 1386
f 1387 1388 1385
f 1387 1385 1384
f 1386 1377 1389
f 1390 1391 1388
f 1390 1388 1387
f 1389 1377 1392
f 1393 1394 1391
f 1393 1391 1390
f 1392 1377 1395
f 1396 1397 1394
f 1396 1394 1393
f 1395 1377 1398
f 1399 1400 1397
f 1399 1397 1396
f 1398 1377 1401
f 1402 1403 1400
f 1402 1400 1399
f 1401 1377 1404
f 1405 1406 1403
f 1405 1403 1402
f 1404 1377 1407
f 1408 1409 1406
f 1408 1406 1405
f 1407 1377 1410
f 1411 1412 1409
f 1411 1409 1408
f 1382 1381 1412
f 1382 1412 1411
f 1410 1377 1376
f 1413 1414 1382
f 1413 1382 1411
f 1414 1415 1379
f 1414 1379 1382
f 1415 1416 1384
f 1415 1384 1379
f 1416 1417 1387
f 1416 1387 1384
f 1417 1418 1390
f 1417 1390 1387
f 1418 1419 1393
f 1418 1393 1390
f 1419 1420 1396
f 1419 1396 1393
f 1420 1421 1399
f 1420 1399 1396
f 1421 1422 1402
f 1421 1402 1399
f 1422 1423 1405
f 1422 1405 1402
f 1423 1424 1408
f 1423 1408 1405
f 1424 1413 1411
f 1424 1411 1408
f 1425 1426 1414
f 1425 1414 1413
f 1426 1427 1415
f 1426 1415 1414
f 1427 1428 1416
f 1427 1416 1415
f 1428 1429 1417
f 1428 1417 1416
f 1429 1430 1418
f 1429 1418 1417
f 1430 1431 1419
f 1430 1419 1418
f 1431 1432 1420
f 1431 1420 1419
f 1432 1433 1421
f 1432 1421 1420
f 1433 1434 1422
f 1433 1422 1421
f 1434 1435 1423
f 1434 1423 1422
f 1435 1436 1424
f 1435 1424 1423
f 1436 1425 1413
f 1436 1413 1424
f 1437 1438 1439
f 1437 1439 1440
f 1440 1439 1441
f 1440 1441 1442
f 1442 1441 1443
f 1442 1443 1444
f 1444 1443 1425
f 1444 1425 1436
f 1438 1445 1446
f 1438 1446 1439
f 1439 1446 1447
f 1439 1447 1441
f 1441 1447 1448
f 1441 1448 1443
f 1443 1448 1426
f 1443 1426 1425
f 1445 1449 1450
f 1445 1450 1446
f 1446 1450 1451
f 1446 1451 1447
f 1447 1451 1452
f 1447 1452 1448
f 1448 1452 1427
f 1448 1427 1426
f 1449 1453 1454
f 1449 1454 1450
f 1450 1454 1455
f 1450 1455 1451
f 1451 1455 1456
f 1451 1456 1452
f 1452 1456 1428
f 1452 1428 1427
f 1453 1457 1458
f 1453 1458 1454
f 1454 1458 1459
f 1454 1459 1455
f 1455 1459 1460
f 1455 1460 1456
f 1456 1460 1429
f 1456 1429 1428
f 1457 1461 1462
f 1457 1462 1458
f 1458 1462 1463
f 1458 1463 1459
f 1459 1463 1464
f 1459 1464 1460
f 1460 1464 1430
f 1460 1430 1429
f 1461 1465 1466
f 1461 1466 1462
f 1462 1466 1467
f 1462 1467 1463
f 1463 1467 1468
f 1463 1468 1464
f 1464 1468 1431
f 1464 1431 1430
f 1465 1469 1470
f 1465 1470 1466
f 1466 1470 1471
f 1466 1471 1467
f 1467 1471 1472
f 1467 1472 1468
f 1468 1472 1432
f 1468 1432 1431
f 1469 1473 1474
f 1469 1474 1470
f 1470 1474 1475
f 1470 1475 1471
f 1471 1475 1476
f 1471 1476 1472
f 1472 1476 1433
f 1472 1433 1432
f 1473 1477 1478
f 1473 1478 1474
f 1474 1478 1479
f 1474 1479 1475
f 1475 1479 1480
f 1475 1480 1476
f 1476 1480 1434
f 1476 1434 1433
f 1477 1481 1482
f 1477 1482 1478
f 1478 1482 1483
f 1478 1483 1479
f 1479 1483 1484
f 1479 1484 1480
f 1480 1484 1435
f 1480 1435 1434
f 1481 1437 1440
f 1481 1440 1482
f 1482 1440 1442
f 1482 1442 1483
f 1483 1442 1444
f 1483 1444 1484
f 1484 1444 1436
f 1484 1436 1435
f 1407 1410 1438
f 1407 1438 1437
f 1404 1407 1437
f 1404 1437 1481
f 1401 1404 1481
f 1401 1481 1477
f 1398 1401 1477
f 1398 1477 1473
f 1395 1398 1473
f 1395 1473 1469
f 1392 1395 1469
f 1392 1469 1465
f 1389 1392 1465
f 1389 1465 1461
f 1386 1389 1461
f 1386 1461 1457
f 1383 1386 1457
f 1383 1457 1453
f 1378 1383 1453
f 1378 1453 1449
f 1376 1378 1449
f 1376 1449 1445
f 1410 1376 1445
f 1410 1445 1438
# Vertices: 109, normals: 0, texture coordinates: 0, faces: 204

o obj10
v 0.48840001 4.43889999 0.0463
v 0.46039999 4.31040001 0.0463
v 0.4797 4.30200005 -0.0043
v 0.50929999 4.43860006 -0.0043
v 0.4377 4.43979979 0.0673
v 0.414 4.33059978 0.0673
v 0.38710001 4.44070005 0.0463
v 0.36759999 4.35080004 0.0463
v 0.36610001 4.44110012 -0.0043
v 0.34830001 4.35909986 -0.0043
v 0.38710001 4.44070005 -0.0549
v 0.36759999 4.35080004 -0.0549
v 0.4377 4.43979979 -0.0759
v 0.414 4.33059978 -0.0759
v 0.48840001 4.43889999 -0.0549
v 0.46039999 4.31040001 -0.0549
v 0.38550001 4.20230007 0.0463
v 0.40000001 4.18720007 -0.0043
v 0.35030001 4.23869991 0.0673
v 0.31510001 4.27519989 0.0463
v 0.30050001 4.29020023 -0.0043
v 0.31510001 4.27519989 -0.0549
v 0.35030001 4.23869991 -0.0759
v 0.38550001 4.20230007 -0.0549
v 0.2748 4.13110018 0.0463
v 0.2825 4.11159992 -0.0043
v 0.2563 4.1782999 0.0673
v 0.2377 4.22539997 0.0463
v 0.23 4.24490023 -0.0043
v 0.2377 4.22539997 -0.0549
v 0.2563 4.1782999 -0.0759
v 0.2748 4.13110018 -0.0549
v 0.1454 4.10769987 0.0463
v 0.145 4.0868001 -0.0043
v 0.1463 4.15840006 0.0673
v 0.1472 4.20900011 0.0463
v 0.14749999 4.23000002 -0.0043
v 0.1472 4.20900011 -0.0549
v 0.1463 4.15840006 -0.0759
v 0.1454 4.10769987 -0.0549
v 0.48840001 4.4387002 -0.0547
v 0.46489999 4.56820011 -0.0547
v 0.48449999 4.57579994 -0.0041
v 0.50929999 4.43830013 -0.0041
v 0.4377 4.43959999 -0.0757
v 0.41780001 4.54960012 -0.0757
v 0.38710001 4.44049978 -0.0547
v 0.3707 4.53100014 -0.0547
v 0.36610001 4.44080019 -0.0041
v 0.35120001 4.52330017 -0.0041
v 0.38710001 4.44049978 0.0465
v 0.3707 4.53100014 0.0465
v 0.4377 4.43959999 0.0675
v 0.41780001 4.54960012 0.0675
v 0.48840001 4.4387002 0.0465
v 0.46489999 4.56820011 0.0465
v 0.39379999 4.67880011 -0.0547
v 0.40889999 4.69339991 -0.0041
v 0.3574 4.64359999 -0.0757
v 0.32089999 4.60839987 -0.0547
v 0.30579999 4.59380007 -0.0041
v 0.32089999 4.60839987 0.0465
v 0.3574 4.64359999 0.0675
v 0.39379999 4.67880011 0.0465
v 0.28569999 4.75379992 -0.0547
v 0.29409999 4.77299976 -0.0041
v 0.26550001 4.70730019 -0.0757
v 0.24529999 4.66090012 -0.0547
v 0.237 4.64160013 -0.0041
v 0.24529999 4.66090012 0.0465
v 0.26550001 4.70730019 0.0675
v 0.28569999 4.75379992 0.0465
v 0.15719999 4.78170013 -0.0547
v 0.1575 4.80259991 -0.0041
v 0.15629999 4.73099995 -0.0757
v 0.15539999 4.68039989 -0.0547
v 0.155 4.65939999 -0.0041
v 0.15539999 4.68039989 0.0465
v 0.15629999 4.73099995 0.0675
v 0.15719999 4.78170013 0.0465
usemtl mat7
f 1485 1486 1487
f 1485 1487 1488
f 1489 1490 1486
f 1489 1486 1485
f 1491 1492 1490
f 1491 1490 1489
f 1493 1494 1492
f 1493 1492 1491
f 1495 1496 1494
f 1495 1494 1493
f 1497 1498 1496
f 1497 1496 1495
f 1499 1500 1498
f 1499 1498 1497
f 1488 1487 1500
f 1488 1500 1499
f 1486 1501 1502
f 1486 1502 1487
f 1490 1503 1501
f 1490 1501 1486
f 1492 1504 1503
f 1492 1503 1490
f 1494 1505 1504
f 1494 1504 1492
f 1496 1506 1505
f 1496 1505 1494
f 1498 1507 1506
f 1498 1506 1496
f 1500 1508 1507
f 1500 1507 1498
f 1487 1502 1508
f 1487 1508 1500
f 1501 1509 1510
f 1501 1510 1502
f 1503 1511 1509
f 1503 1509 1501
f 1504 1512 1511
f 1504 1511 1503
f 1505 1513 1512
f 1505 1512 1504
f 1506 1514 1513
f 1506 1513 1505
f 1507 1515 1514
f 1507 1514 1506
f 1508 1516 1515
f 1508 1515 1507
f 1502 1510 1516
f 1502 1516 1508
f 1509 1517 1518
f 1509 1518 1510
f 1511 1519 1517
f 1511 1517 1509
f 1512 1520 1519
f 1512 1519 1511
f 1513 1521 1520
f 1513 1520 1512
f 1514 1522 1521
f 1514 1521 1513
f 1515 1523 1522
f 1515 1522 1514
f 1516 1524 1523
f 1516 1523 1515
f 1510 1518 1524
f 1510 1524 1516
f 1519 1520 1521
f 1519 1521 1522
f 1519 1522 1523
f 1519 1523 1524
f 1519 1524 1518
f 1519 1518 1517
f 1488 1499 1497
f 1488 1497 1495
f 1488 1495 1493
f 1488 1493 1491
f 1488 1491 1489
f 1488 1489 1485
f 1525 1526 1527
f 1525 1527 1528
f 1529 1530 1526
f 1529 1526 1525
f 1531 1532 1530
f 1531 1530 1529
f 1533 1534 1532
f 1533 1532 1531
f 1535 1536 1534
f 1535 1534 1533
f 1537 1538 1536
f 1537 1536 1535
f 1539 1540 1538
f 1539 1538 1537
f 1528 1527 1540
f 1528 1540 1539
f 1526 1541 1542
f 1526 1542 1527
f 1530 1543 1541
f 1530 1541 1526
f 1532 1544 1543
f 1532 1543 1530
f 1534 1545 1544
f 1534 1544 1532
f 1536 1546 1545
f 1536 1545 1534
f 1538 1547 1546
f 1538 1546 1536
f 1540 1548 1547
f 1540 1547 1538
f 1527 1542 1548
f 1527 1548 1540
f 1541 1549 1550
f 1541 1550 1542
f 1543 1551 1549
f 1543 1549 1541
f 1544 1552 1551
f 1544 1551 1543
f 1545 1553 1552
f 1545 1552 1544
f 1546 1554 1553
f 1546 1553 1545
f 1547 1555 1554
f 1547 1554 1546
f 1548 1556 1555
f 1548 1555 1547
f 1542 1550 1556
f 1542 1556 1548
f 1549 1557 1558
f 1549 1558 1550
f 1551 1559 1557
f 1551 1557 1549
f 1552 1560 1559
f 1552 1559 1551
f 1553 1561 1560
f 1553 1560 1552
f 1554 1562 1561
f 1554 1561 1553
f 1555 1563 1562
f 1555 1562 1554
f 1556 1564 1563
f 1556 1563 1555
f 1550 1558 1564
f 1550 1564 1556
f 1559 1560 1561
f 1559 1561 1562
f 1559 1562 1563
f 1559 1563 1564
f 1559 1564 1558
f 1559 1558 1557
f 1528 1539 1537
f 1528 1537 1535
f 1528 1535 1533
f 1528 1533 1531
f 1528 1531 1529
f 1528 1529 1525
# Vertices: 80, normals: 0, texture coordinates: 0, faces: 152

o obj11
v -0.4091 9.24820042 -0.0008
v -0.4091 9.3032999 0.20469999
v -0.4091 9.65909958 -0.0008
v 0.41260001 9.24820042 -0.0008
v 0.41260001 9.3032999 0.20469999
v -0.4091 9.45370007 0.35510001
v 0.41260001 9.45370007 0.35510001
v -0.4091 9.65909958 0.41010001
v 0.41260001 9.65909958 0.41010001
v -0.4091 9.86450005 0.35510001
v 0.41260001 9.86450005 0.35510001
v -0.4091 10.01490021 0.20469999
v 0.41260001 10.01490021 0.20469999
v -0.4091 10.06989956 -0.0008
v 0.41260001 10.06989956 -0.0008
v -0.4091 10.01490021 -0.2062
v 0.41260001 10.01490021 -0.2062
v -0.4091 9.86450005 -0.35659999
v 0.41260001 9.86450005 -0.35659999
v -0.4091 9.65909958 -0.41159999
v 0.41260001 9.65909958 -0.41159999
v -0.4091 9.45370007 -0.35659999
v 0.41260001 9.45370007 -0.35659999
v -0.4091 9.3032999 -0.2062
v 0.41260001 9.3032999 -0.2062
v 0.41260001 9.32339954 -0.1945
v 0.41260001 9.27149963 -0.0008
v 0.41260001 9.32339954 0.193
v 0.41260001 9.46529961 0.33489999
v 0.41260001 9.65909958 0.38679999
v 0.41260001 9.85289955 0.33489999
v 0.41260001 9.99470043 0.193
v 0.41260001 10.04669952 -0.0008
v 0.41260001 9.99470043 -0.1945
v 0.41260001 9.85289955 -0.3364
v 0.41260001 9.65909958 -0.3883
v 0.41260001 9.46529961 -0.3364
v 0.97839999 9.66100025 -0.1304
v 0.97839999 9.62619972 -0.0008
v 0.97839999 9.66100025 0.12890001
v 0.97839999 9.75590038 0.2238
v 0.97839999 9.88549995 0.25850001
v 0.97839999 10.01509953 0.2238
v 0.97839999 10.10999966 0.12890001
v 0.97839999 10.14470005 -0.0008
v 0.97839999 10.10999966 -0.1304
v 0.97839999 10.01509953 -0.2253
v 0.97839999 9.88549995 -0.25999999
v 0.97839999 9.75590038 -0.2253
usemtl mat7
f 1565 1566 1567
f 1568 1569 1566
f 1568 1566 1565
f 1566 1570 1567
f 1569 1571 1570
f 1569 1570 1566
f 1570 1572 1567
f 1571 1573 1572
f 1571 1572 1570
f 1572 1574 1567
f 1573 1575 1574
f 1573 1574 1572
f 1574 1576 1567
f 1575 1577 1576
f 1575 1576 1574
f 1576 1578 1567
f 1577 1579 1578
f 1577 1578 1576
f 1578 1580 1567
f 1579 1581 1580
f 1579 1580 1578
f 1580 1582 1567
f 1581 1583 1582
f 1581 1582 1580
f 1582 1584 1567
f 1583 1585 1584
f 1583 1584 1582
f 1584 1586 1567
f 1585 1587 1586
f 1585 1586 1584
f 1586 1588 1567
f 1587 1589 1588
f 1587 1588 1586
f 1588 1565 1567
f 1589 1568 1565
f 1589 1565 1588
f 1590 1591 1568
f 1590 1568 1589
f 1591 1592 1569
f 1591 1569 1568
f 1592 1593 1571
f 1592 1571 1569
f 1593 1594 1573
f 1593 1573 1571
f 1594 1595 1575
f 1594 1575 1573
f 1595 1596 1577
f 1595 1577 1575
f 1596 1597 1579
f 1596 1579 1577
f 1597 1598 1581
f 1597 1581 1579
f 1598 1599 1583
f 1598 1583 1581
f 1599 1600 1585
f 1599 1585 1583
f 1600 1601 1587
f 1600 1587 1585
f 1601 1590 1589
f 1601 1589 1587
f 1602 1603 1603
f 1602 1603 1602
f 1603 1604 1604
f 1603 1604 1603
f 1604 1605 1605
f 1604 1605 1604
f 1605 1606 1606
f 1605 1606 1605
f 1606 1607 1607
f 1606 1607 1606
f 1607 1608 1608
f 1607 1608 1607
f 1608 1609 1609
f 1608 1609 1608
f 1609 1610 1610
f 1609 1610 1609
f 1610 1611 1611
f 1610 1611 1610
f 1611 1612 1612
f 1611 1612 1611
f 1612 1613 1613
f 1612 1613 1612
f 1613 1602 1602
f 1613 1602 1613
# Vertices: 49, normals: 0, texture coordinates: 0, faces: 84

o obj12
v 2.68440008 9.88549995 -0.0008
v 2.68440008 9.71930027 0.0952
v 2.68440008 9.6935997 -0.0008
v 2.68440008 9.78950024 0.1654
v 2.68440008 9.88549995 0.1911
v 2.68440008 9.98139954 0.1654
v 2.68440008 10.05160046 0.0952
v 2.68440008 10.07740021 -0.0008
v 2.68440008 10.05160046 -0.0967
v 2.68440008 9.98139954 -0.16689999
v 2.68440008 9.88549995 -0.1926
v 2.68440008 9.78950024 -0.16689999
v 2.68440008 9.71930027 -0.0967
v 2.60649991 9.64949989 -0.13699999
v 2.60649991 9.61299992 -0.0008
v 2.43630004 9.61299992 -0.0008
v 2.43630004 9.64949989 -0.13699999
v 2.60649991 9.64949989 0.1355
v 2.43630004 9.64949989 0.1355
v 2.60649991 9.74919987 0.2352
v 2.43630004 9.74919987 0.2352
v 2.60649991 9.88549995 0.27169999
v 2.43630004 9.88549995 0.27169999
v 2.60649991 10.02169991 0.2352
v 2.43630004 10.02169991 0.2352
v 2.60649991 10.12150002 0.1355
v 2.43630004 10.12150002 0.1355
v 2.60649991 10.15799999 -0.0008
v 2.43630004 10.15799999 -0.0008
v 2.60649991 10.12150002 -0.13699999
v 2.43630004 10.12150002 -0.13699999
v 2.60649991 10.02169991 -0.2367
v 2.43630004 10.02169991 -0.2367
v 2.60649991 9.88549995 -0.27329999
v 2.43630004 9.88549995 -0.27329999
v 2.60649991 9.74919987 -0.2367
v 2.43630004 9.74919987 -0.2367
v 1.16100001 9.99499989 0.296
v 2.43630004 9.99499989 0.296
v 2.43630004 10.02910042 0.28369999
v 1.16100001 10.02910042 0.28369999
v 2.43630004 10.06000042 0.2658
v 1.16100001 10.06000042 0.2658
v 2.43630004 10.08769989 0.24250001
v 1.16100001 10.08769989 0.24250001
v 1.16100001 10.12870026 0.2015
v 2.43630004 10.12870026 0.2015
v 2.43630004 10.15209961 0.17380001
v 1.16100001 10.15209961 0.17380001
v 2.43630004 10.16989994 0.1429
v 1.16100001 10.16989994 0.1429
v 2.43630004 10.18220043 0.1088
v 1.16100001 10.18220043 0.1088
v 1.16100001 10.19719982 0.0528
v 2.43630004 10.19719982 0.0528
v 2.43630004 10.20359993 0.0171
v 1.16100001 10.20359993 0.0171
v 2.43630004 10.20359993 -0.0186
v 1.16100001 10.20359993 -0.0186
v 2.43630004 10.19719982 -0.0543
v 1.16100001 10.19719982 -0.0543
v 1.16100001 10.18220043 -0.1103
v 2.43630004 10.18220043 -0.1103
v 2.43630004 10.16989994 -0.1444
v 1.16100001 10.16989994 -0.1444
v 2.43630004 10.15209961 -0.1753
v 1.16100001 10.15209961 -0.1753
v 2.43630004 10.12870026 -0.20299999
v 1.16100001 10.12870026 -0.20299999
v 1.16100001 10.08769989 -0.244
v 2.43630004 10.08769989 -0.244
v 2.43630004 10.06000042 -0.26730001
v 1.16100001 10.06000042 -0.26730001
v 2.43630004 10.02910042 -0.2852
v 1.16100001 10.02910042 -0.2852
v 2.43630004 9.99499989 -0.29750001
v 1.16100001 9.99499989 -0.29750001
v 1.16100001 9.93900013 -0.3125
v 2.43630004 9.93900013 -0.3125
v 2.43630004 9.90330029 -0.31889999
v 1.16100001 9.90330029 -0.31889999
v 2.43630004 9.86760044 -0.31889999
v 1.16100001 9.86760044 -0.31889999
v 2.43630004 9.83199978 -0.3125
v 1.16100001 9.83199978 -0.3125
v 1.16100001 9.77600002 -0.29750001
v 2.43630004 9.77600002 -0.29750001
v 2.43630004 9.74190044 -0.2852
v 1.16100001 9.74190044 -0.2852
v 2.43630004 9.71100044 -0.26730001
v 1.16100001 9.71100044 -0.26730001
v 2.43630004 9.68319988 -0.244
v 1.16100001 9.68319988 -0.244
v 2.43630004 9.58870029 -0.1103
v 1.16100001 9.58870029 -0.1103
v 1.16100001 9.60099983 -0.1444
v 2.43630004 9.60099983 -0.1444
v 1.16100001 9.6189003 -0.1753
v 2.43630004 9.6189003 -0.1753
v 1.16100001 9.64220047 -0.20299999
v 2.43630004 9.64220047 -0.20299999
v 1.16100001 9.57369995 -0.0543
v 2.43630004 9.57369995 -0.0543
v 2.43630004 9.56729984 -0.0186
v 1.16100001 9.56729984 -0.0186
v 2.43630004 9.56729984 0.0171
v 1.16100001 9.56729984 0.0171
v 2.43630004 9.57369995 0.0528
v 1.16100001 9.57369995 0.0528
v 1.16100001 9.58870029 0.1088
v 2.43630004 9.58870029 0.1088
v 2.43630004 9.60099983 0.1429
v 1.16100001 9.60099983 0.1429
v 2.43630004 9.6189003 0.17380001
v 1.16100001 9.6189003 0.17380001
v 2.43630004 9.64220047 0.2015
v 1.16100001 9.64220047 0.2015
v 1.16100001 9.68319988 0.24250001
v 2.43630004 9.68319988 0.24250001
v 2.43630004 9.71100044 0.2658
v 1.16100001 9.71100044 0.2658
v 2.43630004 9.74190044 0.28369999
v 1.16100001 9.74190044 0.28369999
v 2.43630004 9.77600002 0.296
v 1.16100001 9.77600002 0.296
v 1.16100001 9.83199978 0.31099999
v 2.43630004 9.83199978 0.31099999
v 2.43630004 9.86760044 0.31740001
v 1.16100001 9.86760044 0.31740001
v 2.43630004 9.90330029 0.31740001
v 1.16100001 9.90330029 0.31740001
v 2.43630004 9.93900013 0.31099999
v 1.16100001 9.93900013 0.31099999
v 2.43630004 10.02079964 0.23370001
v 1.16100001 10.02079964 0.23370001
v 2.43630004 10.11989975 0.1346
v 1.16100001 10.11989975 0.1346
v 2.43630004 10.15620041 -0.0008
v 1.16100001 10.15620041 -0.0008
v 2.43630004 10.11989975 -0.13609999
v 1.16100001 10.11989975 -0.13609999
v 2.43630004 10.02079964 -0.2352
v 1.16100001 10.02079964 -0.2352
v 2.43630004 9.88549995 -0.2714
v 1.16100001 9.88549995 -0.2714
v 2.43630004 9.75010014 -0.2352
v 1.16100001 9.75010014 -0.2352
v 2.43630004 9.65110016 -0.13609999
v 1.16100001 9.65110016 -0.13609999
v 2.43630004 9.61480045 -0.0008
v 1.16100001 9.61480045 -0.0008
v 2.43630004 9.65110016 0.1346
v 1.16100001 9.65110016 0.1346
v 2.43630004 9.75010014 0.23370001
v 1.16100001 9.75010014 0.23370001
v 2.43630004 9.88549995 0.26989999
v 1.16100001 9.88549995 0.26989999
v 1.16100001 10.01509953 0.2238
v 1.16100001 9.88549995 0.25850001
v 1.16100001 10.10999966 0.12890001
v 1.16100001 10.14470005 -0.0008
v 1.16100001 10.10999966 -0.1304
v 1.16100001 10.01509953 -0.2253
v 1.16100001 9.88549995 -0.25999999
v 1.16100001 9.75590038 -0.2253
v 1.16100001 9.66100025 -0.1304
v 1.16100001 9.62619972 -0.0008
v 1.16100001 9.66100025 0.12890001
v 1.16100001 9.75590038 0.2238
v 2.67569995 10.00380039 0.2042
v 2.67569995 9.88549995 0.2359
v 2.64980006 10.01729965 0.22750001
v 2.64980006 9.88549995 0.26280001
v 2.67569995 10.09039974 0.1176
v 2.64980006 10.11369991 0.131
v 2.67569995 10.12209988 -0.0008
v 2.64980006 10.14900017 -0.0008
v 2.67569995 10.09039974 -0.1191
v 2.64980006 10.11369991 -0.13249999
v 2.67569995 10.00380039 -0.2057
v 2.64980006 10.01729965 -0.229
v 2.67569995 9.88549995 -0.2374
v 2.64980006 9.88549995 -0.26429999
v 2.67569995 9.76710033 -0.2057
v 2.64980006 9.75370026 -0.229
v 2.67569995 9.68050003 -0.1191
v 2.64980006 9.65719986 -0.13249999
v 2.67569995 9.6487999 -0.0008
v 2.64980006 9.6218996 -0.0008
v 2.67569995 9.68050003 0.1176
v 2.64980006 9.65719986 0.131
v 2.67569995 9.76710033 0.2042
v 2.64980006 9.75370026 0.22750001
v 0.97839999 9.66100025 -0.1304
v 0.97839999 9.62619972 -0.0008
v 0.52770001 9.44589996 -0.0008
v 0.52770001 9.48060036 -0.1304
v 0.97839999 9.66100025 0.12890001
v 0.52770001 9.48060036 0.12890001
v 0.97839999 9.75590038 0.2238
v 0.52770001 9.57549953 0.2238
v 0.97839999 9.88549995 0.25850001
v 0.52770001 9.70510006 0.25850001
v 0.97839999 10.01509953 0.2238
v 0.52770001 9.83479977 0.2238
v 0.97839999 10.10999966 0.12890001
v 0.52770001 9.92959976 0.12890001
v 0.97839999 10.14470005 -0.0008
v 0.52770001 9.96440029 -0.0008
v 0.97839999 10.10999966 -0.1304
v 0.52770001 9.92959976 -0.1304
v 0.97839999 10.01509953 -0.2253
v 0.52770001 9.83479977 -0.2253
v 0.97839999 9.88549995 -0.25999999
v 0.52770001 9.70510006 -0.25999999
v 0.97839999 9.75590038 -0.2253
v 0.52770001 9.57549953 -0.2253
v 0.41260001 9.65909958 0.38679999
v 0.41260001 9.46529961 0.33489999
v 0.41980001 9.49619961 0.2863
v 0.41980001 9.6619997 0.33070001
v 0.44139999 9.52490044 0.25150001
v 0.44139999 9.67059994 0.2906
v 0.47729999 9.55140018 0.2307
v 0.47729999 9.68500042 0.2665
v 0.41260001 9.32339954 0.193
v 0.41980001 9.37489986 0.16500001
v 0.44139999 9.41829967 0.14489999
v 0.47729999 9.45349979 0.1329
v 0.41260001 9.27149963 -0.0008
v 0.41980001 9.33049965 -0.0008
v 0.44139999 9.37930012 -0.0008
v 0.47729999 9.41769981 -0.0008
v 0.41260001 9.32339954 -0.1945
v 0.41980001 9.37489986 -0.1665
v 0.44139999 9.41829967 -0.1464
v 0.47729999 9.45349979 -0.1344
v 0.41260001 9.46529961 -0.3364
v 0.41980001 9.49619961 -0.28780001
v 0.44139999 9.52490044 -0.25310001
v 0.47729999 9.55140018 -0.2322
v 0.41260001 9.65909958 -0.3883
v 0.41980001 9.6619997 -0.33219999
v 0.44139999 9.67059994 -0.29210001
v 0.47729999 9.68500042 -0.26800001
v 0.41260001 9.85289955 -0.3364
v 0.41980001 9.82769966 -0.28780001
v 0.44139999 9.81630039 -0.25310001
v 0.47729999 9.8185997 -0.2322
v 0.41260001 9.99470043 -0.1945
v 0.41980001 9.94900036 -0.1665
v 0.44139999 9.9229002 -0.1464
v 0.47729999 9.91639996 -0.1344
v 0.41260001 10.04669952 -0.0008
v 0.41980001 9.99339962 -0.0008
v 0.44139999 9.96189976 -0.0008
v 0.47729999 9.95219994 -0.0008
v 0.41260001 9.99470043 0.193
v 0.41980001 9.94900036 0.16500001
v 0.44139999 9.9229002 0.14489999
v 0.47729999 9.91639996 0.1329
v 0.41260001 9.85289955 0.33489999
v 0.41980001 9.82769966 0.2863
v 0.44139999 9.81630039 0.25150001
v 0.47729999 9.8185997 0.2307
usemtl mat7
f 1614 1615 1616
f 1614 1617 1615
f 1614 1618 1617
f 1614 1619 1618
f 1614 1620 1619
f 1614 1621 1620
f 1614 1622 1621
f 1614 1623 1622
f 1614 1624 1623
f 1614 1625 1624
f 1614 1626 1625
f 1614 1616 1626
f 1627 1628 1629
f 1627 1629 1630
f 1628 1631 1632
f 1628 1632 1629
f 1631 1633 1634
f 1631 1634 1632
f 1633 1635 1636
f 1633 1636 1634
f 1635 1637 1638
f 1635 1638 1636
f 1637 1639 1640
f 1637 1640 1638
f 1639 1641 1642
f 1639 1642 1640
f 1641 1643 1644
f 1641 1644 1642
f 1643 1645 1646
f 1643 1646 1644
f 1645 1647 1648
f 1645 1648 1646
f 1647 1649 1650
f 1647 1650 1648
f 1649 1627 1630
f 1649 1630 1650
f 1651 1652 1653
f 1651 1653 1654
f 1654 1653 1655
f 1654 1655 1656
f 1656 1655 1657
f 1656 1657 1658
f 1659 1660 1661
f 1659 1661 1662
f 1662 1661 1663
f 1662 1663 1664
f 1664 1663 1665
f 1664 1665 1666
f 1667 1668 1669
f 1667 1669 1670
f 1670 1669 1671
f 1670 1671 1672
f 1672 1671 1673
f 1672 1673 1674
f 1675 1676 1677
f 1675 1677 1678
f 1678 1677 1679
f 1678 1679 1680
f 1680 1679 1681
f 1680 1681 1682
f 1683 1684 1685
f 1683 1685 1686
f 1686 1685 1687
f 1686 1687 1688
f 1688 1687 1689
f 1688 1689 1690
f 1691 1692 1693
f 1691 1693 1694
f 1694 1693 1695
f 1694 1695 1696
f 1696 1695 1697
f 1696 1697 1698
f 1699 1700 1701
f 1699 1701 1702
f 1702 1701 1703
f 1702 1703 1704
f 1704 1703 1705
f 1704 1705 1706
f 1707 1708 1709
f 1707 1709 1710
f 1710 1709 1711
f 1710 1711 1712
f 1712 1711 1713
f 1712 1713 1714
f 1715 1716 1717
f 1715 1717 1718
f 1718 1717 1719
f 1718 1719 1720
f 1720 1719 1721
f 1720 1721 1722
f 1723 1724 1725
f 1723 1725 1726
f 1726 1725 1727
f 1726 1727 1728
f 1728 1727 1729
f 1728 1729 1730
f 1731 1732 1733
f 1731 1733 1734
f 1734 1733 1735
f 1734 1735 1736
f 1736 1735 1737
f 1736 1737 1738
f 1739 1740 1741
f 1739 1741 1742
f 1742 1741 1743
f 1742 1743 1744
f 1744 1743 1745
f 1744 1745 1746
f 1747 1657 1655
f 1747 1655 1653
f 1747 1653 1652
f 1748 1651 1654
f 1748 1654 1656
f 1748 1656 1658
f 1749 1665 1663
f 1749 1663 1661
f 1749 1661 1660
f 1750 1659 1662
f 1750 1662 1664
f 1750 1664 1666
f 1751 1673 1671
f 1751 1671 1669
f 1751 1669 1668
f 1752 1667 1670
f 1752 1670 1672
f 1752 1672 1674
f 1753 1681 1679
f 1753 1679 1677
f 1753 1677 1676
f 1754 1675 1678
f 1754 1678 1680
f 1754 1680 1682
f 1755 1689 1687
f 1755 1687 1685
f 1755 1685 1684
f 1756 1683 1686
f 1756 1686 1688
f 1756 1688 1690
f 1757 1697 1695
f 1757 1695 1693
f 1757 1693 1692
f 1758 1691 1694
f 1758 1694 1696
f 1758 1696 1698
f 1759 1705 1703
f 1759 1703 1701
f 1759 1701 1700
f 1760 1699 1702
f 1760 1702 1704
f 1760 1704 1706
f 1761 1707 1710
f 1761 1710 1712
f 1761 1712 1714
f 1762 1713 1711
f 1762 1711 1709
f 1762 1709 1708
f 1763 1721 1719
f 1763 1719 1717
f 1763 1717 1716
f 1764 1715 1718
f 1764 1718 1720
f 1764 1720 1722
f 1765 1729 1727
f 1765 1727 1725
f 1765 1725 1724
f 1766 1723 1726
f 1766 1726 1728
f 1766 1728 1730
f 1767 1737 1735
f 1767 1735 1733
f 1767 1733 1732
f 1768 1731 1734
f 1768 1734 1736
f 1768 1736 1738
f 1769 1745 1743
f 1769 1743 1741
f 1769 1741 1740
f 1770 1739 1742
f 1770 1742 1744
f 1770 1744 1746
f 1657 1660 1659
f 1657 1659 1658
f 1638 1640 1749
f 1638 1749 1660
f 1638 1660 1657
f 1638 1657 1747
f 1636 1638 1747
f 1636 1747 1652
f 1636 1652 1745
f 1636 1745 1769
f 1745 1652 1651
f 1745 1651 1746
f 1770 1746 1651
f 1770 1651 1748
f 1770 1748 1771
f 1770 1771 1772
f 1748 1658 1659
f 1748 1659 1750
f 1748 1750 1773
f 1748 1773 1771
f 1665 1668 1667
f 1665 1667 1666
f 1640 1642 1751
f 1640 1751 1668
f 1640 1668 1665
f 1640 1665 1749
f 1750 1666 1667
f 1750 1667 1752
f 1750 1752 1774
f 1750 1774 1773
f 1673 1676 1675
f 1673 1675 1674
f 1642 1644 1753
f 1642 1753 1676
f 1642 1676 1673
f 1642 1673 1751
f 1752 1674 1675
f 1752 1675 1754
f 1752 1754 1775
f 1752 1775 1774
f 1681 1684 1683
f 1681 1683 1682
f 1644 1646 1755
f 1644 1755 1684
f 1644 1684 1681
f 1644 1681 1753
f 1754 1682 1683
f 1754 1683 1756
f 1754 1756 1776
f 1754 1776 1775
f 1689 1692 1691
f 1689 1691 1690
f 1646 1648 1757
f 1646 1757 1692
f 1646 1692 1689
f 1646 1689 1755
f 1756 1690 1691
f 1756 1691 1758
f 1756 1758 1777
f 1756 1777 1776
f 1697 1700 1699
f 1697 1699 1698
f 1648 1650 1759
f 1648 1759 1700
f 1648 1700 1697
f 1648 1697 1757
f 1758 1698 1699
f 1758 1699 1760
f 1758 1760 1778
f 1758 1778 1777
f 1705 1714 1713
f 1705 1713 1706
f 1650 1630 1761
f 1650 1761 1714
f 1650 1714 1705
f 1650 1705 1759
f 1760 1706 1713
f 1760 1713 1762
f 1760 1762 1779
f 1760 1779 1778
f 1707 1716 1715
f 1707 1715 1708
f 1630 1629 1763
f 1630 1763 1716
f 1630 1716 1707
f 1630 1707 1761
f 1762 1708 1715
f 1762 1715 1764
f 1762 1764 1780
f 1762 1780 1779
f 1721 1724 1723
f 1721 1723 1722
f 1629 1632 1765
f 1629 1765 1724
f 1629 1724 1721
f 1629 1721 1763
f 1764 1722 1723
f 1764 1723 1766
f 1764 1766 1781
f 1764 1781 1780
f 1729 1732 1731
f 1729 1731 1730
f 1632 1634 1767
f 1632 1767 1732
f 1632 1732 1729
f 1632 1729 1765
f 1766 1730 1731
f 1766 1731 1768
f 1766 1768 1782
f 1766 1782 1781
f 1737 1740 1739
f 1737 1739 1738
f 1634 1636 1769
f 1634 1769 1740
f 1634 1740 1737
f 1634 1737 1767
f 1768 1738 1739
f 1768 1739 1770
f 1768 1770 1772
f 1768 1772 1782
f 1618 1619 1783
f 1618 1783 1784
f 1784 1783 1785
f 1784 1785 1786
f 1786 1785 1637
f 1786 1637 1635
f 1619 1620 1787
f 1619 1787 1783
f 1783 1787 1788
f 1783 1788 1785
f 1785 1788 1639
f 1785 1639 1637
f 1620 1621 1789
f 1620 1789 1787
f 1787 1789 1790
f 1787 1790 1788
f 1788 1790 1641
f 1788 1641 1639
f 1621 1622 1791
f 1621 1791 1789
f 1789 1791 1792
f 1789 1792 1790
f 1790 1792 1643
f 1790 1643 1641
f 1622 1623 1793
f 1622 1793 1791
f 1791 1793 1794
f 1791 1794 1792
f 1792 1794 1645
f 1792 1645 1643
f 1623 1624 1795
f 1623 1795 1793
f 1793 1795 1796
f 1793 1796 1794
f 1794 1796 1647
f 1794 1647 1645
f 1624 1625 1797
f 1624 1797 1795
f 1795 1797 1798
f 1795 1798 1796
f 1796 1798 1649
f 1796 1649 1647
f 1625 1626 1799
f 1625 1799 1797
f 1797 1799 1800
f 1797 1800 1798
f 1798 1800 1627
f 1798 1627 1649
f 1626 1616 1801
f 1626 1801 1799
f 1799 1801 1802
f 1799 1802 1800
f 1800 1802 1628
f 1800 1628 1627
f 1616 1615 1803
f 1616 1803 1801
f 1801 1803 1804
f 1801 1804 1802
f 1802 1804 1631
f 1802 1631 1628
f 1615 1617 1805
f 1615 1805 1803
f 1803 1805 1806
f 1803 1806 1804
f 1804 1806 1633
f 1804 1633 1631
f 1617 1618 1784
f 1617 1784 1805
f 1805 1784 1786
f 1805 1786 1806
f 1806 1786 1635
f 1806 1635 1633
f 1807 1808 1809
f 1807 1809 1810
f 1808 1811 1812
f 1808 1812 1809
f 1811 1813 1814
f 1811 1814 1812
f 1813 1815 1816
f 1813 1816 1814
f 1815 1817 1818
f 1815 1818 1816
f 1817 1819 1820
f 1817 1820 1818
f 1819 1821 1822
f 1819 1822 1820
f 1821 1823 1824
f 1821 1824 1822
f 1823 1825 1826
f 1823 1826 1824
f 1825 1827 1828
f 1825 1828 1826
f 1827 1829 1830
f 1827 1830 1828
f 1829 1807 1810
f 1829 1810 1830
f 1779 1780 1808
f 1779 1808 1807
f 1780 1781 1811
f 1780 1811 1808
f 1781 1782 1813
f 1781 1813 1811
f 1782 1772 1815
f 1782 1815 1813
f 1772 1771 1817
f 1772 1817 1815
f 1771 1773 1819
f 1771 1819 1817
f 1773 1774 1821
f 1773 1821 1819
f 1774 1775 1823
f 1774 1823 1821
f 1775 1776 1825
f 1775 1825 1823
f 1776 1777 1827
f 1776 1827 1825
f 1777 1778 1829
f 1777 1829 1827
f 1778 1779 1807
f 1778 1807 1829
f 1831 1832 1833
f 1831 1833 1834
f 1834 1833 1835
f 1834 1835 1836
f 1836 1835 1837
f 1836 1837 1838
f 1838 1837 1814
f 1838 1814 1816
f 1832 1839 1840
f 1832 1840 1833
f 1833 1840 1841
f 1833 1841 1835
f 1835 1841 1842
f 1835 1842 1837
f 1837 1842 1812
f 1837 1812 1814
f 1839 1843 1844
f 1839 1844 1840
f 1840 1844 1845
f 1840 1845 1841
f 1841 1845 1846
f 1841 1846 1842
f 1842 1846 1809
f 1842 1809 1812
f 1843 1847 1848
f 1843 1848 1844
f 1844 1848 1849
f 1844 1849 1845
f 1845 1849 1850
f 1845 1850 1846
f 1846 1850 1810
f 1846 1810 1809
f 1847 1851 1852
f 1847 1852 1848
f 1848 1852 1853
f 1848 1853 1849
f 1849 1853 1854
f 1849 1854 1850
f 1850 1854 1830
f 1850 1830 1810
f 1851 1855 1856
f 1851 1856 1852
f 1852 1856 1857
f 1852 1857 1853
f 1853 1857 1858
f 1853 1858 1854
f 1854 1858 1828
f 1854 1828 1830
f 1855 1859 1860
f 1855 1860 1856
f 1856 1860 1861
f 1856 1861 1857
f 1857 1861 1862
f 1857 1862 1858
f 1858 1862 1826
f 1858 1826 1828
f 1859 1863 1864
f 1859 1864 1860
f 1860 1864 1865
f 1860 1865 1861
f 1861 1865 1866
f 1861 1866 1862
f 1862 1866 1824
f 1862 1824 1826
f 1863 1867 1868
f 1863 1868 1864
f 1864 1868 1869
f 1864 1869 1865
f 1865 1869 1870
f 1865 1870 1866
f 1866 1870 1822
f 1866 1822 1824
f 1867 1871 1872
f 1867 1872 1868
f 1868 1872 1873
f 1868 1873 1869
f 1869 1873 1874
f 1869 1874 1870
f 1870 1874 1820
f 1870 1820 1822
f 1871 1875 1876
f 1871 1876 1872
f 1872 1876 1877
f 1872 1877 1873
f 1873 1877 1878
f 1873 1878 1874
f 1874 1878 1818
f 1874 1818 1820
f 1875 1831 1834
f 1875 1834 1876
f 1876 1834 1836
f 1876 1836 1877
f 1877 1836 1838
f 1877 1838 1878
f 1878 1838 1816
f 1878 1816 1818
# Vertices: 265, normals: 0, texture coordinates: 0, faces: 516

o obj13
v -2.68440008 9.6935997 -0.0008
v -2.68440008 9.71930027 0.0952
v -2.68440008 9.88549995 -0.0008
v -2.68440008 9.78950024 0.1654
v -2.68440008 9.88549995 0.1911
v -2.68440008 9.98139954 0.1654
v -2.68440008 10.05160046 0.0952
v -2.68440008 10.07740021 -0.0008
v -2.68440008 10.05160046 -0.0967
v -2.68440008 9.98139954 -0.16689999
v -2.68440008 9.88549995 -0.1926
v -2.68440008 9.78950024 -0.16689999
v -2.68440008 9.71930027 -0.0967
v -2.43630004 9.64949989 -0.13699999
v -2.43630004 9.61299992 -0.0008
v -2.60649991 9.61299992 -0.0008
v -2.60649991 9.64949989 -0.13699999
v -2.43630004 9.64949989 0.1355
v -2.60649991 9.64949989 0.1355
v -2.43630004 9.74919987 0.2352
v -2.60649991 9.74919987 0.2352
v -2.43630004 9.88549995 0.27169999
v -2.60649991 9.88549995 0.27169999
v -2.43630004 10.02169991 0.2352
v -2.60649991 10.02169991 0.2352
v -2.43630004 10.12150002 0.1355
v -2.60649991 10.12150002 0.1355
v -2.43630004 10.15799999 -0.0008
v -2.60649991 10.15799999 -0.0008
v -2.43630004 10.12150002 -0.13699999
v -2.60649991 10.12150002 -0.13699999
v -2.43630004 10.02169991 -0.2367
v -2.60649991 10.02169991 -0.2367
v -2.43630004 9.88549995 -0.27329999
v -2.60649991 9.88549995 -0.27329999
v -2.43630004 9.74919987 -0.2367
v -2.60649991 9.74919987 -0.2367
v -1.16100001 10.02910042 0.28369999
v -2.43630004 10.02910042 0.28369999
v -2.43630004 9.99499989 0.296
v -1.16100001 9.99499989 0.296
v -1.16100001 10.06000042 0.2658
v -2.43630004 10.06000042 0.2658
v -1.16100001 10.08769989 0.24250001
v -2.43630004 10.08769989 0.24250001
v -1.16100001 10.15209961 0.17380001
v -2.43630004 10.15209961 0.17380001
v -2.43630004 10.12870026 0.2015
v -1.16100001 10.12870026 0.2015
v -1.16100001 10.16989994 0.1429
v -2.43630004 10.16989994 0.1429
v -1.16100001 10.18220043 0.1088
v -2.43630004 10.18220043 0.1088
v -1.16100001 10.20359993 0.0171
v -2.43630004 10.20359993 0.0171
v -2.43630004 10.19719982 0.0528
v -1.16100001 10.19719982 0.0528
v -1.16100001 10.20359993 -0.0186
v -2.43630004 10.20359993 -0.0186
v -1.16100001 10.19719982 -0.0543
v -2.43630004 10.19719982 -0.0543
v -1.16100001 10.16989994 -0.1444
v -2.43630004 10.16989994 -0.1444
v -2.43630004 10.18220043 -0.1103
v -1.16100001 10.18220043 -0.1103
v -1.16100001 10.15209961 -0.1753
v -2.43630004 10.15209961 -0.1753
v -1.16100001 10.12870026 -0.20299999
v -2.43630004 10.12870026 -0.20299999
v -1.16100001 10.06000042 -0.26730001
v -2.43630004 10.06000042 -0.26730001
v -2.43630004 10.08769989 -0.244
v -1.16100001 10.08769989 -0.244
v -1.16100001 10.02910042 -0.2852
v -2.43630004 10.02910042 -0.2852
v -1.16100001 9.99499989 -0.29750001
v -2.43630004 9.99499989 -0.29750001
v -1.16100001 9.90330029 -0.31889999
v -2.43630004 9.90330029 -0.31889999
v -2.43630004 9.93900013 -0.3125
v -1.16100001 9.93900013 -0.3125
v -1.16100001 9.86760044 -0.31889999
v -2.43630004 9.86760044 -0.31889999
v -1.16100001 9.83199978 -0.3125
v -2.43630004 9.83199978 -0.3125
v -1.16100001 9.74190044 -0.2852
v -2.43630004 9.74190044 -0.2852
v -2.43630004 9.77600002 -0.29750001
v -1.16100001 9.77600002 -0.29750001
v -1.16100001 9.71100044 -0.26730001
v -2.43630004 9.71100044 -0.26730001
v -1.16100001 9.68319988 -0.244
v -2.43630004 9.68319988 -0.244
v -2.43630004 9.60099983 -0.1444
v -1.16100001 9.60099983 -0.1444
v -1.16100001 9.58870029 -0.1103
v -2.43630004 9.58870029 -0.1103
v -2.43630004 9.6189003 -0.1753
v -1.16100001 9.6189003 -0.1753
v -2.43630004 9.64220047 -0.20299999
v -1.16100001 9.64220047 -0.20299999
v -1.16100001 9.56729984 -0.0186
v -2.43630004 9.56729984 -0.0186
v -2.43630004 9.57369995 -0.0543
v -1.16100001 9.57369995 -0.0543
v -1.16100001 9.56729984 0.0171
v -2.43630004 9.56729984 0.0171
v -1.16100001 9.57369995 0.0528
v -2.43630004 9.57369995 0.0528
v -1.16100001 9.60099983 0.1429
v -2.43630004 9.60099983 0.1429
v -2.43630004 9.58870029 0.1088
v -1.16100001 9.58870029 0.1088
v -1.16100001 9.6189003 0.17380001
v -2.43630004 9.6189003 0.17380001
v -1.16100001 9.64220047 0.2015
v -2.43630004 9.64220047 0.2015
v -1.16100001 9.71100044 0.2658
v -2.43630004 9.71100044 0.2658
v -2.43630004 9.68319988 0.24250001
v -1.16100001 9.68319988 0.24250001
v -1.16100001 9.74190044 0.28369999
v -2.43630004 9.74190044 0.28369999
v -1.16100001 9.77600002 0.296
v -2.43630004 9.77600002 0.296
v -1.16100001 9.86760044 0.31740001
v -2.43630004 9.86760044 0.31740001
v -2.43630004 9.83199978 0.31099999
v -1.16100001 9.83199978 0.31099999
v -1.16100001 9.90330029 0.31740001
v -2.43630004 9.90330029 0.31740001
v -1.16100001 9.93900013 0.31099999
v -2.43630004 9.93900013 0.31099999
v -2.43630004 10.02079964 0.23370001
v -1.16100001 10.02079964 0.23370001
v -2.43630004 10.11989975 0.1346
v -1.16100001 10.11989975 0.1346
v -2.43630004 10.15620041 -0.0008
v -1.16100001 10.15620041 -0.0008
v -2.43630004 10.11989975 -0.13609999
v -1.16100001 10.11989975 -0.13609999
v -2.43630004 10.02079964 -0.2352
v -1.16100001 10.02079964 -0.2352
v -2.43630004 9.88549995 -0.2714
v -1.16100001 9.88549995 -0.2714
v -2.43630004 9.75010014 -0.2352
v -1.16100001 9.75010014 -0.2352
v -2.43630004 9.65110016 -0.13609999
v -1.16100001 9.65110016 -0.13609999
v -2.43630004 9.61480045 -0.0008
v -1.16100001 9.61480045 -0.0008
v -2.43630004 9.65110016 0.1346
v -1.16100001 9.65110016 0.1346
v -2.43630004 9.75010014 0.23370001
v -1.16100001 9.75010014 0.23370001
v -2.43630004 9.88549995 0.26989999
v -1.16100001 9.88549995 0.26989999
v -1.16100001 9.88549995 0.25850001
v -1.16100001 10.01509953 0.2238
v -1.16100001 10.10999966 0.12890001
v -1.16100001 10.14470005 -0.0008
v -1.16100001 10.10999966 -0.1304
v -1.16100001 10.01509953 -0.2253
v -1.16100001 9.88549995 -0.25999999
v -1.16100001 9.75590038 -0.2253
v -1.16100001 9.66100025 -0.1304
v -1.16100001 9.62619972 -0.0008
v -1.16100001 9.66100025 0.12890001
v -1.16100001 9.75590038 0.2238
v -2.67569995 9.88549995 0.2359
v -2.67569995 10.00380039 0.2042
v -2.64980006 9.88549995 0.26280001
v -2.64980006 10.01729965 0.22750001
v -2.67569995 10.09039974 0.1176
v -2.64980006 10.11369991 0.131
v -2.67569995 10.12209988 -0.0008
v -2.64980006 10.14900017 -0.0008
v -2.67569995 10.09039974 -0.1191
v -2.64980006 10.11369991 -0.13249999
v -2.67569995 10.00380039 -0.2057
v -2.64980006 10.01729965 -0.229
v -2.67569995 9.88549995 -0.2374
v -2.64980006 9.88549995 -0.26429999
v -2.67569995 9.76710033 -0.2057
v -2.64980006 9.75370026 -0.229
v -2.67569995 9.68050003 -0.1191
v -2.64980006 9.65719986 -0.13249999
v -2.67569995 9.6487999 -0.0008
v -2.64980006 9.6218996 -0.0008
v -2.67569995 9.68050003 0.1176
v -2.64980006 9.65719986 0.131
v -2.67569995 9.76710033 0.2042
v -2.64980006 9.75370026 0.22750001
v -0.52770001 9.48060036 -0.1304
v -0.52770001 9.44589996 -0.0008
v -0.97839999 9.62619972 -0.0008
v -0.97839999 9.66100025 -0.1304
v -0.52770001 9.48060036 0.12890001
v -0.97839999 9.66100025 0.12890001
v -0.52770001 9.57549953 0.2238
v -0.97839999 9.75590038 0.2238
v -0.52770001 9.70510006 0.25850001
v -0.97839999 9.88549995 0.25850001
v -0.52770001 9.83479977 0.2238
v -0.97839999 10.01509953 0.2238
v -0.52770001 9.92959976 0.12890001
v -0.97839999 10.10999966 0.12890001
v -0.52770001 9.96440029 -0.0008
v -0.97839999 10.14470005 -0.0008
v -0.52770001 9.92959976 -0.1304
v -0.97839999 10.10999966 -0.1304
v -0.52770001 9.83479977 -0.2253
v -0.97839999 10.01509953 -0.2253
v -0.52770001 9.70510006 -0.25999999
v -0.97839999 9.88549995 -0.25999999
v -0.52770001 9.57549953 -0.2253
v -0.97839999 9.75590038 -0.2253
v -0.41980001 9.6619997 0.33070001
v -0.41980001 9.49619961 0.2863
v -0.41260001 9.46529961 0.33489999
v -0.41260001 9.65909958 0.38679999
v -0.44139999 9.67059994 0.2906
v -0.44139999 9.52490044 0.25150001
v -0.47729999 9.68500042 0.2665
v -0.47729999 9.55140018 0.2307
v -0.41980001 9.37489986 0.16500001
v -0.41260001 9.32339954 0.193
v -0.44139999 9.41829967 0.14489999
v -0.47729999 9.45349979 0.1329
v -0.41980001 9.33049965 -0.0008
v -0.41260001 9.27149963 -0.0008
v -0.44139999 9.37930012 -0.0008
v -0.47729999 9.41769981 -0.0008
v -0.41980001 9.37489986 -0.1665
v -0.41260001 9.32339954 -0.1945
v -0.44139999 9.41829967 -0.1464
v -0.47729999 9.45349979 -0.1344
v -0.41980001 9.49619961 -0.28780001
v -0.41260001 9.46529961 -0.3364
v -0.44139999 9.52490044 -0.25310001
v -0.47729999 9.55140018 -0.2322
v -0.41980001 9.6619997 -0.33219999
v -0.41260001 9.65909958 -0.3883
v -0.44139999 9.67059994 -0.29210001
v -0.47729999 9.68500042 -0.26800001
v -0.41980001 9.82769966 -0.28780001
v -0.41260001 9.85289955 -0.3364
v -0.44139999 9.81630039 -0.25310001
v -0.47729999 9.8185997 -0.2322
v -0.41980001 9.94900036 -0.1665
v -0.41260001 9.99470043 -0.1945
v -0.44139999 9.9229002 -0.1464
v -0.47729999 9.91639996 -0.1344
v -0.41980001 9.99339962 -0.0008
v -0.41260001 10.04669952 -0.0008
v -0.44139999 9.96189976 -0.0008
v -0.47729999 9.95219994 -0.0008
v -0.41980001 9.94900036 0.16500001
v -0.41260001 9.99470043 0.193
v -0.44139999 9.9229002 0.14489999
v -0.47729999 9.91639996 0.1329
v -0.41980001 9.82769966 0.2863
v -0.41260001 9.85289955 0.33489999
v -0.44139999 9.81630039 0.25150001
v -0.47729999 9.8185997 0.2307
usemtl mat7
f 1879 1880 1881
f 1880 1882 1881
f 1882 1883 1881
f 1883 1884 1881
f 1884 1885 1881
f 1885 1886 1881
f 1886 1887 1881
f 1887 1888 1881
f 1888 1889 1881
f 1889 1890 1881
f 1890 1891 1881
f 1891 1879 1881
f 1892 1893 1894
f 1892 1894 1895
f 1893 1896 1897
f 1893 1897 1894
f 1896 1898 1899
f 1896 1899 1897
f 1898 1900 1901
f 1898 1901 1899
f 1900 1902 1903
f 1900 1903 1901
f 1902 1904 1905
f 1902 1905 1903
f 1904 1906 1907
f 1904 1907 1905
f 1906 1908 1909
f 1906 1909 1907
f 1908 1910 1911
f 1908 1911 1909
f 1910 1912 1913
f 1910 1913 1911
f 1912 1914 1915
f 1912 1915 1913
f 1914 1892 1895
f 1914 1895 1915
f 1916 1917 1918
f 1916 1918 1919
f 1920 1921 1917
f 1920 1917 1916
f 1922 1923 1921
f 1922 1921 1920
f 1924 1925 1926
f 1924 1926 1927
f 1928 1929 1925
f 1928 1925 1924
f 1930 1931 1929
f 1930 1929 1928
f 1932 1933 1934
f 1932 1934 1935
f 1936 1937 1933
f 1936 1933 1932
f 1938 1939 1937
f 1938 1937 1936
f 1940 1941 1942
f 1940 1942 1943
f 1944 1945 1941
f 1944 1941 1940
f 1946 1947 1945
f 1946 1945 1944
f 1948 1949 1950
f 1948 1950 1951
f 1952 1953 1949
f 1952 1949 1948
f 1954 1955 1953
f 1954 1953 1952
f 1956 1957 1958
f 1956 1958 1959
f 1960 1961 1957
f 1960 1957 1956
f 1962 1963 1961
f 1962 1961 1960
f 1964 1965 1966
f 1964 1966 1967
f 1968 1969 1965
f 1968 1965 1964
f 1970 1971 1969
f 1970 1969 1968
f 1972 1973 1974
f 1972 1974 1975
f 1976 1977 1973
f 1976 1973 1972
f 1978 1979 1977
f 1978 1977 1976
f 1980 1981 1982
f 1980 1982 1983
f 1984 1985 1981
f 1984 1981 1980
f 1986 1987 1985
f 1986 1985 1984
f 1988 1989 1990
f 1988 1990 1991
f 1992 1993 1989
f 1992 1989 1988
f 1994 1995 1993
f 1994 1993 1992
f 1996 1997 1998
f 1996 1998 1999
f 2000 2001 1997
f 2000 1997 1996
f 2002 2003 2001
f 2002 2001 2000
f 2004 2005 2006
f 2004 2006 2007
f 2008 2009 2005
f 2008 2005 2004
f 2010 2011 2009
f 2010 2009 2008
f 1918 1917 1921
f 1918 1921 1923
f 1918 1923 2012
f 1922 1920 1916
f 1922 1916 1919
f 1922 1919 2013
f 1926 1925 1929
f 1926 1929 1931
f 1926 1931 2014
f 1930 1928 1924
f 1930 1924 1927
f 1930 1927 2015
f 1934 1933 1937
f 1934 1937 1939
f 1934 1939 2016
f 1938 1936 1932
f 1938 1932 1935
f 1938 1935 2017
f 1942 1941 1945
f 1942 1945 1947
f 1942 1947 2018
f 1946 1944 1940
f 1946 1940 1943
f 1946 1943 2019
f 1950 1949 1953
f 1950 1953 1955
f 1950 1955 2020
f 1954 1952 1948
f 1954 1948 1951
f 1954 1951 2021
f 1958 1957 1961
f 1958 1961 1963
f 1958 1963 2022
f 1962 1960 1956
f 1962 1956 1959
f 1962 1959 2023
f 1966 1965 1969
f 1966 1969 1971
f 1966 1971 2024
f 1970 1968 1964
f 1970 1964 1967
f 1970 1967 2025
f 1978 1976 1972
f 1978 1972 1975
f 1978 1975 2026
f 1974 1973 1977
f 1974 1977 1979
f 1974 1979 2027
f 1982 1981 1985
f 1982 1985 1987
f 1982 1987 2028
f 1986 1984 1980
f 1986 1980 1983
f 1986 1983 2029
f 1990 1989 1993
f 1990 1993 1995
f 1990 1995 2030
f 1994 1992 1988
f 1994 1988 1991
f 1994 1991 2031
f 1998 1997 2001
f 1998 2001 2003
f 1998 2003 2032
f 2002 2000 1996
f 2002 1996 1999
f 2002 1999 2033
f 2006 2005 2009
f 2006 2009 2011
f 2006 2011 2034
f 2010 2008 2004
f 2010 2004 2007
f 2010 2007 2035
f 1922 1927 1926
f 1922 1926 1923
f 2012 1923 1926
f 2012 1926 2014
f 2012 2014 1904
f 2012 1904 1902
f 2034 2011 1918
f 2034 1918 2012
f 2034 2012 1902
f 2034 1902 1900
f 2010 1919 1918
f 2010 1918 2011
f 2036 2037 2013
f 2036 2013 1919
f 2036 1919 2010
f 2036 2010 2035
f 2037 2038 2015
f 2037 2015 1927
f 2037 1927 1922
f 2037 1922 2013
f 1930 1935 1934
f 1930 1934 1931
f 2014 1931 1934
f 2014 1934 2016
f 2014 2016 1906
f 2014 1906 1904
f 2038 2039 2017
f 2038 2017 1935
f 2038 1935 1930
f 2038 1930 2015
f 1938 1943 1942
f 1938 1942 1939
f 2016 1939 1942
f 2016 1942 2018
f 2016 2018 1908
f 2016 1908 1906
f 2039 2040 2019
f 2039 2019 1943
f 2039 1943 1938
f 2039 1938 2017
f 1946 1951 1950
f 1946 1950 1947
f 2018 1947 1950
f 2018 1950 2020
f 2018 2020 1910
f 2018 1910 1908
f 2040 2041 2021
f 2040 2021 1951
f 2040 1951 1946
f 2040 1946 2019
f 1954 1959 1958
f 1954 1958 1955
f 2020 1955 1958
f 2020 1958 2022
f 2020 2022 1912
f 2020 1912 1910
f 2041 2042 2023
f 2041 2023 1959
f 2041 1959 1954
f 2041 1954 2021
f 1962 1967 1966
f 1962 1966 1963
f 2022 1963 1966
f 2022 1966 2024
f 2022 2024 1914
f 2022 1914 1912
f 2042 2043 2025
f 2042 2025 1967
f 2042 1967 1962
f 2042 1962 2023
f 1970 1979 1978
f 1970 1978 1971
f 2024 1971 1978
f 2024 1978 2026
f 2024 2026 1892
f 2024 1892 1914
f 2043 2044 2027
f 2043 2027 1979
f 2043 1979 1970
f 2043 1970 2025
f 1974 1983 1982
f 1974 1982 1975
f 2026 1975 1982
f 2026 1982 2028
f 2026 2028 1893
f 2026 1893 1892
f 2044 2045 2029
f 2044 2029 1983
f 2044 1983 1974
f 2044 1974 2027
f 1986 1991 1990
f 1986 1990 1987
f 2028 1987 1990
f 2028 1990 2030
f 2028 2030 1896
f 2028 1896 1893
f 2045 2046 2031
f 2045 2031 1991
f 2045 1991 1986
f 2045 1986 2029
f 1994 1999 1998
f 1994 1998 1995
f 2030 1995 1998
f 2030 1998 2032
f 2030 2032 1898
f 2030 1898 1896
f 2046 2047 2033
f 2046 2033 1999
f 2046 1999 1994
f 2046 1994 2031
f 2002 2007 2006
f 2002 2006 2003
f 2032 2003 2006
f 2032 2006 2034
f 2032 2034 1900
f 2032 1900 1898
f 2047 2036 2035
f 2047 2035 2007
f 2047 2007 2002
f 2047 2002 2033
f 2048 2049 1884
f 2048 1884 1883
f 2050 2051 2049
f 2050 2049 2048
f 1901 1903 2051
f 1901 2051 2050
f 2049 2052 1885
f 2049 1885 1884
f 2051 2053 2052
f 2051 2052 2049
f 1903 1905 2053
f 1903 2053 2051
f 2052 2054 1886
f 2052 1886 1885
f 2053 2055 2054
f 2053 2054 2052
f 1905 1907 2055
f 1905 2055 2053
f 2054 2056 1887
f 2054 1887 1886
f 2055 2057 2056
f 2055 2056 2054
f 1907 1909 2057
f 1907 2057 2055
f 2056 2058 1888
f 2056 1888 1887
f 2057 2059 2058
f 2057 2058 2056
f 1909 1911 2059
f 1909 2059 2057
f 2058 2060 1889
f 2058 1889 1888
f 2059 2061 2060
f 2059 2060 2058
f 1911 1913 2061
f 1911 2061 2059
f 2060 2062 1890
f 2060 1890 1889
f 2061 2063 2062
f 2061 2062 2060
f 1913 1915 2063
f 1913 2063 2061
f 2062 2064 1891
f 2062 1891 1890
f 2063 2065 2064
f 2063 2064 2062
f 1915 1895 2065
f 1915 2065 2063
f 2064 2066 1879
f 2064 1879 1891
f 2065 2067 2066
f 2065 2066 2064
f 1895 1894 2067
f 1895 2067 2065
f 2066 2068 1880
f 2066 1880 1879
f 2067 2069 2068
f 2067 2068 2066
f 1894 1897 2069
f 1894 2069 2067
f 2068 2070 1882
f 2068 1882 1880
f 2069 2071 2070
f 2069 2070 2068
f 1897 1899 2071
f 1897 2071 2069
f 2070 2048 1883
f 2070 1883 1882
f 2071 2050 2048
f 2071 2048 2070
f 1899 1901 2050
f 1899 2050 2071
f 2072 2073 2074
f 2072 2074 2075
f 2073 2076 2077
f 2073 2077 2074
f 2076 2078 2079
f 2076 2079 2077
f 2078 2080 2081
f 2078 2081 2079
f 2080 2082 2083
f 2080 2083 2081
f 2082 2084 2085
f 2082 2085 2083
f 2084 2086 2087
f 2084 2087 2085
f 2086 2088 2089
f 2086 2089 2087
f 2088 2090 2091
f 2088 2091 2089
f 2090 2092 2093
f 2090 2093 2091
f 2092 2094 2095
f 2092 2095 2093
f 2094 2072 2075
f 2094 2075 2095
f 2075 2074 2045
f 2075 2045 2044
f 2074 2077 2046
f 2074 2046 2045
f 2077 2079 2047
f 2077 2047 2046
f 2079 2081 2036
f 2079 2036 2047
f 2081 2083 2037
f 2081 2037 2036
f 2083 2085 2038
f 2083 2038 2037
f 2085 2087 2039
f 2085 2039 2038
f 2087 2089 2040
f 2087 2040 2039
f 2089 2091 2041
f 2089 2041 2040
f 2091 2093 2042
f 2091 2042 2041
f 2093 2095 2043
f 2093 2043 2042
f 2095 2075 2044
f 2095 2044 2043
f 2096 2097 2098
f 2096 2098 2099
f 2100 2101 2097
f 2100 2097 2096
f 2102 2103 2101
f 2102 2101 2100
f 2080 2078 2103
f 2080 2103 2102
f 2097 2104 2105
f 2097 2105 2098
f 2101 2106 2104
f 2101 2104 2097
f 2103 2107 2106
f 2103 2106 2101
f 2078 2076 2107
f 2078 2107 2103
f 2104 2108 2109
f 2104 2109 2105
f 2106 2110 2108
f 2106 2108 2104
f 2107 2111 2110
f 2107 2110 2106
f 2076 2073 2111
f 2076 2111 2107
f 2108 2112 2113
f 2108 2113 2109
f 2110 2114 2112
f 2110 2112 2108
f 2111 2115 2114
f 2111 2114 2110
f 2073 2072 2115
f 2073 2115 2111
f 2112 2116 2117
f 2112 2117 2113
f 2114 2118 2116
f 2114 2116 2112
f 2115 2119 2118
f 2115 2118 2114
f 2072 2094 2119
f 2072 2119 2115
f 2116 2120 2121
f 2116 2121 2117
f 2118 2122 2120
f 2118 2120 2116
f 2119 2123 2122
f 2119 2122 2118
f 2094 2092 2123
f 2094 2123 2119
f 2120 2124 2125
f 2120 2125 2121
f 2122 2126 2124
f 2122 2124 2120
f 2123 2127 2126
f 2123 2126 2122
f 2092 2090 2127
f 2092 2127 2123
f 2124 2128 2129
f 2124 2129 2125
f 2126 2130 2128
f 2126 2128 2124
f 2127 2131 2130
f 2127 2130 2126
f 2090 2088 2131
f 2090 2131 2127
f 2128 2132 2133
f 2128 2133 2129
f 2130 2134 2132
f 2130 2132 2128
f 2131 2135 2134
f 2131 2134 2130
f 2088 2086 2135
f 2088 2135 2131
f 2132 2136 2137
f 2132 2137 2133
f 2134 2138 2136
f 2134 2136 2132
f 2135 2139 2138
f 2135 2138 2134
f 2086 2084 2139
f 2086 2139 2135
f 2136 2140 2141
f 2136 2141 2137
f 2138 2142 2140
f 2138 2140 2136
f 2139 2143 2142
f 2139 2142 2138
f 2084 2082 2143
f 2084 2143 2139
f 2140 2096 2099
f 2140 2099 2141
f 2142 2100 2096
f 2142 2096 2140
f 2143 2102 2100
f 2143 2100 2142
f 2082 2080 2102
f 2082 2102 2143
# Vertices: 265, normals: 0, texture coordinates: 0, faces: 516

